source,external_id,name,name_lang,name_en,synonyms,serving_amount,serving_unit,carbs_g,protein_g,fats_g,kcal,dataset_version
ciqual,1000,Pastis,fr,Pastis (anise-flavoured spirit),eaux et autres boissons beverages,100,g,2.86,0,0,274,ciqual-2025-11-03
ciqual,10000,"Bigorneau, cuit",fr,"Winkle, cooked","Littorina littorea viandes, oeufs, poissons meat, egg and fish",100,g,3.01,16.3,3.5,109,ciqual-2025-11-03
ciqual,10001,"Calmar ou calamar ou encornet, cru",fr,"Squid, raw","Loligo vulgaris viandes, oeufs, poissons meat, egg and fish",100,g,2.17,14.4,1.19,77,ciqual-2025-11-03
ciqual,10002,"Calmar ou calamar ou encornet, à la romaine (beignet), préemballé",fr,"Squid fritter, Roman-style, prepacked","Loligo vulgaris viandes, oeufs, poissons meat, egg and fish",100,g,26.7,8.69,9.5,229,ciqual-2025-11-03
ciqual,10003,"Coquille Saint-Jacques, noix et corail, crue",fr,"Scallop, with coral, raw","(Genus and species unknown or multiple) viandes, oeufs, poissons meat, egg and fish",100,g,0.78,17,1.31,83,ciqual-2025-11-03
ciqual,10004,"Coquille Saint-Jacques, noix et corail, cuite",fr,"Scallop, with coral, cooked","(Genus and species unknown or multiple) viandes, oeufs, poissons meat, egg and fish",100,g,3.22,20.2,1.77,110,ciqual-2025-11-03
ciqual,10005,"Crabe, miettes et ou pattes décortiquées, appertisé, égoutté",fr,"Flaked crab and/or decorticated crab leg, canned, drained","(Genus and species unknown or multiple) viandes, oeufs, poissons meat, egg and fish",100,g,4.16,18.1,0.96,97.8,ciqual-2025-11-03
ciqual,10006,"Crevette grise, cuite",fr,"Grey shrimp, boiled","Crangon crangon viandes, oeufs, poissons meat, egg and fish",100,g,0.47,19.4,1.1,89.4,ciqual-2025-11-03
ciqual,10007,"Crevette, cuite",fr,"Shrimp or prawn, boiled","(Genus and species unknown or multiple) viandes, oeufs, poissons meat, egg and fish",100,g,0.2,20.5,0.79,91.3,ciqual-2025-11-03
ciqual,10008,"Escargot, cru",fr,"Snail, raw","Helix spp. viandes, oeufs, poissons meat, egg and fish",100,g,1.29,16.1,0.92,77.9,ciqual-2025-11-03
ciqual,10009,"Homard, bouilli/cuit à l'eau",fr,"Lobster, boiled/cooked in water","Homarus gammarus or Homarus americanus viandes, oeufs, poissons meat, egg and fish",100,g,0.11,19.6,1.32,90.9,ciqual-2025-11-03
ciqual,1001,Eau de vie de fruits,fr,Fruit brandy or eau-de-vie,eaux et autres boissons beverages,100,g,0.63,0,0,233,ciqual-2025-11-03
ciqual,10010,"Homard, cru",fr,"Lobster, raw","Homarus gammarus or Homarus americanus viandes, oeufs, poissons meat, egg and fish",100,g,0.94,17.9,1.15,85.5,ciqual-2025-11-03
ciqual,10011,"Huître, sans précision, crue",fr,"Oyster, raw","Crassostrea spp. viandes, oeufs, poissons meat, egg and fish",100,g,3.86,8.64,1.91,67.2,ciqual-2025-11-03
ciqual,10012,"Langoustine, panée, frite",fr,"Norway lobster or scampi, breaded, fried","Nephros norvegicus (Linnaeus, 1758) viandes, oeufs, poissons meat, egg and fish",100,g,29,10.9,13.6,282,ciqual-2025-11-03
ciqual,10013,"Moule, bouillie/cuite à l'eau",fr,"Mussel, boiled/cooked in water","Mytilus spp. viandes, oeufs, poissons meat, egg and fish",100,g,5.12,17.2,2.09,108,ciqual-2025-11-03
ciqual,10014,"Moule commune, crue",fr,"Mussel, common, raw","Mytilus edulis viandes, oeufs, poissons meat, egg and fish",100,g,2.69,11.2,1.82,71.8,ciqual-2025-11-03
ciqual,10015,"Langouste, crue",fr,"Spiny lobster, raw","Panulirus spp., Palinurus spp. viandes, oeufs, poissons meat, egg and fish",100,g,1.07,17.7,1.34,86.9,ciqual-2025-11-03
ciqual,10016,"Seiche, crue",fr,"Cuttlefish, raw","Sepia spp. viandes, oeufs, poissons meat, egg and fish",100,g,0.51,16.2,1.05,76.3,ciqual-2025-11-03
ciqual,10017,"Clam, praire ou palourde, cru",fr,"Clam, raw","Ruditapes decussatus or Mercenaria spp. or Venus verrucosa viandes, oeufs, poissons meat, egg and fish",100,g,2.66,11.5,2.65,80.5,ciqual-2025-11-03
ciqual,10018,"Poulpe, cru",fr,"Octopus, common, raw","Octopus vulgaris viandes, oeufs, poissons meat, egg and fish",100,g,0.97,12.9,0.5,60.1,ciqual-2025-11-03
ciqual,10019,"Bulot ou buccin, cru",fr,"Whelk, raw","Buccinum undatum viandes, oeufs, poissons meat, egg and fish",100,g,7.61,23.8,0.57,131,ciqual-2025-11-03
ciqual,1002,Gin,fr,Gin,eaux et autres boissons beverages,100,g,0,0,0,265,ciqual-2025-11-03
ciqual,10020,"Bulot ou buccin, cuit",fr,"Whelk, cooked","Buccinum undatum viandes, oeufs, poissons meat, egg and fish",100,g,2.69,20.7,0.47,97.7,ciqual-2025-11-03
ciqual,10021,"Crevette, crue",fr,"Shrimp or prawn, raw","(Genus and species unknown or multiple) viandes, oeufs, poissons meat, egg and fish",100,g,3.21,19.7,0.84,99,ciqual-2025-11-03
ciqual,10022,"Langouste, bouillie/cuite à l'eau",fr,"Spiny lobster, boiled/cooked in water","Panulirus spp., Palinurus spp. viandes, oeufs, poissons meat, egg and fish",100,g,1.3,21.8,1.52,106,ciqual-2025-11-03
ciqual,10023,Beignet de crevette,fr,Shrimp fritters,"(Genus and species unknown or multiple) viandes, oeufs, poissons meat, egg and fish",100,g,35.5,6.5,10,260,ciqual-2025-11-03
ciqual,10024,"Langoustine, crue",fr,"Norway lobster, raw","Nephros norvegicus (Linnaeus, 1758) viandes, oeufs, poissons meat, egg and fish",100,g,1.53,19.1,0.79,89.8,ciqual-2025-11-03
ciqual,10025,"Crabe ou tourteau, bouilli/cuit à l'eau",fr,"Crab, boiled/cooked in water","Cancer pagurus viandes, oeufs, poissons meat, egg and fish",100,g,1.79,19.5,4.29,124,ciqual-2025-11-03
ciqual,10026,"Moule de Méditerranée, crue",fr,"Mediterranean mussel, raw","Mytilus galloprovincialis viandes, oeufs, poissons meat, egg and fish",100,g,2.77,10.7,1.67,68.7,ciqual-2025-11-03
ciqual,10027,"Clam, praire ou palourde, bouilli/cuit à l'eau",fr,"Clam, boiled/cooked in water","Ruditapes decussatus or Mercenaria spp. Or Venus verrucosa viandes, oeufs, poissons meat, egg and fish",100,g,5.33,16.2,1.48,99.2,ciqual-2025-11-03
ciqual,10028,"Moules, au naturel, appertisées, égouttées",fr,"Mussel, canned in brine, drained","Mytilus spp. viandes, oeufs, poissons meat, egg and fish",100,g,2.6,16.1,2.1,97.6,ciqual-2025-11-03
ciqual,1003,Liqueur,fr,Liqueur,eaux et autres boissons beverages,100,g,25.4,0.1,0.23,225,ciqual-2025-11-03
ciqual,10030,"Écrevisse, crue",fr,"Crayfish, raw","(Genus and species unknown or multiple) viandes, oeufs, poissons meat, egg and fish",100,g,0.81,14.8,0.64,68.3,ciqual-2025-11-03
ciqual,10031,"Écrevisse, cuite",fr,"Crayfish, cooked","(Genus and species unknown or multiple) viandes, oeufs, poissons meat, egg and fish",100,g,0.56,16.3,0.7,73.5,ciqual-2025-11-03
ciqual,10033,"Crevette bouquet, sauvage, cuite",fr,"Prawn, ""bouquet"", wild, boiled","Palaemon serratus viandes, oeufs, poissons meat, egg and fish",100,g,0,22.8,1.27,103,ciqual-2025-11-03
ciqual,10034,"Coque, cuite",fr,"Cockle, cooked","Cerastoderma edule or Cerastoderma glaucum viandes, oeufs, poissons meat, egg and fish",100,g,5.64,13.6,1.1,86.9,ciqual-2025-11-03
ciqual,10035,"Huître creuse, crue",fr,"Pacific oyster, raw","Crassostrea gigas viandes, oeufs, poissons meat, egg and fish",100,g,3.86,8.64,1.91,67.2,ciqual-2025-11-03
ciqual,10036,"Huître plate, crue",fr,"European oyster, raw","Ostrea edulis viandes, oeufs, poissons meat, egg and fish",100,g,1.16,10.2,0.9,53.5,ciqual-2025-11-03
ciqual,10037,"Calmar ou calamar ou encornet, bouilli/cuit à l'eau",fr,"Squid, boiled/cooked in water","Loligo vulgaris viandes, oeufs, poissons meat, egg and fish",100,g,1.64,32.5,1.4,149,ciqual-2025-11-03
ciqual,10038,"Crevette, surgelée, crue",fr,"Shrimp or prawn, frozen, raw","(Genus and species unknown or multiple) viandes, oeufs, poissons meat, egg and fish",100,g,0.74,23.4,0.9,105,ciqual-2025-11-03
ciqual,10039,"Crabe, cru",fr,"Crab, raw","(Genus and species unknown or multiple) viandes, oeufs, poissons meat, egg and fish",100,g,0.027,19.5,2.86,104,ciqual-2025-11-03
ciqual,1004,Rhum,fr,Rum,eaux et autres boissons beverages,100,g,0,0,0,234,ciqual-2025-11-03
ciqual,10041,"Ormeau, cru",fr,"Abalone or ormer or sea ear, raw","Strombus gigas viandes, oeufs, poissons meat, egg and fish",100,g,8.69,14.4,0.83,99.6,ciqual-2025-11-03
ciqual,10042,"Escargot en sauce au beurre persillé, préemballé, cuit",fr,"Snail in parsley butter, prepacked, cooked","Helix spp. viandes, oeufs, poissons meat, egg and fish",100,g,1.75,12.9,23.7,275,ciqual-2025-11-03
ciqual,10043,Fruits de mer (aliment moyen),fr,Crustacean or mollusc (average),"viandes, oeufs, poissons meat, egg and fish",100,g,2.47,19.5,1.66,103,ciqual-2025-11-03
ciqual,10044,"Langoustine, bouillie/cuite à l'eau",fr,"Norway lobster, boiled/cooked in water","Nephros norvegicus (Linnaeus, 1758) viandes, oeufs, poissons meat, egg and fish",100,g,0,20.9,0.98,92.6,ciqual-2025-11-03
ciqual,10045,"Coquille Saint-Jacques, noix, crue",fr,"Scallop, without coral, raw","(Genus and species unknown or multiple) viandes, oeufs, poissons meat, egg and fish",100,g,1.15,17.9,0.84,83.6,ciqual-2025-11-03
ciqual,10048,"Pecten d'Amérique ou peigne du Canada, noix, crue",fr,"American or Canadian sea scallop, without coral, raw","Placopecten magellanicus viandes, oeufs, poissons meat, egg and fish",100,g,1.78,17.3,0.54,81.3,ciqual-2025-11-03
ciqual,10049,"Pétoncle ou peigne du Pérou, noix, crue",fr,"Peru sea scallop, without coral, raw","Argopecten purpuratus viandes, oeufs, poissons meat, egg and fish",100,g,3.1,17.5,0.7,88.7,ciqual-2025-11-03
ciqual,1005,Whisky,fr,Whisky,eaux et autres boissons beverages,100,g,0.096,0,0,252,ciqual-2025-11-03
ciqual,10057,"Araignée de mer, bouillie/cuite à l'eau",fr,"Spinous spider crab, boiled/cooked in water","Maja squinado viandes, oeufs, poissons meat, egg and fish",100,g,0.16,18.3,3.8,108,ciqual-2025-11-03
ciqual,1006,Vin doux,fr,"Wine, sweet",eaux et autres boissons beverages,100,g,9.96,0.2,0,148,ciqual-2025-11-03
ciqual,10061,"Crevette blanche ou crevette tropicale (rose), élevage, cuite",fr,"White shrimp or tropical shrimp (rose), boiled","Penaeus vannamei (Litopenaeus vannamei) viandes, oeufs, poissons meat, egg and fish",100,g,0.14,22.1,0.93,97.5,ciqual-2025-11-03
ciqual,10062,"Crevette tropicale (tigrée), élevage, cuite",fr,"Tropical tiger prawn, boiled","Penaeus monodon viandes, oeufs, poissons meat, egg and fish",100,g,0.75,22.6,0.83,101,ciqual-2025-11-03
ciqual,10064,"Crevette tropicale (rose), cuite (Penaeus brasiliensis)",fr,"Pinkspotted shrimp, boiled","Penaeus brasiliensis viandes, oeufs, poissons meat, egg and fish",100,g,0,26.6,1.18,117,ciqual-2025-11-03
ciqual,1007,Apéritif à base de vin ou vermouth,fr,Wine-based aperitif,eaux et autres boissons beverages,100,g,11.3,0.054,0,137,ciqual-2025-11-03
ciqual,10079,"Poulpe, cuit",fr,"Octopus, common, cooked","Octopus vulgaris viandes, oeufs, poissons meat, egg and fish",100,g,4.4,29.8,2.08,156,ciqual-2025-11-03
ciqual,1008,Vodka,fr,Vodka,eaux et autres boissons beverages,100,g,0,0,0,250,ciqual-2025-11-03
ciqual,10080,"Fruits de mer, mélange ou cocktail, surgelés, cuits",fr,"Seafood, cooked, frozen","(Genus and species unknown or multiple) viandes, oeufs, poissons meat, egg and fish",100,g,2.83,13.5,1.57,79.5,ciqual-2025-11-03
ciqual,10081,"Moules à la sauce catalane ou escabèche (tomate), appertisée, égouttée",fr,"Mussels, in Catalan-style sauce or marinade (tomatoes), canned, drained","Mytilus spp. viandes, oeufs, poissons meat, egg and fish",100,g,4.9,9.6,1.65,75.4,ciqual-2025-11-03
ciqual,10082,"Moules marinières (oignons et vin blanc), préemballées",fr,"Mussels, in a oignon and white wine broth, prepacked",entrées et plats composés starters and dishes,100,g,7.43,10.3,2.24,91.9,ciqual-2025-11-03
ciqual,10083,"Moules farcies (matière grasse, persillade…), préemballées, crues",fr,"Mussels, filled (fat, parsley and garlic…), prepacked, raw",entrées et plats composés starters and dishes,100,g,4.2,9.56,24.8,283,ciqual-2025-11-03
ciqual,10084,"Calmar ou calamar ou encornet, frit ou poêlé avec matière grasse",fr,"Squid, fried or pan-fried, with fat","Loligo vulgaris viandes, oeufs, poissons meat, egg and fish",100,g,8.45,17.9,7.48,173,ciqual-2025-11-03
ciqual,10086,"Crevettes, décortiquées, cuites, réfrigérées, préemballées",fr,"Shrimp or prawn, peeled, boiled, refrigerated, prepacked","(Genus and species unknown or multiple) viandes, oeufs, poissons meat, egg and fish",100,g,2.6,18.3,1.02,92.5,ciqual-2025-11-03
ciqual,10088,"Ecrevisses, décortiquées, cuites, réfrigérées, préemballées",fr,"Crayfish, peeled, cooked, refrigerated, prepacked","(Genus and species unknown or multiple) viandes, oeufs, poissons meat, egg and fish",100,g,0.1,18.6,0.9,82.7,ciqual-2025-11-03
ciqual,10089,"Crevettes grises, décortiquées, cuites, réfrigérées, préemballées",fr,"Grey shrimp, peeled, boiled, refrigerated, prepacked","Crangon crangon viandes, oeufs, poissons meat, egg and fish",100,g,0.083,20.7,1,91.7,ciqual-2025-11-03
ciqual,10099,"Escargot, cuit",fr,"Snail, without added fat, cooked","Helix spp. viandes, oeufs, poissons meat, egg and fish",100,g,1.39,16.6,1.4,84.7,ciqual-2025-11-03
ciqual,1010,"Pastis, prêt à boire (1+ 5)",fr,"Anise spirit, diluted (1+5)",eaux et autres boissons beverages,100,g,0.5,0,0,,ciqual-2025-11-03
ciqual,10100,"Crevette sauvage, cuite",fr,"Shrimp or prawn, wild, boiled","(Genus and species unknown or multiple) viandes, oeufs, poissons meat, egg and fish",100,g,0.04,22,1.01,97.3,ciqual-2025-11-03
ciqual,10101,"Crevette, élevage, cuite (aliment moyen)",fr,"Shrimp or prawn, farmed, boiled (average)","(Genus and species unknown or multiple) viandes, oeufs, poissons meat, egg and fish",100,g,0.64,22.5,0.85,100,ciqual-2025-11-03
ciqual,1011,"Apéritif anisé sans alcool, à diluer",fr,"Pastis, alcohol-free, to be diluted",eaux et autres boissons beverages,100,g,1,0,0,6,ciqual-2025-11-03
ciqual,1012,Cocktail à base de rhum,fr,"Cocktail, rum-based",eaux et autres boissons beverages,100,g,7.74,0,2.19,121,ciqual-2025-11-03
ciqual,1013,Cocktail à base de whisky,fr,"Cocktail, whisky-based",eaux et autres boissons beverages,100,g,15.8,0,0.02,166,ciqual-2025-11-03
ciqual,1014,Alcool pur,fr,Pure alcohol,eaux et autres boissons beverages,100,g,0,0,0,660,ciqual-2025-11-03
ciqual,1015,Marsala,fr,Marsala wine,eaux et autres boissons beverages,100,g,27.9,0.1,0,211,ciqual-2025-11-03
ciqual,1016,Marsala aux oeufs,fr,Marsala with eggs,eaux et autres boissons beverages,100,g,12.4,0,0,153,ciqual-2025-11-03
ciqual,1017,"Sangria, faite maison",fr,Sangria,eaux et autres boissons beverages,100,g,11,0,0.05,88.7,ciqual-2025-11-03
ciqual,1018,"Kir (vin blanc, crème de cassis)",fr,Kir (white wine with blackcurrant liqueur),eaux et autres boissons beverages,100,g,3.3,0.18,0,74.7,ciqual-2025-11-03
ciqual,1019,"Kir royal (champagne, crème de cassis)",fr,Kir royal (champagne with blackcurrant liqueur),eaux et autres boissons beverages,100,g,5.66,0.25,0,87.3,ciqual-2025-11-03
ciqual,1021,Crème de cassis,fr,Blackcurrant liqueur,eaux et autres boissons beverages,100,g,41,0,0,245,ciqual-2025-11-03
ciqual,1023,Eau de vie de vin type armagnac ou cognac,fr,"Brandy, Armagnac or Cognac type",eaux et autres boissons beverages,100,g,0.76,0,0,222,ciqual-2025-11-03
ciqual,1024,Eau de vie type calvados,fr,"Apple brandy, Calvados type",eaux et autres boissons beverages,100,g,0,0,0,,ciqual-2025-11-03
ciqual,1026,Saké ou alcool de riz,fr,Sake or rice wine,eaux et autres boissons beverages,100,g,0,0,0,113,ciqual-2025-11-03
ciqual,1027,"Spécialité végétale type fromage à tartiner, au soja, préemballée",fr,"Plant-based spread-cheese type, with soybean, prepacked",produits laitiers milk and milk products,100,g,1.05,12.8,13.1,174,ciqual-2025-11-03
ciqual,1028,"Spécialité végétale type fromage, à la noix de cajou, préemballée",fr,"Plant-based cheese, with cashew, prepacked",produits laitiers milk and milk products,100,g,15.2,14.5,35.3,441,ciqual-2025-11-03
ciqual,1029,"Spécialité végétale type fromage en tranche ou râpé, sans soja, préemballée",fr,"Plant-based cheese, without soybean, prepacked",produits laitiers milk and milk products,100,g,21.2,0.25,20.1,271,ciqual-2025-11-03
ciqual,1030,"Fines tranches végétales, préemballées",fr,"Plant-based ham, prepacked","viandes, oeufs, poissons meat, egg and fish",100,g,4.13,29.7,11.1,242,ciqual-2025-11-03
ciqual,1031,"Spécialité végétale type pâté, préemballée",fr,"Plant-based pâté, prepacked","viandes, oeufs, poissons meat, egg and fish",100,g,9.45,3.56,15.4,197,ciqual-2025-11-03
ciqual,1032,"Haché à base de boeuf et soja, préemballé",fr,"Burger from beef and soybean, prepacked","viandes, oeufs, poissons meat, egg and fish",100,g,2.48,15,14.6,214,ciqual-2025-11-03
ciqual,1033,"Nuggets ou croquette panée de poulet (contenant du soja), préemballé",fr,"Chicken nuggets (with soybean), breaded croquette, prepacked",entrées et plats composés starters and dishes,100,g,16.7,13.4,10.3,220,ciqual-2025-11-03
ciqual,1034,"Saucisse de volaille type knack (contenant du soja), préemballée",fr,"Poultry sausage (with soybean), prepacked","viandes, oeufs, poissons meat, egg and fish",100,g,2.72,12.1,15.8,208,ciqual-2025-11-03
ciqual,10999,"Cerfeuil, séché",fr,"Chervil, dried",aides culinaires et ingrédients divers miscellaneous,100,g,37.8,23.2,3.9,302,ciqual-2025-11-03
ciqual,11000,"Ail, cru",fr,"Garlic, raw",aides culinaires et ingrédients divers miscellaneous,100,g,18.6,5.31,0,109,ciqual-2025-11-03
ciqual,11001,"Bouillon de boeuf, déshydraté",fr,"Broth or stock, beef, dehydrated",aides culinaires et ingrédients divers miscellaneous,100,g,18,10.2,13.3,232,ciqual-2025-11-03
ciqual,11002,"Cerfeuil, frais",fr,"Chervil, raw",aides culinaires et ingrédients divers miscellaneous,100,g,6.25,3.31,0.55,48.3,ciqual-2025-11-03
ciqual,11003,"Ciboule ou ciboulette, fraîche",fr,"Chive or spring onion, fresh",aides culinaires et ingrédients divers miscellaneous,100,g,2.85,2.55,0.46,30.8,ciqual-2025-11-03
ciqual,11005,"Curry, poudre",fr,"Curry, powder",aides culinaires et ingrédients divers miscellaneous,100,g,2.63,14.5,14,301,ciqual-2025-11-03
ciqual,11006,"Gingembre, poudre",fr,"Ginger, powder",aides culinaires et ingrédients divers miscellaneous,100,g,58.3,8.98,4.24,335,ciqual-2025-11-03
ciqual,11007,"Gélatine, sèche",fr,"Gelatin, dried",aides culinaires et ingrédients divers miscellaneous,100,g,0,86.9,0.1,348,ciqual-2025-11-03
ciqual,11008,"Ketchup, préemballé",fr,"Ketchup, prepacked",aides culinaires et ingrédients divers miscellaneous,100,g,23.7,1.23,0.16,108,ciqual-2025-11-03
ciqual,11009,Levure de bière en paillettes,fr,"Yeast, flakes",aides culinaires et ingrédients divers miscellaneous,100,g,21.8,40.4,4.5,334,ciqual-2025-11-03
ciqual,11010,Levure de boulanger fraîche,fr,"Baker's yeast, fresh",aides culinaires et ingrédients divers miscellaneous,100,g,11.9,8.47,1.9,115,ciqual-2025-11-03
ciqual,11013,Moutarde,fr,Mustard,aides culinaires et ingrédients divers miscellaneous,100,g,4.33,6.92,11.2,151,ciqual-2025-11-03
ciqual,11014,"Persil, frais",fr,"Parsley, fresh",aides culinaires et ingrédients divers miscellaneous,100,g,4.1,2.97,0.63,42.5,ciqual-2025-11-03
ciqual,11015,"Poivre noir, poudre",fr,"Black pepper, powder",aides culinaires et ingrédients divers miscellaneous,100,g,39.9,13.3,7.5,331,ciqual-2025-11-03
ciqual,11016,"Raifort, frais",fr,"Horseradish, raw",aides culinaires et ingrédients divers miscellaneous,100,g,7.79,5.25,0.45,73.2,ciqual-2025-11-03
ciqual,11017,"Sel blanc alimentaire, non iodé, non fluoré (marin, ignigène ou gemme)",fr,"Salt, white (sea, igneous or rock), no fortification",aides culinaires et ingrédients divers miscellaneous,100,g,0,0,0,0,ciqual-2025-11-03
ciqual,11018,Vinaigre,fr,Vinegar,aides culinaires et ingrédients divers miscellaneous,100,g,0.95,0.04,0.1,22.5,ciqual-2025-11-03
ciqual,11019,"Poivre blanc, poudre",fr,"White pepper, powder",aides culinaires et ingrédients divers miscellaneous,100,g,48.3,12.1,2.12,313,ciqual-2025-11-03
ciqual,11021,Moutarde à l'ancienne,fr,"Mustard, with grains",aides culinaires et ingrédients divers miscellaneous,100,g,2.2,6.6,9.9,142,ciqual-2025-11-03
ciqual,11023,"Ail séché, poudre",fr,"Garlic, dried, powder",aides culinaires et ingrédients divers miscellaneous,100,g,63.7,16.6,0.73,346,ciqual-2025-11-03
ciqual,11024,"Persil, séché",fr,"Parsley, dried",aides culinaires et ingrédients divers miscellaneous,100,g,16.8,29,5.34,291,ciqual-2025-11-03
ciqual,11025,"Cannelle, poudre",fr,"Cinnamon, powder",aides culinaires et ingrédients divers miscellaneous,100,g,27.5,3.99,1.24,243,ciqual-2025-11-03
ciqual,11026,"Coriandre, graine",fr,"Coriander, seed",aides culinaires et ingrédients divers miscellaneous,100,g,13,12.4,17.8,345,ciqual-2025-11-03
ciqual,11027,"Menthe, fraîche",fr,"Mint, fresh",aides culinaires et ingrédients divers miscellaneous,100,g,5.3,3.52,0.84,57.6,ciqual-2025-11-03
ciqual,11029,"Menthe, séchée",fr,"Mint, dried",aides culinaires et ingrédients divers miscellaneous,100,g,22.2,19.9,6.03,283,ciqual-2025-11-03
ciqual,11032,"Basilic, séché",fr,"Basil, dried",aides culinaires et ingrédients divers miscellaneous,100,g,10.1,23,4.07,244,ciqual-2025-11-03
ciqual,11033,"Basilic, frais",fr,"Basil, fresh",aides culinaires et ingrédients divers miscellaneous,100,g,3.4,3.15,0.64,35.2,ciqual-2025-11-03
ciqual,11034,"Marjolaine, séchée",fr,"Marjoram, dried",aides culinaires et ingrédients divers miscellaneous,100,g,20.3,12.7,7.04,276,ciqual-2025-11-03
ciqual,11035,"Origan, séché",fr,"Oregano, dried",aides culinaires et ingrédients divers miscellaneous,100,g,26.4,9,4.28,265,ciqual-2025-11-03
ciqual,11036,"Romarin, séché",fr,"Rosemary, dried",aides culinaires et ingrédients divers miscellaneous,100,g,21.5,4.88,15.2,328,ciqual-2025-11-03
ciqual,11037,"Sauge, séchée",fr,"Sage, dried",aides culinaires et ingrédients divers miscellaneous,100,g,20.4,10.6,12.8,320,ciqual-2025-11-03
ciqual,11038,"Thym, séché",fr,"Thyme, dried",aides culinaires et ingrédients divers miscellaneous,100,g,26.9,9.11,7.43,285,ciqual-2025-11-03
ciqual,11039,Safran,fr,Saffron,aides culinaires et ingrédients divers miscellaneous,100,g,61.5,11.4,5.85,352,ciqual-2025-11-03
ciqual,11040,"Câpres, au vinaigre",fr,"Capers, pickled in vinegar",aides culinaires et ingrédients divers miscellaneous,100,g,3.5,2.18,0.86,,ciqual-2025-11-03
ciqual,11041,"Bouillon de légumes, déshydraté",fr,"Broth or stock, vegetables, dehydrated",aides culinaires et ingrédients divers miscellaneous,100,g,26,9.66,16,287,ciqual-2025-11-03
ciqual,11042,"Cumin, graine",fr,"Cumin, seed",aides culinaires et ingrédients divers miscellaneous,100,g,33.7,17.8,22.3,427,ciqual-2025-11-03
ciqual,11043,"Tapenade, préemballée",fr,"Tapenade (puree of capers, black olives, anchovy and herbs)",aides culinaires et ingrédients divers miscellaneous,100,g,3.29,1.93,21.9,229,ciqual-2025-11-03
ciqual,11044,Sel au céleri,fr,"Salt, with celery",aides culinaires et ingrédients divers miscellaneous,100,g,4.14,1.81,2.53,49,ciqual-2025-11-03
ciqual,11045,Levure de boulanger déshydratée,fr,"Baker's yeast, dehydrated",aides culinaires et ingrédients divers miscellaneous,100,g,14.3,42.7,6.56,341,ciqual-2025-11-03
ciqual,11046,Levure chimique ou poudre à lever,fr,Baking powder or raising agent,aides culinaires et ingrédients divers miscellaneous,100,g,26.9,0.1,0,108,ciqual-2025-11-03
ciqual,11048,Noix de muscade,fr,Nutmeg,aides culinaires et ingrédients divers miscellaneous,100,g,27.4,6.89,36.3,506,ciqual-2025-11-03
ciqual,11049,"Paprika, poudre",fr,"Paprika, powder",aides culinaires et ingrédients divers miscellaneous,100,g,18.8,14.1,12.9,318,ciqual-2025-11-03
ciqual,11050,"Estragon, séché",fr,"Tarragon, dried",aides culinaires et ingrédients divers miscellaneous,100,g,42.8,22.8,7.24,342,ciqual-2025-11-03
ciqual,11051,"Sauce tartare, préemballée",fr,"Tartare sauce, prepacked",aides culinaires et ingrédients divers miscellaneous,100,g,5.11,0.92,52.7,500,ciqual-2025-11-03
ciqual,11052,Clou de girofle,fr,Cloves,aides culinaires et ingrédients divers miscellaneous,100,g,31.6,5.97,13,335,ciqual-2025-11-03
ciqual,11053,"Laurier, feuille",fr,"Bay, leaves",aides culinaires et ingrédients divers miscellaneous,100,g,48.6,7.61,8.36,353,ciqual-2025-11-03
ciqual,11054,"Mayonnaise (70% MG min.), préemballée",fr,"Mayonnaise (70% fat min.), prepacked",aides culinaires et ingrédients divers miscellaneous,100,g,3.41,1.33,74.5,692,ciqual-2025-11-03
ciqual,11055,Oignon au vinaigre,fr,"Onion, pickled in vinegar",aides culinaires et ingrédients divers miscellaneous,100,g,2.5,0.6,0.15,,ciqual-2025-11-03
ciqual,11056,"Quatre épices, poudre",fr,"Mix of 4 spices, powder",aides culinaires et ingrédients divers miscellaneous,100,g,50.5,6.09,8.69,348,ciqual-2025-11-03
ciqual,11058,"Sel blanc alimentaire, iodé, non fluoré (marin, ignigène ou gemme)",fr,"Salt, white (sea, igneous or rock), iodine added, no fluride added",aides culinaires et ingrédients divers miscellaneous,100,g,0,0,0,0,ciqual-2025-11-03
ciqual,11060,"Herbes de Provence, séchées",fr,"Herbes de Provence, dried",aides culinaires et ingrédients divers miscellaneous,100,g,23.1,11.5,7.2,283,ciqual-2025-11-03
ciqual,11061,"Pavot, graine",fr,"Poppy, seed",aides culinaires et ingrédients divers miscellaneous,100,g,13.7,21.2,41.6,534,ciqual-2025-11-03
ciqual,11062,"Sarriette, séchée",fr,"Savory, dried",aides culinaires et ingrédients divers miscellaneous,100,g,23,6.73,5.91,264,ciqual-2025-11-03
ciqual,11063,"Aneth, séché",fr,"Dill, dried",aides culinaires et ingrédients divers miscellaneous,100,g,42.2,20,4.36,315,ciqual-2025-11-03
ciqual,11064,"Carvi, graine",fr,"Caraway, seed",aides culinaires et ingrédients divers miscellaneous,100,g,11.9,19.8,14.6,334,ciqual-2025-11-03
ciqual,11065,"Vanille, extrait alcoolique",fr,"Vanilla, alcoholic extract",aides culinaires et ingrédients divers miscellaneous,100,g,2.41,0.05,0,240,ciqual-2025-11-03
ciqual,11066,"Fenouil, graine",fr,"Fennel, seed",aides culinaires et ingrédients divers miscellaneous,100,g,12.5,15.8,14.9,327,ciqual-2025-11-03
ciqual,11068,"Romarin, frais",fr,"Rosemary, fresh",aides culinaires et ingrédients divers miscellaneous,100,g,6.6,3.31,5.86,121,ciqual-2025-11-03
ciqual,11069,"Sauge, fraîche",fr,"Sage, fresh",aides culinaires et ingrédients divers miscellaneous,100,g,0.97,4,0,34.9,ciqual-2025-11-03
ciqual,11070,"Thym, frais",fr,"Thyme, fresh",aides culinaires et ingrédients divers miscellaneous,100,g,10.5,5.56,1.68,107,ciqual-2025-11-03
ciqual,11073,"Ketchup allégé en sucres, préemballé",fr,"Ketchup, reduced sugar, prepacked",aides culinaires et ingrédients divers miscellaneous,100,g,13.8,1.33,0.088,68.6,ciqual-2025-11-03
ciqual,11074,"Gingembre, racine fraîche",fr,"Ginger, raw",aides culinaires et ingrédients divers miscellaneous,100,g,3.4,1.1,1.1,33.3,ciqual-2025-11-03
ciqual,11075,"Cardamome, poudre",fr,"Cardamom, powder",aides culinaires et ingrédients divers miscellaneous,100,g,40.5,10.8,6.7,321,ciqual-2025-11-03
ciqual,11077,"Fenugrec, graine",fr,"Fenugreek, seed",aides culinaires et ingrédients divers miscellaneous,100,g,33.8,27.1,6.41,350,ciqual-2025-11-03
ciqual,11079,"Mayonnaise à teneur réduite en matière grasse ou mayonnaise allégée, préemballée",fr,"Mayonnaise, reduced fat or light mayonnaise, prepacked",aides culinaires et ingrédients divers miscellaneous,100,g,8.82,1.09,28.5,297,ciqual-2025-11-03
ciqual,11080,Herbes aromatiques fraîches (aliment moyen),fr,"Herbs, fresh (average)",aides culinaires et ingrédients divers miscellaneous,100,g,4.69,3.26,0.93,51.2,ciqual-2025-11-03
ciqual,11081,Epice (aliment moyen),fr,Spice (average),aides culinaires et ingrédients divers miscellaneous,100,g,37.8,12.6,7.85,327,ciqual-2025-11-03
ciqual,11082,"Fleur de sel, non iodée, non fluorée",fr,"Salt, pure sea salt, no fortification",aides culinaires et ingrédients divers miscellaneous,100,g,0,0,0,0,ciqual-2025-11-03
ciqual,11083,"Sel marin gris, non iodé, non fluoré",fr,"Salt, sea salt, grey, no fortification",aides culinaires et ingrédients divers miscellaneous,100,g,0,0,0,0,ciqual-2025-11-03
ciqual,11084,"Agar (algue), frais, cru",fr,"Seaweed, agar, raw",Eucheuma sp. aides culinaires et ingrédients divers miscellaneous,100,g,6.25,0.54,0.03,28.4,ciqual-2025-11-03
ciqual,11086,"Spiruline (Spirulina sp.), séchée ou déshydratée",fr,"Spirulina (spirulina sp.), dried or dehydrated",Spirulina sp. aides culinaires et ingrédients divers miscellaneous,100,g,17.7,60.4,6.27,374,ciqual-2025-11-03
ciqual,11088,"Poivre de Cayenne ou piment de Cayenne, poudre",fr,"Cayenne pepper, powder",aides culinaires et ingrédients divers miscellaneous,100,g,29.4,12,17.3,376,ciqual-2025-11-03
ciqual,11089,"Curcuma, poudre",fr,"Turmeric, powder",aides culinaires et ingrédients divers miscellaneous,100,g,44.4,9.68,3.25,291,ciqual-2025-11-03
ciqual,11090,Vinaigre de cidre,fr,"Vinegar, cider",aides culinaires et ingrédients divers miscellaneous,100,g,0.93,0,0,,ciqual-2025-11-03
ciqual,11093,"Aneth, frais",fr,"Dill, fresh",aides culinaires et ingrédients divers miscellaneous,100,g,3.9,3.93,1.1,48.2,ciqual-2025-11-03
ciqual,11094,"Coriandre, fraiche",fr,"Coriander, fresh",aides culinaires et ingrédients divers miscellaneous,100,g,0.87,2.13,0.52,22.3,ciqual-2025-11-03
ciqual,11096,"Sel blanc alimentaire, iodé, fluoré à 25 mg /100 g (marin, ignigène ou gemme)",fr,"Salt, white (sea, igneous or rock), iodine added, fluoride added 25 mg/100 g",aides culinaires et ingrédients divers miscellaneous,100,g,0,0,0,0,ciqual-2025-11-03
ciqual,11097,"Cornichon, aigre-doux",fr,"Gherkin, in sweet and sour sauce",aides culinaires et ingrédients divers miscellaneous,100,g,5,1.25,0.35,36,ciqual-2025-11-03
ciqual,11098,"Vanille, extrait aqueux",fr,"Vanilla, aqueous extract",aides culinaires et ingrédients divers miscellaneous,100,g,14.4,0.03,0,57.7,ciqual-2025-11-03
ciqual,11100,"Sauce barbecue, préemballée",fr,"Barbecue sauce, prepacked",aides culinaires et ingrédients divers miscellaneous,100,g,30.3,0.56,0.6,136,ciqual-2025-11-03
ciqual,11101,"Sauce béchamel, préemballée",fr,"Béchamel sauce, prepacked",aides culinaires et ingrédients divers miscellaneous,100,g,6.2,2.56,7.4,105,ciqual-2025-11-03
ciqual,11102,"Sauce béarnaise, préemballée",fr,"Béarnaise sauce, prepacked",aides culinaires et ingrédients divers miscellaneous,100,g,4.87,0.88,47.7,455,ciqual-2025-11-03
ciqual,11104,"Sauce soja, préemballée",fr,"Soy sauce, prepacked",aides culinaires et ingrédients divers miscellaneous,100,g,1.72,7.25,0,39.9,ciqual-2025-11-03
ciqual,11105,"Sauce hollandaise, préemballée",fr,"Hollandaise sauce, prepacked",aides culinaires et ingrédients divers miscellaneous,100,g,3.2,1.19,19.8,197,ciqual-2025-11-03
ciqual,11107,"Sauce tomate aux oignons, préemballée",fr,"Tomato sauce, with onions, prepacked",aides culinaires et ingrédients divers miscellaneous,100,g,7.69,1.52,4.18,78.8,ciqual-2025-11-03
ciqual,11108,"Sauce vinaigrette à l'huile d'olive (50 à 75% d'huile), préemballée",fr,"Salad dressing, olive oil (50-75% fat), prepacked",aides culinaires et ingrédients divers miscellaneous,100,g,3.03,0.7,50.5,471,ciqual-2025-11-03
ciqual,11109,"Sauce vinaigrette allégée en matière grasse (25 à 50% d'huile), préemballée",fr,"Salad dressing, reduced fat (25-50% of oil), prepacked",aides culinaires et ingrédients divers miscellaneous,100,g,2.39,0.25,26.4,251,ciqual-2025-11-03
ciqual,11110,"Sauce vinaigrette (50 à 75% d'huile), préemballée",fr,"Salad dressing, (50-75% of oil), prepacked",aides culinaires et ingrédients divers miscellaneous,100,g,2.91,0.55,51,475,ciqual-2025-11-03
ciqual,11111,"Sauce armoricaine, préemballée",fr,"Armorican-style sauce, prepacked",aides culinaires et ingrédients divers miscellaneous,100,g,3.95,2.1,6.6,83.6,ciqual-2025-11-03
ciqual,11112,"Harissa (sauce au piment), préemballée",fr,"Harissa (hot spicy sauce), prepacked",aides culinaires et ingrédients divers miscellaneous,100,g,7.3,2.72,2.9,76.4,ciqual-2025-11-03
ciqual,11114,"Sauce tomate à la viande ou sauce bolognaise, préemballée",fr,"Bolognese sauce or tomato sauce with meat, prepacked",aides culinaires et ingrédients divers miscellaneous,100,g,7.27,4.22,4.81,93.8,ciqual-2025-11-03
ciqual,11115,"Sauce au poivre vert, préemballée",fr,"Green pepper sauce, prepacked",aides culinaires et ingrédients divers miscellaneous,100,g,5.3,1.3,6.65,88.9,ciqual-2025-11-03
ciqual,11120,"Sauce bourguignonne, préemballée",fr,"Burgundy-style sauce, prepacked",aides culinaires et ingrédients divers miscellaneous,100,g,7.85,1.34,44.6,439,ciqual-2025-11-03
ciqual,11121,"Sauce madère, préemballée",fr,"Madeira wine sauce, prepacked",aides culinaires et ingrédients divers miscellaneous,100,g,3.6,0.6,2.2,37.6,ciqual-2025-11-03
ciqual,11122,"Sauce à l'échalote à la crème, préemballée",fr,"Cream sauce with shallots, prepacked",aides culinaires et ingrédients divers miscellaneous,100,g,11.9,1.7,5.53,106,ciqual-2025-11-03
ciqual,11128,"Sauce carbonara, préemballée",fr,"Carbonara sauce (cream sauce with lardoons), prepacked",aides culinaires et ingrédients divers miscellaneous,100,g,4.7,5.17,12.8,160,ciqual-2025-11-03
ciqual,11129,"Sauce chasseur, préemballée",fr,"Hunter-style sauce (white wine sauce with mushrooms, shallots and tomatoes), prepacked",aides culinaires et ingrédients divers miscellaneous,100,g,4.66,1.21,1.61,38.8,ciqual-2025-11-03
ciqual,11132,"Sauce au curry, chaude, préemballée",fr,"Curry sauce, warm, prepacked",aides culinaires et ingrédients divers miscellaneous,100,g,10.6,1.02,3.16,77.4,ciqual-2025-11-03
ciqual,11140,"Sauce au beurre blanc, préemballée",fr,"White butter sauce, prepacked",aides culinaires et ingrédients divers miscellaneous,100,g,3.4,1.13,21.4,212,ciqual-2025-11-03
ciqual,11143,"Sauce béchamel au beurre, faite maison",fr,"Béchamel sauce, w butter, homemade",aides culinaires et ingrédients divers miscellaneous,100,g,8.97,3.84,10.6,147,ciqual-2025-11-03
ciqual,11157,"Sauce moutarde, préemballée",fr,"Mustard sauce, prepacked",aides culinaires et ingrédients divers miscellaneous,100,g,4.7,1.66,22.8,233,ciqual-2025-11-03
ciqual,11158,"Sauce au beurre, préemballée",fr,"Butter sauce, prepacked",aides culinaires et ingrédients divers miscellaneous,100,g,5.2,2.2,17.9,192,ciqual-2025-11-03
ciqual,11159,Sauce à la crème,fr,Cream sauce,aides culinaires et ingrédients divers miscellaneous,100,g,5.9,1.08,5.55,78.2,ciqual-2025-11-03
ciqual,11160,"Sauce aux champignons, préemballée",fr,"Mushroom sauce, prepacked",aides culinaires et ingrédients divers miscellaneous,100,g,6.3,3.2,6.26,98.8,ciqual-2025-11-03
ciqual,11161,Sauce à la crème aux épices,fr,Cream sauce with spices,aides culinaires et ingrédients divers miscellaneous,100,g,6.2,1.16,5.75,82.5,ciqual-2025-11-03
ciqual,11162,Sauce à la crème aux herbes,fr,Cream sauce with herbs,aides culinaires et ingrédients divers miscellaneous,100,g,5.5,1.09,5.49,76.6,ciqual-2025-11-03
ciqual,11163,"Sauce aigre douce, préemballée",fr,"Sweet and sour sauce, prepacked",aides culinaires et ingrédients divers miscellaneous,100,g,37,0.3,0.2,153,ciqual-2025-11-03
ciqual,11164,"Sauce au vin rouge, faite maison",fr,"Red wine sauce, homemade",aides culinaires et ingrédients divers miscellaneous,100,g,7,0.81,2.22,64.5,ciqual-2025-11-03
ciqual,11166,"Sauce au yaourt, faite maison",fr,"Yogurt sauce, homemade",aides culinaires et ingrédients divers miscellaneous,100,g,5.04,3.64,6.91,98.5,ciqual-2025-11-03
ciqual,11167,"Sauce américaine, préemballée",fr,"American-style sauce, prepacked",aides culinaires et ingrédients divers miscellaneous,100,g,9.99,1.34,39.8,409,ciqual-2025-11-03
ciqual,11168,"Sauce aïoli, préemballée",fr,"Aioli sauce (garlic and olive oil mayonnaise), prepacked",aides culinaires et ingrédients divers miscellaneous,100,g,5.44,1.13,50.2,480,ciqual-2025-11-03
ciqual,11169,"Fond de veau pour sauces et cuisson, déshydraté",fr,"Veal stock for sauce and cooking, dehydrated",aides culinaires et ingrédients divers miscellaneous,100,g,59.5,8.5,7.4,343,ciqual-2025-11-03
ciqual,11170,"Sauce basquaise ou sauce aux poivrons, préemballée",fr,"Basque-style sauce or tomato sauce with sweet peppers, prepacked",aides culinaires et ingrédients divers miscellaneous,100,g,7.41,1.17,2.71,63.1,ciqual-2025-11-03
ciqual,11171,"Fond de volaille pour sauces et cuisson, déshydraté",fr,"Poultry stock for sauce and cooking, dehydrated",aides culinaires et ingrédients divers miscellaneous,100,g,63,10,4.5,336,ciqual-2025-11-03
ciqual,11172,"Court-bouillon pour poissons, déshydraté",fr,"Aromatic stock cube, for fish, dehydrated",aides culinaires et ingrédients divers miscellaneous,100,g,7,5,23,260,ciqual-2025-11-03
ciqual,11174,"Bouillon de volaille, déshydraté",fr,"Broth or stock, poultry, dehydrated",aides culinaires et ingrédients divers miscellaneous,100,g,17,13,8,193,ciqual-2025-11-03
ciqual,11175,"Gelée au madère, déshydratée",fr,"Madeira wine aspic, dehydrated",aides culinaires et ingrédients divers miscellaneous,100,g,18,47,0.2,262,ciqual-2025-11-03
ciqual,11176,Gelée au madère,fr,Madeira wine aspic,aides culinaires et ingrédients divers miscellaneous,100,g,9.75,24.4,0.01,136,ciqual-2025-11-03
ciqual,11177,"Sauce tomate aux champignons, préemballée",fr,"Tomato sauce, with mushrooms, prepacked",aides culinaires et ingrédients divers miscellaneous,100,g,7.78,1.79,2.68,68.3,ciqual-2025-11-03
ciqual,11178,"Sauce tomate aux olives, préemballée",fr,"Tomato sauce, with olives, prepacked",aides culinaires et ingrédients divers miscellaneous,100,g,7.5,1.41,7.32,110,ciqual-2025-11-03
ciqual,11179,"Sauce pesto, préemballée",fr,"Pesto sauce, prepacked",aides culinaires et ingrédients divers miscellaneous,100,g,6.6,3.94,35.4,370,ciqual-2025-11-03
ciqual,11182,"Sauce au poivre, chaude, préemballée",fr,"Pepper sauce, warm, prepacked",aides culinaires et ingrédients divers miscellaneous,100,g,4.8,1,14.8,160,ciqual-2025-11-03
ciqual,11184,Sauce (aliment moyen),fr,Sauce (average),aides culinaires et ingrédients divers miscellaneous,100,g,6.74,1.51,23.3,246,ciqual-2025-11-03
ciqual,11187,"Sauce crudités ou sauce salade, préemballée",fr,"Salad dressing, prepacked",aides culinaires et ingrédients divers miscellaneous,100,g,6.17,0.61,30.5,303,ciqual-2025-11-03
ciqual,11189,"Sauce au fromage pour risotto ou pâtes, préemballée",fr,"Cheese sauce for risotto or pasta, prepacked",aides culinaires et ingrédients divers miscellaneous,100,g,4.24,3.11,9.53,118,ciqual-2025-11-03
ciqual,11191,"Sauce au roquefort, préemballée",fr,"Roquefort sauce, prepacked",aides culinaires et ingrédients divers miscellaneous,100,g,4.4,2.85,10.9,128,ciqual-2025-11-03
ciqual,11192,"Sauce aux champignons et à la crème, préemballée",fr,"Cream sauce with mushrooms, prepacked",aides culinaires et ingrédients divers miscellaneous,100,g,6.2,1.38,5,75.5,ciqual-2025-11-03
ciqual,11194,"Sauce nuoc mâm ou sauce au poisson, préemballée",fr,"Nuoc mam sauce or fish sauce, prepacked",aides culinaires et ingrédients divers miscellaneous,100,g,10.9,9.3,0,81.2,ciqual-2025-11-03
ciqual,11196,"Sauce burger, préemballée",fr,"Burger sauce, prepacked",aides culinaires et ingrédients divers miscellaneous,100,g,13.2,1.28,40.4,427,ciqual-2025-11-03
ciqual,11198,"Sauce crudités ou sauce salade, allégée en matière grasse, préemballée",fr,"Salad dressing, reduced fat, prepacked",aides culinaires et ingrédients divers miscellaneous,100,g,6.7,0.8,14.3,160,ciqual-2025-11-03
ciqual,11199,"Sauce grand veneur, préemballée",fr,"Grand veneur sauce (reduction of red wine with garlic, shallots and red currant jelly), prepacked",aides culinaires et ingrédients divers miscellaneous,100,g,8.45,1.5,7,103,ciqual-2025-11-03
ciqual,11202,"Sauce indienne type tandoori ou tikka masala, préemballée",fr,"Indian-style sauce, tandoori or garam masala type, prepacked",aides culinaires et ingrédients divers miscellaneous,100,g,14.3,2.6,1.7,86.7,ciqual-2025-11-03
ciqual,11203,"Sauce kebab, préemballée",fr,"Kebab sauce, prepacked",aides culinaires et ingrédients divers miscellaneous,100,g,6.93,1.22,44.1,433,ciqual-2025-11-03
ciqual,11205,"Sauce rouille, préemballée",fr,"Rouille sauce (mayonnaise with garlic, chilli pepper and fish broth), prepacked",aides culinaires et ingrédients divers miscellaneous,100,g,2.7,0.6,59.8,551,ciqual-2025-11-03
ciqual,11207,"Sauce tomate aux petits légumes, préemballée",fr,"Tomato sauce, with vegetables, prepacked",aides culinaires et ingrédients divers miscellaneous,100,g,7.57,1.54,2.9,66.8,ciqual-2025-11-03
ciqual,11208,"Sauce tomate au fromage, préemballée",fr,"Tomato sauce, with cheese, prepacked",aides culinaires et ingrédients divers miscellaneous,100,g,8.09,3.94,14.2,180,ciqual-2025-11-03
ciqual,11210,"Sauce pesto rosso, préemballée",fr,"Pesto rosso sauce, prepacked",aides culinaires et ingrédients divers miscellaneous,100,g,8.58,4.8,27,305,ciqual-2025-11-03
ciqual,11212,"Sauce au poivre, froide, préemballée",fr,"Pepper sauce, condiment, cold, prepacked",aides culinaires et ingrédients divers miscellaneous,100,g,5.8,0.69,49.3,472,ciqual-2025-11-03
ciqual,11213,Sauce froide (aliment moyen),fr,"Sauce, cold (average)",aides culinaires et ingrédients divers miscellaneous,100,g,6.23,0.83,31.9,318,ciqual-2025-11-03
ciqual,11214,"Préparation culinaire à base de soja, type ""crème de soja""",fr,"Soy ""cream""",aides culinaires et ingrédients divers miscellaneous,100,g,2.03,3.25,14.7,152,ciqual-2025-11-03
ciqual,11215,Caviar de tomates,fr,Tomato caviar (seasoned tomato puree),aides culinaires et ingrédients divers miscellaneous,100,g,6.8,2.19,19.2,218,ciqual-2025-11-03
ciqual,11216,"Sauce soja sucrée, préemballée",fr,"Soy sauce, with sugar(s), prepacked",aides culinaires et ingrédients divers miscellaneous,100,g,39.5,2.88,0,171,ciqual-2025-11-03
ciqual,11217,"Sauce pour nems à base de nuoc-mam dilué, préemballée",fr,"Sauce for fried spring rolls, nuoc mam based, prepacked",aides culinaires et ingrédients divers miscellaneous,100,g,31.2,1.38,0,132,ciqual-2025-11-03
ciqual,11218,Sauce chaude (aliment moyen),fr,"Sauce, warm (average)",aides culinaires et ingrédients divers miscellaneous,100,g,7.65,2.67,8.67,123,ciqual-2025-11-03
ciqual,11219,"Sauce végétale type bolognaise, aux protéines de soja, préemballée",fr,"Bolognese-type vegetarian sauce, with soya proteins, prepacked",aides culinaires et ingrédients divers miscellaneous,100,g,5.05,3.56,3,68,ciqual-2025-11-03
ciqual,11220,Vinaigre de vin rouge,fr,"Vinegar, red wine",aides culinaires et ingrédients divers miscellaneous,100,g,0,0.25,0,20.6,ciqual-2025-11-03
ciqual,11221,"Extrait de levure, à tartiner",fr,Yeast extract spread,aides culinaires et ingrédients divers miscellaneous,100,g,3.5,42.4,0.4,187,ciqual-2025-11-03
ciqual,11222,"Ktipiti, tartinade de fromage frais aux poivrons rouges, préemballé",fr,"Ktipiti, fresh cheese and red pepper dip, prepacked",aides culinaires et ingrédients divers miscellaneous,100,g,3.9,7.24,11.9,154,ciqual-2025-11-03
ciqual,11223,"Sauce d'huître, préemballée",fr,"Oyster sauce, prepacked",aides culinaires et ingrédients divers miscellaneous,100,g,10.6,1.35,0.25,50.7,ciqual-2025-11-03
ciqual,11240,"Sauce algérienne, préemballée",fr,"Algerian style sauce, prepacked",aides culinaires et ingrédients divers miscellaneous,100,g,14,1.76,46.8,486,ciqual-2025-11-03
ciqual,11243,"Sauce andalouse, préemballée",fr,"Andalusian style sauce, prepacked",aides culinaires et ingrédients divers miscellaneous,100,g,8.03,1.61,56.5,548,ciqual-2025-11-03
ciqual,11244,"Sauce cocktail, préemballée",fr,"Cocktail style sauce, prepacked",aides culinaires et ingrédients divers miscellaneous,100,g,9.2,1.33,58.7,572,ciqual-2025-11-03
ciqual,11245,"Sauce pommes frites, préemballée",fr,"Pommes frites sauce, prepacked",aides culinaires et ingrédients divers miscellaneous,100,g,10.3,0.82,31.6,330,ciqual-2025-11-03
ciqual,11246,"Sauce samouraï, préemballée",fr,"Samourai style sauce, prepacked",aides culinaires et ingrédients divers miscellaneous,100,g,5.09,1.11,55.2,523,ciqual-2025-11-03
ciqual,11247,"Sauce au curry, froide, préemballée",fr,"Curry sauce, cold, prepacked",aides culinaires et ingrédients divers miscellaneous,100,g,8.49,0.88,36.5,367,ciqual-2025-11-03
ciqual,11248,"Sauce Caesar, préemballée",fr,"Salad dressing, Caesar style, prepacked",aides culinaires et ingrédients divers miscellaneous,100,g,7.04,1.8,45.7,448,ciqual-2025-11-03
ciqual,11299,"Crème de pruneaux, préemballée",fr,"Prune sauce, prepacked",produits sucrés sugar and confectionery,100,g,55,1.4,0.45,240,ciqual-2025-11-03
ciqual,11300,"Sauce au chocolat, préemballée",fr,"Chocolate sauce, prepacked",aides culinaires et ingrédients divers miscellaneous,100,g,62.3,2.16,5.1,308,ciqual-2025-11-03
ciqual,11301,"Sauce teriyaki, préemballée",fr,"Teriyaki sauce, prepacked",aides culinaires et ingrédients divers miscellaneous,100,g,16,5.93,0.02,88.1,ciqual-2025-11-03
ciqual,11302,"Sauce à l'oseille, préemballée",fr,"Sorrel sauce, prepacked",aides culinaires et ingrédients divers miscellaneous,100,g,1.7,1.3,15,153,ciqual-2025-11-03
ciqual,11303,"Fumet de poisson, prêt à consommer, préemballé",fr,"Fish stock, ready to eat, prepacked",aides culinaires et ingrédients divers miscellaneous,100,g,3.8,5.1,2,53.6,ciqual-2025-11-03
ciqual,11304,"Fond de veau, préemballé",fr,"Veal stock, prepacked",aides culinaires et ingrédients divers miscellaneous,100,g,2.4,3.15,2.05,40.9,ciqual-2025-11-03
ciqual,11306,"Ail, rôti/cuit au four",fr,"Garlic, roasted/baked",aides culinaires et ingrédients divers miscellaneous,100,g,23.8,5.56,0,125,ciqual-2025-11-03
ciqual,11307,"Ail, grillé/poêlé, sans matière grasse",fr,"Garlic, grilled/pan-fried, without fat",aides culinaires et ingrédients divers miscellaneous,100,g,22,6,0.4,130,ciqual-2025-11-03
ciqual,11507,Bicarbonate de soude,fr,Sodium bicarbonate,aides culinaires et ingrédients divers miscellaneous,100,g,0,0.1,0,0.4,ciqual-2025-11-03
ciqual,11509,"Édulcorant à l'aspartame, en poudre",fr,"Aspartame, in powder",produits sucrés sugar and confectionery,100,g,3.7,1,0,18.6,ciqual-2025-11-03
ciqual,11510,Vermicelles multicolores,fr,Rainbow sprinkles,produits sucrés sugar and confectionery,100,g,95.6,1.16,0.15,389,ciqual-2025-11-03
ciqual,12001,"Camembert, sans précision sur le type de lait (pasteurisé ou cru)",fr,"Camembert cheese, from cow's milk",produits laitiers milk and milk products,100,g,0,19.1,22.5,280,ciqual-2025-11-03
ciqual,12003,"Fromage à pâte molle et croûte fleurie, non allégé en matière grasse (type camembert)",fr,"Soft-ripened cheese with bloomy rind (Camembert-type cheese), from cow's milk",produits laitiers milk and milk products,100,g,0,19.3,21.5,271,ciqual-2025-11-03
ciqual,12004,"Fromage à pâte molle et croûte fleurie, allégé en matière grasse (type camembert)",fr,"Soft-ripened cheese with bloomy rind, reduced fat (Camembert-type cheese), from cow's milk",produits laitiers milk and milk products,100,g,1.07,22.2,9.3,178,ciqual-2025-11-03
ciqual,12006,Camembert au lait cru ou thermisé,fr,"Camembert cheese, from cow's milk, from raw milk or thermised milk",produits laitiers milk and milk products,100,g,0,20.3,20.3,267,ciqual-2025-11-03
ciqual,12007,Camembert au lait pasteurisé,fr,"Camembert cheese, from cow's milk, from pasteurized milk",produits laitiers milk and milk products,100,g,1.29,18.8,21.5,275,ciqual-2025-11-03
ciqual,12008,"Fromage à pâte molle et croûte fleurie, double crème environ 30% MG",fr,"Soft-ripened cheese, double cream, around 30% fat, with bloomy rind, from cow's milk",produits laitiers milk and milk products,100,g,0.64,16.3,30.9,346,ciqual-2025-11-03
ciqual,12010,Coulommiers,fr,"Coulommiers cheese, from cow's milk",produits laitiers milk and milk products,100,g,0,18.4,23,280,ciqual-2025-11-03
ciqual,12015,"Fromage à pâte molle type carré ou brique, à croûte fleurie, non allégé en matière grasse",fr,"Soft-ripened cheese with bloomy rind, square or brick , from cow's milk",produits laitiers milk and milk products,100,g,0,17.4,28.8,330,ciqual-2025-11-03
ciqual,12020,"Brie, sans précision",fr,"Brie cheese, from cow's milk",produits laitiers milk and milk products,100,g,0.68,17.3,30.4,345,ciqual-2025-11-03
ciqual,12021,Brie de Meaux,fr,"Brie de Meaux cheese, from cow's milk",produits laitiers milk and milk products,100,g,1.17,21,20.7,276,ciqual-2025-11-03
ciqual,12022,Brie de Melun,fr,"Brie de Melun cheese, from cow's milk",produits laitiers milk and milk products,100,g,0,21.6,22.2,288,ciqual-2025-11-03
ciqual,12025,Carré de l'Est,fr,"Carré de l'Est cheese, from cow's milk",produits laitiers milk and milk products,100,g,0.83,18,27,318,ciqual-2025-11-03
ciqual,12028,Chaource,fr,"Chaource cheese, from cow's milk",produits laitiers milk and milk products,100,g,0.58,17,22.9,278,ciqual-2025-11-03
ciqual,12029,"Maroilles, laitier",fr,"Maroilles ""laitier"" (milk collected in many farms) cheese, from cow's milk",produits laitiers milk and milk products,100,g,0,21.8,27.8,338,ciqual-2025-11-03
ciqual,12030,"Maroilles, fermier",fr,"Maroilles ""fermier"" (milk collected in an unique farm) cheese, from cow's milk",produits laitiers milk and milk products,100,g,0,20.8,29.5,349,ciqual-2025-11-03
ciqual,12031,Neufchâtel,fr,"Neufchâtel cheese, from cow's milk",produits laitiers milk and milk products,100,g,0,17.8,25.5,300,ciqual-2025-11-03
ciqual,12033,"Fromage à pâte molle, triple crème, environ 38% MG",fr,"Soft-ripened cheese, triple cream, around 3840% fat, from cow's milk",produits laitiers milk and milk products,100,g,1.05,10.3,37.2,380,ciqual-2025-11-03
ciqual,12034,Fromage à pâte molle et croûte lavée (aliment moyen),fr,"Soft-ripened cheese, washed rind (average)",produits laitiers milk and milk products,100,g,0.42,19.6,25.9,313,ciqual-2025-11-03
ciqual,12035,"Fromage à pâte molle et croûte lavée, allégé en matière grasse",fr,"Soft-ripened washed-rind cheese, reduced fat, from cow's milk",produits laitiers milk and milk products,100,g,1,21.2,12.4,200,ciqual-2025-11-03
ciqual,12036,"Maroilles, sans précision",fr,"Maroilles cheese, from cow's milk",produits laitiers milk and milk products,100,g,0,21.5,26.4,325,ciqual-2025-11-03
ciqual,12037,Livarot,fr,"Livarot cheese, from cow's milk",produits laitiers milk and milk products,100,g,0,24.1,22.6,301,ciqual-2025-11-03
ciqual,12038,Époisses,fr,"Époisses cheese, from cow's milk",produits laitiers milk and milk products,100,g,0,17.3,24,286,ciqual-2025-11-03
ciqual,12039,Munster,fr,"Munster cheese, from cow's milk",produits laitiers milk and milk products,100,g,0.7,20,26.8,324,ciqual-2025-11-03
ciqual,12040,Langres,fr,"Langres cheese, from cow's milk",produits laitiers milk and milk products,100,g,1.13,16.4,23.8,286,ciqual-2025-11-03
ciqual,12041,"Fromage à pâte molle et croûte lavée, non allégé en matière grasse",fr,"Soft-ripened washed-rind cheese, from cow's milk",produits laitiers milk and milk products,100,g,0,19.9,25.7,311,ciqual-2025-11-03
ciqual,12042,Pont l'Évêque,fr,"Pont l'Evêque cheese, from cow's milk",produits laitiers milk and milk products,100,g,0,22.2,26.2,326,ciqual-2025-11-03
ciqual,12045,Reblochon,fr,"Reblochon cheese, from cow's milk",produits laitiers milk and milk products,100,g,0,19.9,26.9,322,ciqual-2025-11-03
ciqual,12049,Saint-Marcellin,fr,"Saint-Marcellin cheese, from cow's milk",produits laitiers milk and milk products,100,g,0,14.8,24.3,280,ciqual-2025-11-03
ciqual,12050,Fromage à pâte molle et croûte mixte (lavée et fleurie) colorée,fr,"Soft-ripened washed, bloomy and coloured rind cheese, from cow's milk",produits laitiers milk and milk products,100,g,1,17.8,29,336,ciqual-2025-11-03
ciqual,12051,Mont d'or ou vacherin du Haut-Doubs (produit en France) ou vacherin-Mont d'Or (produit en Suisse),fr,"Vacherin cheese or Mont d'or cheese, from cow's milk",produits laitiers milk and milk products,100,g,0.54,17.5,24.6,293,ciqual-2025-11-03
ciqual,12052,Saint-Félicien,fr,"Saint-Felicien cheese, from cow's milk",produits laitiers milk and milk products,100,g,0,13.1,25.2,281,ciqual-2025-11-03
ciqual,12053,Fromage pour tartiflette (pâte molle et croûte mixte),fr,"Cheese for tartiflette, soft with mixed rind, from cow's milk",produits laitiers milk and milk products,100,g,0.72,19.8,26.4,320,ciqual-2025-11-03
ciqual,12054,"Spécialité fromagère non affinée en coque, enrichie en vitamines",fr,"Uncured soft cheese, spreadable, in a shell, fortified with vitamins, from cow's milk",produits laitiers milk and milk products,100,g,3.5,5.4,22.9,242,ciqual-2025-11-03
ciqual,12059,"Brocciu ou brucciu corse, fromage à base de lactosérum de brebis et/ou de chèvre non affiné",fr,Brocciu cheese from goat or ewe's whey,produits laitiers milk and milk products,100,g,4,10,13,,ciqual-2025-11-03
ciqual,12060,"Fromage type feta, au lait de vache 100%",fr,"Feta-type cheese, 100% from cow's milk",produits laitiers milk and milk products,100,g,1.22,15.1,22.6,273,ciqual-2025-11-03
ciqual,12061,"Fromage type feta, au lait de brebis 100%",fr,"Feta or Feta-type cheese, 100% from ewe's milk",produits laitiers milk and milk products,100,g,0.83,16,21.8,,ciqual-2025-11-03
ciqual,12063,"Fromage type feta, au lait de vache 100%, à l'huile et aux aromates",fr,"Feta-type cheese, 100% from cow's milk, in oil and spices",produits laitiers milk and milk products,100,g,0.16,17.3,23.4,283,ciqual-2025-11-03
ciqual,12064,Boulette d'Avesne,fr,Boulette d'Avesnes cheese from cow's milk,produits laitiers milk and milk products,100,g,0,20.5,30,355,ciqual-2025-11-03
ciqual,12065,"Bouchée apéritive de fromage au lait de vache non affiné, fourrée ou enrobée",fr,"Finger-food cheese from cow's milk, filled or coated",produits laitiers milk and milk products,100,g,2.92,11.1,24,274,ciqual-2025-11-03
ciqual,12066,"Feta, au lait de brebis 70% minimum et lait de chèvre 30% maximum",fr,"Feta cheese, 70% min. from ewe's milk, 30% min. from goat's milk",produits laitiers milk and milk products,100,g,0.45,14.8,24.3,284,ciqual-2025-11-03
ciqual,12067,"Fromage type feta, au lait de vache 100%, à l'huile et aux aromates, égoutté",fr,"Feta-type cheese, 100% from cow's milk, in oil and spices, drained",produits laitiers milk and milk products,100,g,0.5,9.55,56.6,,ciqual-2025-11-03
ciqual,12068,"Fromage frais ou spécialité fromagère non affinée, nature, à tartiner, en barquette, non allégée en matière grasse",fr,"Uncured soft cheese, spreadable, plain, in tray, from cow's milk",produits laitiers milk and milk products,100,g,3.31,6.13,20.7,225,ciqual-2025-11-03
ciqual,12069,"Fromage frais ou spécialité fromagère non affinée, nature, à tartiner, en barquette, allégée en matière grasse",fr,"Uncured soft cheese, spreadable, plain, in tray, reduced fat, from cow's milk",produits laitiers milk and milk products,100,g,5.12,10.6,7.48,133,ciqual-2025-11-03
ciqual,12070,"Fromage frais ou spécialité fromagère non affinée, ail et fines herbes, à tartiner, non allégée en matière grasse",fr,"Uncured soft cheese, spreadable, flavoured with garlic and herbs), from cow's milk",produits laitiers milk and milk products,100,g,2.7,7.87,30.8,320,ciqual-2025-11-03
ciqual,12071,Brousse (fromage de brebis frais au lactosérum),fr,Brousse (uncured cheese from ewes' milk),produits laitiers milk and milk products,100,g,4.81,9.19,9.36,142,ciqual-2025-11-03
ciqual,12072,Burrata,fr,"Burrata, from cow's milk",produits laitiers milk and milk products,100,g,0.93,10.6,23.4,259,ciqual-2025-11-03
ciqual,12073,"Fromage frais ou spécialité fromagère non affinée, olives, figues et noix, etc (autre que ail et fines herbes), à tartiner, non allégée en matière grasse",fr,"Uncured soft cheese, spreadable, flavoured, olives or fig and nuts (other than garlic and herbs), from cow's milk",produits laitiers milk and milk products,100,g,4.12,6.66,28.8,,ciqual-2025-11-03
ciqual,12099,Emmental de Savoie ou emmenthal de Savoie,fr,"Emmental cheese, from cow's milk, from Savoy",produits laitiers milk and milk products,100,g,0,29.1,30.8,396,ciqual-2025-11-03
ciqual,12100,Fromage à pâte pressée cuite (aliment moyen),fr,Hard cheese (average),produits laitiers milk and milk products,100,g,0.28,27.3,31.6,396,ciqual-2025-11-03
ciqual,12105,Beaufort,fr,"Beaufort cheese, from cow's milk",produits laitiers milk and milk products,100,g,0.72,26.1,33,404,ciqual-2025-11-03
ciqual,12109,Cantal jeune,fr,"Cantal cheese, not matured,  from cow's milk,",produits laitiers milk and milk products,100,g,0,24.2,29.1,363,ciqual-2025-11-03
ciqual,12110,Comté,fr,"Comté cheese, from cow's milk",produits laitiers milk and milk products,100,g,0,27.2,33.8,413,ciqual-2025-11-03
ciqual,12111,Fromage à effilocher ou à dérouler,fr,"Processed cheese, to unroll or to shred, from cow's milk",produits laitiers milk and milk products,100,g,2.68,23.3,22.4,307,ciqual-2025-11-03
ciqual,12112,Abondance,fr,"Abondance cheese, from cow's milk",produits laitiers milk and milk products,100,g,0,26.6,31.6,393,ciqual-2025-11-03
ciqual,12113,Gruyère IGP France,fr,"Gruyere cheese, France, Protected Geographical Indication, from cow's milk",produits laitiers milk and milk products,100,g,0.7,27.6,33.2,415,ciqual-2025-11-03
ciqual,12114,"Gruyère, sans précision (origine France ou Suisse)",fr,"Gruyere cheese, from cow's milk",produits laitiers milk and milk products,100,g,0.78,25.8,33.5,408,ciqual-2025-11-03
ciqual,12115,Emmental ou emmenthal,fr,"Emmental cheese, from cow's milk",produits laitiers milk and milk products,100,g,0,27.3,28.8,373,ciqual-2025-11-03
ciqual,12116,"Fromage à pâte pressée cuite type emmental ou emmenthal, allégé en matière grasse",fr,"Hard cheese, emmental-type cheese, reduced fat, from cow's milk",produits laitiers milk and milk products,100,g,1.18,28.6,15.2,258,ciqual-2025-11-03
ciqual,12118,"Emmental ou emmenthal, râpé",fr,"Emmental cheese, grated, from cow's milk",produits laitiers milk and milk products,100,g,0.58,27.1,28.2,368,ciqual-2025-11-03
ciqual,12119,Ossau-Iraty (fromage de brebis),fr,"Ossau-Iraty cheese, from ewe's milk",produits laitiers milk and milk products,100,g,1,23.7,36,423,ciqual-2025-11-03
ciqual,12120,Parmesan,fr,"Parmesan cheese, from cow's milk",produits laitiers milk and milk products,100,g,1.14,30.5,31,411,ciqual-2025-11-03
ciqual,12121,Fontina,fr,"Fontina cheese, from cow's milk",produits laitiers milk and milk products,100,g,0.8,25.1,31.1,384,ciqual-2025-11-03
ciqual,12122,Pecorino (fromage de brebis),fr,"Pecorino cheese, from ewe's milk",produits laitiers milk and milk products,100,g,1,25,31,383,ciqual-2025-11-03
ciqual,12123,Grana Padano,fr,"Grana Padano cheese, from cow's milk",produits laitiers milk and milk products,100,g,1.17,33.2,28.5,399,ciqual-2025-11-03
ciqual,12300,Fromage fondu en tranchettes,fr,"Processed cheese, in slices, from cow's milk",produits laitiers milk and milk products,100,g,5.34,13.8,18.5,246,ciqual-2025-11-03
ciqual,12302,Spécialité fromagère fondue aromatisée en cubes pour l’apéritif (cubes de fromage fondu au lait de vache),fr,"Processed cheese, from cow's milk, flavoured, in cubes, for aperitif",produits laitiers milk and milk products,100,g,5.57,12.2,19.9,251,ciqual-2025-11-03
ciqual,12303,"Fromage fondu en portion (triangle), non enrichi",fr,"Processed cheese, from cow's milk, triangle, not fortified",produits laitiers milk and milk products,100,g,8.52,11,17.6,238,ciqual-2025-11-03
ciqual,12304,"Fromage fondu en portion (triangle), enrichi en vitamines",fr,"Processed cheese, from cow's milk, triangle, fortified with vitamins",produits laitiers milk and milk products,100,g,8.49,7.84,21.4,259,ciqual-2025-11-03
ciqual,12305,"Fromage fondu, allégé en matière grasse",fr,"Processed cheese, reduced fat, from cow's milk",produits laitiers milk and milk products,100,g,4.6,11.3,7.36,134,ciqual-2025-11-03
ciqual,12306,"Fromage blanc fondu en portion (carré), non enrichi en vitamines",fr,"Processed cheese, from cow's milk, square, not fortified with vitamins",produits laitiers milk and milk products,100,g,2.98,8.59,28.6,305,ciqual-2025-11-03
ciqual,12307,"Fromage blanc fondu en portion (carré ou bâtonnet), enrichi en vitamines",fr,"Processed cheese, from cow's milk, square or on stick, fortified with vitamins",produits laitiers milk and milk products,100,g,3.39,8.21,28.7,305,ciqual-2025-11-03
ciqual,12311,Crème de camembert,fr,"Camembert cream (processed cheese), from cow's milk",produits laitiers milk and milk products,100,g,4,11,23,,ciqual-2025-11-03
ciqual,12325,Cancoillotte (spécialité fromagère fondue),fr,"Cancoillotte (processed cheese), from cow's milk",produits laitiers milk and milk products,100,g,0.48,13.6,10.5,151,ciqual-2025-11-03
ciqual,12342,"Fromage frais ou spécialité fromagère non affinée, ail et fines herbes, à tartiner, allégée en matière grasse",fr,"Uncured soft cheese, spreadable, reduced fat, from cow's milk, flavoured (ex : garlic and herbs)",produits laitiers milk and milk products,100,g,4.5,3,13,,ciqual-2025-11-03
ciqual,12355,Spécialité fromagère fondante au fromage blanc et aux noix,fr,"Processed cheese with fresh cream cheese and walnuts, from cow's milk",produits laitiers milk and milk products,100,g,2.5,11,28.5,311,ciqual-2025-11-03
ciqual,12356,Snack pour enfants à base de fromage fondu et de gressins,fr,"Processed cheese snack , from cow's milk, with breadsticks, for children",produits laitiers milk and milk products,100,g,24,9.63,17.9,298,ciqual-2025-11-03
ciqual,12500,Roquefort (fromage de brebis),fr,"Roquefort cheese, from ewe's milk",produits laitiers milk and milk products,100,g,0,19.1,33.9,384,ciqual-2025-11-03
ciqual,12519,Fourme de Montbrison,fr,"Fourme de Montbrison cheese, from cow's milk,",produits laitiers milk and milk products,100,g,0,22.1,30.8,365,ciqual-2025-11-03
ciqual,12520,"Fromage bleu au lait de vache, non allégé en matière grasse",fr,"Blue cheese, from cow's milk",produits laitiers milk and milk products,100,g,0.68,16.5,32.5,361,ciqual-2025-11-03
ciqual,12521,Fromage bleu d'Auvergne,fr,"Auvergne blue cheese, from cow's milk",produits laitiers milk and milk products,100,g,0,20.2,29,342,ciqual-2025-11-03
ciqual,12522,Fourme d'Ambert,fr,"Fourme d'Ambert cheese, from cow's milk",produits laitiers milk and milk products,100,g,0,20.2,28.4,339,ciqual-2025-11-03
ciqual,12523,Fromage bleu des Causses,fr,"Causses blue cheese, from cow's milk",produits laitiers milk and milk products,100,g,0,20,30,350,ciqual-2025-11-03
ciqual,12524,Gorgonzola,fr,"Gorgonzola cheese, from cow's milk",produits laitiers milk and milk products,100,g,0,19.1,26.9,318,ciqual-2025-11-03
ciqual,12526,Bleu de Gex ou fromage bleu du Haut-Jura ou bleu de Septmoncel,fr,"Gex blue cheese, or Jura blue cheese or Septmoncel blue cheese, from cow's milk",produits laitiers milk and milk products,100,g,0,22.1,30.7,364,ciqual-2025-11-03
ciqual,12528,"Fromage bleu au lait de vache, allegé en matière grasse",fr,"Bresse blue cheese, reduced fat, from cow's milk",produits laitiers milk and milk products,100,g,1,21,15,223,ciqual-2025-11-03
ciqual,12705,"Fromage à pâte pressée non cuite type maasdam, allégé en matière grasse",fr,"Firm cheese, Maasdam-type, reduced fat, from cow's milk",produits laitiers milk and milk products,100,g,0.8,27.7,13.8,238,ciqual-2025-11-03
ciqual,12716,Provolone,fr,"Provolone cheese, from cow's milk",produits laitiers milk and milk products,100,g,0,25.1,26.6,340,ciqual-2025-11-03
ciqual,12720,"Fromage à pâte pressée non cuite, enrobé de cire, non allégé en matière grasse",fr,"Firm cheese in wax casing, from cow's milk",produits laitiers milk and milk products,100,g,0,21.1,23.8,303,ciqual-2025-11-03
ciqual,12721,"Fromage à pâte pressée non cuite, enrobé de cire, allégé en matière grasse",fr,"Firm cheese in wax casing, reduced fat, from cow's milk",produits laitiers milk and milk products,100,g,0,25,12,208,ciqual-2025-11-03
ciqual,12722,Cantal entre-deux,fr,"Cantal cheese, half matured, from cow's milk",produits laitiers milk and milk products,100,g,0,26.1,30.5,383,ciqual-2025-11-03
ciqual,12724,Cantal,fr,"Cantal cheese, from cow's milk",produits laitiers milk and milk products,100,g,0,24.8,31,378,ciqual-2025-11-03
ciqual,12725,Salers,fr,"Salers cheese, from cow's milk",produits laitiers milk and milk products,100,g,0,25.4,31.4,388,ciqual-2025-11-03
ciqual,12726,Cheddar,fr,"Cheddar cheese, from cow's milk",produits laitiers milk and milk products,100,g,1.2,24.2,32.6,399,ciqual-2025-11-03
ciqual,12729,Edam,fr,"Edam cheese, from cow's milk",produits laitiers milk and milk products,100,g,0,25.2,24.4,320,ciqual-2025-11-03
ciqual,12735,Mimolette jeune (moins de 6 mois d'affinage),fr,"Mimolette cheese, young, from cow's milk (cured less than 6 months)",produits laitiers milk and milk products,100,g,0,28.3,24.2,331,ciqual-2025-11-03
ciqual,12736,Gouda,fr,"Gouda cheese, from cow's milk",produits laitiers milk and milk products,100,g,0,24.2,30.2,369,ciqual-2025-11-03
ciqual,12737,Mimolette demi-vieille (6 mois d'affinage minimum),fr,"Mimolette cheese, half-old, from cow's milk (cured 6 months minimum)",produits laitiers milk and milk products,100,g,0.75,30,27.5,371,ciqual-2025-11-03
ciqual,12738,Mimolette vieille (12 mois d'affinage minimum),fr,"Mimolette cheese, old, from cow's milk (cured 12 months minimum)",produits laitiers milk and milk products,100,g,0,33.3,28.8,397,ciqual-2025-11-03
ciqual,12740,"Mimolette, sans précision",fr,"Mimolette cheese, from cow's milk",produits laitiers milk and milk products,100,g,0,25.3,24.2,319,ciqual-2025-11-03
ciqual,12741,"Fromage à pâte pressée non cuite type maasdam, non allégé en matière grasse",fr,"Firm cheese, Maasdam-type, from cow's milk",produits laitiers milk and milk products,100,g,0,25,28.4,359,ciqual-2025-11-03
ciqual,12742,Mimolette extra-vieille (18 mois d'affinage minimum),fr,"Mimolette cheese, extra old, from cow's milk (cured 18 months minimum)",produits laitiers milk and milk products,100,g,1,33,29.5,402,ciqual-2025-11-03
ciqual,12743,Morbier,fr,"Morbier cheese, from cow's milk",produits laitiers milk and milk products,100,g,0,22.4,29.2,355,ciqual-2025-11-03
ciqual,12747,"Fromage de brebis à pâte pressée non cuite des Pyrénées, type tomme ou tome",fr,"Pyrénées firm cheese, from ewe's milk",produits laitiers milk and milk products,100,g,0.72,21.8,33.6,393,ciqual-2025-11-03
ciqual,12748,"Saint-Nectaire, laitier",fr,"Saint-Nectaire cheese, from cow's milk, milk collected in many farms",produits laitiers milk and milk products,100,g,0.9,21.3,27.2,333,ciqual-2025-11-03
ciqual,12749,Raclette (fromage),fr,"Raclette cheese, from cow's milk",produits laitiers milk and milk products,100,g,0,22.9,27.5,342,ciqual-2025-11-03
ciqual,12751,"Saint-Nectaire, fermier",fr,"Saint-Nectaire cheese, from cow's milk, milk collected in an unique farm",produits laitiers milk and milk products,100,g,1.2,21.8,29.8,360,ciqual-2025-11-03
ciqual,12752,"Saint-Nectaire, sans précision",fr,"Saint-Nectaire cheese, from cow's milk",produits laitiers milk and milk products,100,g,0.5,23,27.5,342,ciqual-2025-11-03
ciqual,12755,Saint-Paulin (fromage à pâte pressée non cuite demi-ferme),fr,"Saint-Paulin, firm cheese, from cow's milk (semi-hard cheese)",produits laitiers milk and milk products,100,g,0,21.8,26.4,327,ciqual-2025-11-03
ciqual,12758,Tomme ou tome de vache,fr,"Tomme cheese, from cow's milk",produits laitiers milk and milk products,100,g,3.37,21.1,29.4,364,ciqual-2025-11-03
ciqual,12760,"Tomme ou tome, allégée en matière grasse",fr,"Tomme cheese, reduced fat, around 13% fat",produits laitiers milk and milk products,100,g,0,30.4,13.2,240,ciqual-2025-11-03
ciqual,12761,Asiago,fr,"Asiago cheese, from cow's milk",produits laitiers milk and milk products,100,g,0,31.4,25.6,356,ciqual-2025-11-03
ciqual,12762,Fromage de brebis corse à pâte molle,fr,"Corsica soft ripened cheese, from ewe's milk",produits laitiers milk and milk products,100,g,0,20,38.4,426,ciqual-2025-11-03
ciqual,12763,Tome des Bauges,fr,"Tomme cheese (PDO) from the French Bauges mountains, from cow's milk",produits laitiers milk and milk products,100,g,0,26.1,30.8,381,ciqual-2025-11-03
ciqual,12764,Tête de moine,fr,"Tete de Moine cheese (PDO), from cow's milk",produits laitiers milk and milk products,100,g,0.5,25.5,34.5,415,ciqual-2025-11-03
ciqual,12765,Raclette (fromage) fumée,fr,"Raclette cheese, from cow's milk, smoked",produits laitiers milk and milk products,100,g,0.5,23.6,27.7,345,ciqual-2025-11-03
ciqual,12766,"Raclette (fromage), au poivre",fr,"Raclette cheese, from cow's milk, with pepper",produits laitiers milk and milk products,100,g,0.5,24,28,350,ciqual-2025-11-03
ciqual,12767,Gouda au cumin,fr,"Gouda cheese, with cumin seed, from cow's milk",produits laitiers milk and milk products,100,g,0.6,23.6,31,378,ciqual-2025-11-03
ciqual,12771,Tomme ou tome de Savoie,fr,"Tomme cheese, from cow's milk, from Savoy",produits laitiers milk and milk products,100,g,0.97,23,29.2,361,ciqual-2025-11-03
ciqual,12773,Tomme ou tome des Pyrénées,fr,"Tomme cheese, from cow's milk, from Pyrénées",produits laitiers milk and milk products,100,g,0.7,21.7,27.9,340,ciqual-2025-11-03
ciqual,12775,"Mélange de fromages râpés (ex : spécial gratins, spécial pâtes, spécial pizzas…)",fr,"Cheese mix, grated, from cow's milk",produits laitiers milk and milk products,100,g,0.15,31.4,28.9,386,ciqual-2025-11-03
ciqual,12776,Raclette de Savoie (fromage),fr,"Raclette cheese, from cow's milk, from Savoy",produits laitiers milk and milk products,100,g,0,23.6,29.1,357,ciqual-2025-11-03
ciqual,12803,"Fromage de chèvre lactique affiné, type palet, crottin ou bûchette",fr,"Cheese, lactic, matured, from goat's milk",produits laitiers milk and milk products,100,g,1.24,20.3,24.7,308,ciqual-2025-11-03
ciqual,12805,"Fromage de chèvre frais, type palet, crottin ou bûchette",fr,"Cheese, fresh, from goat's milk,",produits laitiers milk and milk products,100,g,2.5,11.7,15.2,194,ciqual-2025-11-03
ciqual,12807,Sainte-Maure de Touraine (fromage de chèvre),fr,"Cheese, from goat's milk, from raw milk",produits laitiers milk and milk products,100,g,1.12,18.1,23.3,286,ciqual-2025-11-03
ciqual,12810,Fromage de chèvre demi-sec,fr,"Cheese, semi-dry, from goat's milk",produits laitiers milk and milk products,100,g,0,21.1,29.8,353,ciqual-2025-11-03
ciqual,12812,Fromage de chèvre bûche,fr,"Cheese, buche, from goat's milk",produits laitiers milk and milk products,100,g,0,18.4,23.3,285,ciqual-2025-11-03
ciqual,12813,"Fromage de chèvre bûche, allégé en matière grasse",fr,"Cheese, buche, from goat's milk, reduced fat",produits laitiers milk and milk products,100,g,1,22.1,10,183,ciqual-2025-11-03
ciqual,12814,Fromage de chèvre à pâte molle non pressée non cuite et croûte naturelle,fr,"Soft-ripened cheese, from goat's milk",produits laitiers milk and milk products,100,g,0.72,19.1,23,286,ciqual-2025-11-03
ciqual,12815,Fromage de chèvre sec,fr,"Cheese, dry, from goat's milk",produits laitiers milk and milk products,100,g,0,29.9,35.6,440,ciqual-2025-11-03
ciqual,12816,Fromage à pâte pressée demi-cuite,fr,"Hard cheese, from cow's milk",produits laitiers milk and milk products,100,g,0,25.1,28.8,359,ciqual-2025-11-03
ciqual,12819,"Fromage de chèvre à tartiner, nature",fr,"Cheese, from goat's milk, spreadable, plain",produits laitiers milk and milk products,100,g,2.41,10.6,12.2,161,ciqual-2025-11-03
ciqual,12820,"Fromage de chèvre à pâte molle et croûte fleurie (type camembert, cabécou)",fr,"Soft-ripened cheese with bloomy rind, from goat's milk, Camembert-type cheese",produits laitiers milk and milk products,100,g,0,18.6,23.8,288,ciqual-2025-11-03
ciqual,12824,Fromage de brebis à pâte molle et croûte fleurie,fr,"Soft ripened cheese with bloomy rind, from ewe's milk",produits laitiers milk and milk products,100,g,0,17.6,25.2,297,ciqual-2025-11-03
ciqual,12828,Fromage de lactosérum de brebis,fr,"Cheese, from ewe's whey",produits laitiers milk and milk products,100,g,4.3,9.91,14.8,190,ciqual-2025-11-03
ciqual,12830,Chabichou (fromage de chèvre),fr,"Chabichou cheese, from goat's milk",produits laitiers milk and milk products,100,g,1.5,19,24.8,305,ciqual-2025-11-03
ciqual,12831,Pélardon (fromage de chèvre),fr,"Pélardon cheese, from goat's milk",produits laitiers milk and milk products,100,g,0,23.3,27.8,343,ciqual-2025-11-03
ciqual,12832,"Crottin de chèvre, au lait cru",fr,"Crottin cheese, from goat's milk, from raw milk",produits laitiers milk and milk products,100,g,0,22.7,32.6,384,ciqual-2025-11-03
ciqual,12833,"Crottin de chèvre, sans précision sur le type de lait - pasteurisé ou cru -",fr,"Crottin cheese, from goat's milk",produits laitiers milk and milk products,100,g,1,21.9,28,344,ciqual-2025-11-03
ciqual,12834,Crottin de Chavignol (fromage de chèvre),fr,"Crottin de Chavignol cheese, from goat's milk",produits laitiers milk and milk products,100,g,1.28,20.3,25.8,318,ciqual-2025-11-03
ciqual,12836,Picodon (fromage de chèvre),fr,"Picodon cheese, from goat's milk",produits laitiers milk and milk products,100,g,1,19.5,25.6,313,ciqual-2025-11-03
ciqual,12839,Pouligny Saint-Pierre (fromage de chèvre),fr,"Pouligny Saint-Pierre cheese, from goat's milk",produits laitiers milk and milk products,100,g,1.38,17.3,23.5,286,ciqual-2025-11-03
ciqual,12842,Sainte-Maure (fromage de chèvre),fr,"Sainte Maure cheese, from goat's milk",produits laitiers milk and milk products,100,g,0.91,19.6,24,298,ciqual-2025-11-03
ciqual,12845,Selles-sur-Cher (fromage de chèvre),fr,"Selles-sur-Cher cheese, from goat's milk",produits laitiers milk and milk products,100,g,1.17,18.4,23.5,289,ciqual-2025-11-03
ciqual,12846,Chevrot (fromage de chèvre),fr,"Chevrot cheese, from goat's milk",produits laitiers milk and milk products,100,g,1.42,16.9,21.1,263,ciqual-2025-11-03
ciqual,12847,Rocamadour (fromage de chèvre),fr,"Rocamadour cheese, from goat's milk",produits laitiers milk and milk products,100,g,0.93,17.7,22.2,274,ciqual-2025-11-03
ciqual,12848,Valençay (fromage de chèvre),fr,"Valençay cheese, from goat's milk",produits laitiers milk and milk products,100,g,0.64,18.5,24.3,295,ciqual-2025-11-03
ciqual,12850,"Fromage de chèvre à pâte pressée non cuite, type tomme ou tome ou gouda de chèvre",fr,"Firm cheese, from goat's milk",produits laitiers milk and milk products,100,g,0.9,21.7,28.2,344,ciqual-2025-11-03
ciqual,12999,Fromage (aliment moyen),fr,Cheese (average),produits laitiers milk and milk products,100,g,0.71,20.6,26.3,324,ciqual-2025-11-03
ciqual,13000,"Abricot, dénoyauté, cru",fr,"Apricot, pitted, raw","Prunus armeniaca L. fruits, légumes, légumineuses et oléagineux fruits, vegetables, legumes and nuts",100,g,9.01,0.81,0,44.1,ciqual-2025-11-03
ciqual,13001,"Abricot, dénoyauté, sec",fr,"Apricot, pitted, dried","fruits, légumes, légumineuses et oléagineux fruits, vegetables, legumes and nuts",100,g,59.1,2.88,0.5,239,ciqual-2025-11-03
ciqual,13002,"Ananas, chair sans peau, cru",fr,"Pineapple, flesh without skin, raw","Ananas comosus (L.) Merril fruits, légumes, légumineuses et oléagineux fruits, vegetables, legumes and nuts",100,g,11.7,0.25,0,51.6,ciqual-2025-11-03
ciqual,13004,"Avocat, chair sans peau, sans noyau, cru",fr,"Avocado, flesh without skin, pitted, raw","Persea americana Mill. fruits, légumes, légumineuses et oléagineux fruits, vegetables, legumes and nuts",100,g,0,1.56,20.6,203,ciqual-2025-11-03
ciqual,13005,"Banane, chair sans peau, crue",fr,"Banana, flesh without skin, raw","Musa spp. fruits, légumes, légumineuses et oléagineux fruits, vegetables, legumes and nuts",100,g,19.7,1.06,0,87.6,ciqual-2025-11-03
ciqual,13007,"Cassis, cru",fr,"Black currant, raw","Ribes nigrum fruits, légumes, légumineuses et oléagineux fruits, vegetables, legumes and nuts",100,g,9.68,1.4,0.41,70.2,ciqual-2025-11-03
ciqual,13008,"Ceriser, chair et peau, sans noyau, crue",fr,"Cherry, flesh and skin, pitted, raw","Prunus avium L. fruits, légumes, légumineuses et oléagineux fruits, vegetables, legumes and nuts",100,g,13,0.81,0,53.7,ciqual-2025-11-03
ciqual,13009,"Citron, chair sans peau, sans pépins, cru",fr,"Lemon, flesh without skin, without seeds, raw","Citrus limon (L.) Burm. f. fruits, légumes, légumineuses et oléagineux fruits, vegetables, legumes and nuts",100,g,1.56,0.25,0,24.3,ciqual-2025-11-03
ciqual,13010,"Coing, cru",fr,"Quince, raw","Cydonia vulgaris fruits, légumes, légumineuses et oléagineux fruits, vegetables, legumes and nuts",100,g,12.5,0.4,0.1,59,ciqual-2025-11-03
ciqual,13011,"Datte, chair et peau, sans noyau, sèche",fr,"Date, flesh and skin, pitted, dried","fruits, légumes, légumineuses et oléagineux fruits, vegetables, legumes and nuts",100,g,64.7,1.81,0.25,287,ciqual-2025-11-03
ciqual,13012,"Figue, crue",fr,"Fig, raw","Ficus carica L. fruits, légumes, légumineuses et oléagineux fruits, vegetables, legumes and nuts",100,g,13.5,1.19,0,67.6,ciqual-2025-11-03
ciqual,13013,"Figue, sèche",fr,"Fig, dried","fruits, légumes, légumineuses et oléagineux fruits, vegetables, legumes and nuts",100,g,55,2.9,1.22,261,ciqual-2025-11-03
ciqual,13014,"Fraise, crue",fr,"Strawberry, raw","Fragaria x ananassa Duchene ex Rozier fruits, légumes, légumineuses et oléagineux fruits, vegetables, legumes and nuts",100,g,6.03,0.63,0,35.1,ciqual-2025-11-03
ciqual,13015,"Framboise, crue",fr,"Raspberry, raw","Rubus idaeus L. fruits, légumes, légumineuses et oléagineux fruits, vegetables, legumes and nuts",100,g,5.83,1.19,0.8,47.9,ciqual-2025-11-03
ciqual,13016,"Fruit de la passion ou maracudja, chair sans peau, avec pépins, cru",fr,"Passion fruit, flesh without skin, with seeds, raw","Passiflora edulis Sims. fruits, légumes, légumineuses et oléagineux fruits, vegetables, legumes and nuts",100,g,10.9,2.13,3,102,ciqual-2025-11-03
ciqual,13018,"Grenade, chair sans peau, avec pépins, crue",fr,"Pomegranate, flesh without skin, with seeds, raw","Punica granatum L. fruits, légumes, légumineuses et oléagineux fruits, vegetables, legumes and nuts",100,g,14.3,1.44,1.2,81,ciqual-2025-11-03
ciqual,13019,"Groseille, crue",fr,"Red currant, raw","Ribes rubrum fruits, légumes, légumineuses et oléagineux fruits, vegetables, legumes and nuts",100,g,7.06,1.56,0.7,67.2,ciqual-2025-11-03
ciqual,13020,"Groseille à maquereau, crue",fr,"Gooseberry, raw","Ribes uva-crispa L. fruits, légumes, légumineuses et oléagineux fruits, vegetables, legumes and nuts",100,g,4.45,0.88,0.58,39.4,ciqual-2025-11-03
ciqual,13021,"Kiwi, chair sans peau, avec pépins, cru",fr,"Kiwi fruit, flesh without skin, with seeds, raw","Actinidia sinensis Planch. fruits, légumes, légumineuses et oléagineux fruits, vegetables, legumes and nuts",100,g,11,0.88,0.6,60.9,ciqual-2025-11-03
ciqual,13023,"Litchi, chair sans peau, sans noyau, cru",fr,"Lithchi, flesh without skin, pitted, flesh without skin, raw","Litchi chinensis Sonn. fruits, légumes, légumineuses et oléagineux fruits, vegetables, legumes and nuts",100,g,16.1,1.13,0,77.5,ciqual-2025-11-03
ciqual,13024,"Clémentine ou mandarine, chair sans peau, sans pépins, crue",fr,"Clementine or Mandarin orange, flesh without skin, without seeds, raw","Citrus clementina hort. ex Tanaka or Citrus reticulata Blanco fruits, légumes, légumineuses et oléagineux fruits, vegetables, legumes and nuts",100,g,9.17,0.81,0,45.5,ciqual-2025-11-03
ciqual,13025,"Mangue, chair sans peau, sans noyau, crue",fr,"Mango, flesh without skin, pitted, raw","Mangifera indica L. fruits, légumes, légumineuses et oléagineux fruits, vegetables, legumes and nuts",100,g,14.3,0.63,0,71.1,ciqual-2025-11-03
ciqual,13026,"Melon cantaloup (par ex.: Charentais), chair sans peau, sans pépins, cru",fr,"Melon, cantaloupe (ex Charentais melon), flesh without skin, without seeds, raw","Cucumis melo L. fruits, légumes, légumineuses et oléagineux fruits, vegetables, legumes and nuts",100,g,14.8,1.13,0,59.8,ciqual-2025-11-03
ciqual,13027,"Prune mirabelle, sans noyau, crue",fr,"Mirabelle plum, pitted, raw","Prunus domestica L. subsp. Syriaca fruits, légumes, légumineuses et oléagineux fruits, vegetables, legumes and nuts",100,g,18,0.63,0,74.6,ciqual-2025-11-03
ciqual,13028,"Myrtille, crue",fr,"Blueberry, raw","Vaccinium spp. fruits, légumes, légumineuses et oléagineux fruits, vegetables, legumes and nuts",100,g,10.6,0.87,0.33,57.7,ciqual-2025-11-03
ciqual,13029,"Mûre (de ronce), crue",fr,"Blackberry, raw","Rugus spp. fruits, légumes, légumineuses et oléagineux fruits, vegetables, legumes and nuts",100,g,6.53,1.13,0.7,46,ciqual-2025-11-03
ciqual,13032,"Olive noire, en saumure, égouttée",fr,"Olive, black, in brine",aides culinaires et ingrédients divers miscellaneous,100,g,0,1.38,17.2,173,ciqual-2025-11-03
ciqual,13033,"Olive verte, en saumure, égouttée",fr,"Olive, green, in brine",aides culinaires et ingrédients divers miscellaneous,100,g,0.61,1.13,16.6,164,ciqual-2025-11-03
ciqual,13034,"Orange, chair sans peau, sans pépins, crue",fr,"Orange, flesh without skin, without seeds, raw","Citrus sinensis (L.) Osbeck fruits, légumes, légumineuses et oléagineux fruits, vegetables, legumes and nuts",100,g,8.03,0.75,0,42,ciqual-2025-11-03
ciqual,13035,"Papaye, chair sans peau, crue",fr,"Papaya, flesh without skin, raw","Carica papaya L. fruits, légumes, légumineuses et oléagineux fruits, vegetables, legumes and nuts",100,g,8.53,0.75,0,39.6,ciqual-2025-11-03
ciqual,13036,"Pastèque, chair sans peau, sans pépins, crue",fr,"Watermelon, flesh without skin, without seeds, raw","Citrullus vulgaris Schraders or Citrullus lanatus (Thunb.) Matsum fruits, légumes, légumineuses et oléagineux fruits, vegetables, legumes and nuts",100,g,8.33,0.69,0,35.4,ciqual-2025-11-03
ciqual,13037,"Poire, chair et peau, crue",fr,"Pear, flesh and skin, raw","Pyrus communis L. fruits, légumes, légumineuses et oléagineux fruits, vegetables, legumes and nuts",100,g,12.3,0.36,0.27,56.6,ciqual-2025-11-03
ciqual,13038,"Compote de pomme, préemballée",fr,"Apple compote, prepacked","fruits, légumes, légumineuses et oléagineux fruits, vegetables, legumes and nuts",100,g,25.8,0.25,0.23,107,ciqual-2025-11-03
ciqual,13039,"Pomme, chair et peau, crue",fr,"Apple, flesh and skin, raw","Malus domestica Borkhausen fruits, légumes, légumineuses et oléagineux fruits, vegetables, legumes and nuts",100,g,11.6,0.25,0.25,54,ciqual-2025-11-03
ciqual,13040,"Pomelo (dit Pamplemousse), chair sans peau, sans pépins, cru",fr,"Grapefruit, flesh without skin, without seeds, raw","Citrus paradisi Macf. fruits, légumes, légumineuses et oléagineux fruits, vegetables, legumes and nuts",100,g,5.92,0.84,0,33.5,ciqual-2025-11-03
ciqual,13041,"Prune Reine-Claude, sans noyau, crue",fr,"Greengage plum, pitted, raw","Prunus domestica var.italica Borkh fruits, légumes, légumineuses et oléagineux fruits, vegetables, legumes and nuts",100,g,16.4,0.94,0,69,ciqual-2025-11-03
ciqual,13042,"Pruneau, sans noyau, sec",fr,"Prune, pitted","fruits, légumes, légumineuses et oléagineux fruits, vegetables, legumes and nuts",100,g,55.4,1.63,0.4,229,ciqual-2025-11-03
ciqual,13043,"Pêche, chair et peau, sans noyau, crue",fr,"Peach, flesh and skin, pitted, raw","Prunus persica fruits, légumes, légumineuses et oléagineux fruits, vegetables, legumes and nuts",100,g,7.55,0.91,0.25,37.9,ciqual-2025-11-03
ciqual,13044,"Raisin blanc, à gros grain (type Italia ou Dattier), cru",fr,"Grape, white, raw","Vitis vinifera L. fruits, légumes, légumineuses et oléagineux fruits, vegetables, legumes and nuts",100,g,16.6,0.75,0,71.6,ciqual-2025-11-03
ciqual,13045,"Raisin noir, cru",fr,"Grape, red, raw","Vitis vinifera L. fruits, légumes, légumineuses et oléagineux fruits, vegetables, legumes and nuts",100,g,15.6,0.57,0.25,69.5,ciqual-2025-11-03
ciqual,13046,Raisin sec,fr,Raisin,"fruits, légumes, légumineuses et oléagineux fruits, vegetables, legumes and nuts",100,g,73.2,3,0.9,322,ciqual-2025-11-03
ciqual,13047,"Rhubarbe, tige, crue",fr,"Rhubarb, stalk, raw","Rheum rhabarbarum L. fruits, légumes, légumineuses et oléagineux fruits, vegetables, legumes and nuts",100,g,1.12,0.73,0.16,18.1,ciqual-2025-11-03
ciqual,13051,"Mélange apéritif de fruits exotiques, sec",fr,"Tropical fruit mix, sweetened, for snack, dried","fruits, légumes, légumineuses et oléagineux fruits, vegetables, legumes and nuts",100,g,69.5,2.19,10.5,389,ciqual-2025-11-03
ciqual,13054,"Carambole, chair et peau, crue",fr,"Carambola, flesh and skin, raw","Averrhoa carambola L. fruits, légumes, légumineuses et oléagineux fruits, vegetables, legumes and nuts",100,g,3.83,1.04,0.33,28.4,ciqual-2025-11-03
ciqual,13055,"Cerise acérola, chair et peau, sans noyau, crue",fr,"Acerola, flesh and skin, pitted, raw","Malpighia punicifolia L. fruits, légumes, légumineuses et oléagineux fruits, vegetables, legumes and nuts",100,g,6.59,0.4,0.3,,ciqual-2025-11-03
ciqual,13056,"Anone ou chérimole, chair sans peau, crue",fr,"Cherimoya, flesh without skin, raw","Annona cherimola Mill. fruits, légumes, légumineuses et oléagineux fruits, vegetables, legumes and nuts",100,g,15.4,1.57,0.68,80,ciqual-2025-11-03
ciqual,13061,"Feijoa, chair sans peau, crue",fr,"Feijoa, flesh without skin, raw","Feijoa sellowiana Berg. fruits, légumes, légumineuses et oléagineux fruits, vegetables, legumes and nuts",100,g,8.2,0.71,0.42,,ciqual-2025-11-03
ciqual,13063,"Figue de Barbarie, chair et peau, avec pépins, crue",fr,"Prickly pear, flesh and skin, with seeds, raw","Opuntia ficus-indica (L.) Mill. fruits, légumes, légumineuses et oléagineux fruits, vegetables, legumes and nuts",100,g,9.79,0.12,0.11,51.5,ciqual-2025-11-03
ciqual,13066,"Kaki, chair et peau, cru",fr,"Persimmon, flesh and skin, raw","Diospyros kaki L. f. fruits, légumes, légumineuses et oléagineux fruits, vegetables, legumes and nuts",100,g,14.3,0.88,0,66,ciqual-2025-11-03
ciqual,13067,"Citron vert ou lime, chair sans peau, sans pépins, cru",fr,"Lime, flesh without skin, without seeds, raw","Citrus aurantiifolia (Christm.) Swingle. fruits, légumes, légumineuses et oléagineux fruits, vegetables, legumes and nuts",100,g,3.14,1.13,0,39.3,ciqual-2025-11-03
ciqual,13071,"Mûre noire (du mûrier), crue",fr,"Black mulberry, raw","Morus nigra L. fruits, légumes, légumineuses et oléagineux fruits, vegetables, legumes and nuts",100,g,8.1,1.44,0.39,,ciqual-2025-11-03
ciqual,13077,"Ramboutan ou rambutan, chair sans peau, sans noyau, crue",fr,"Rambutan, flesh without skin, pitted, raw","Nephelium lappaceum L. fruits, légumes, légumineuses et oléagineux fruits, vegetables, legumes and nuts",100,g,20,0.65,0.21,,ciqual-2025-11-03
ciqual,13080,"Tamarin, fruit mûr, chair sans peau, avec pépins, cru",fr,"Tamarind, mature fruit, flesh without skin, with seeds, raw","Tamarindus indica L. fruits, légumes, légumineuses et oléagineux fruits, vegetables, legumes and nuts",100,g,57.4,2.8,0.6,,ciqual-2025-11-03
ciqual,13083,"Goyave, chair sans peau, crue",fr,"Guava, flesh without skin, raw","Psidium guajava L. fruits, légumes, légumineuses et oléagineux fruits, vegetables, legumes and nuts",100,g,9.02,2.55,0.95,68.3,ciqual-2025-11-03
ciqual,13085,"Pomme Canada, chair sans peau, crue",fr,"Apple, Canada, flesh without skin, raw","Malus domestica Borkhausen Reinette grise du Canada fruits, légumes, légumineuses et oléagineux fruits, vegetables, legumes and nuts",100,g,11.6,0.4,0.1,51.1,ciqual-2025-11-03
ciqual,13086,"Pomme Golden, chair sans peau, crue",fr,"Apple, var. Golden, flesh without skin, raw","Malus domestica Borkhausen Golden Delicious fruits, légumes, légumineuses et oléagineux fruits, vegetables, legumes and nuts",100,g,11.7,0.25,0,50.4,ciqual-2025-11-03
ciqual,13089,"Banane, chair sans peau, sèche",fr,"Banana, flesh without skin, dried","fruits, légumes, légumineuses et oléagineux fruits, vegetables, legumes and nuts",100,g,78.4,3.89,1.81,365,ciqual-2025-11-03
ciqual,13100,"Prune, sans noyau, crue",fr,"Plum, flesh and skin, pitted, raw","Prunus domestica L. fruits, légumes, légumineuses et oléagineux fruits, vegetables, legumes and nuts",100,g,9.92,0.7,0.28,51.6,ciqual-2025-11-03
ciqual,13101,"Raisin Chasselas, cru",fr,"Grape, Chasselas, raw","Vitis vinifera L. fruits, légumes, légumineuses et oléagineux fruits, vegetables, legumes and nuts",100,g,16.9,0.75,0.5,77.8,ciqual-2025-11-03
ciqual,13110,"Griotte, crue",fr,"Morello cherry, raw","Prunus cerasus fruits, légumes, légumineuses et oléagineux fruits, vegetables, legumes and nuts",100,g,10.6,1,0.3,,ciqual-2025-11-03
ciqual,13111,"Pomme, sèche",fr,"Apple, dried","fruits, légumes, légumineuses et oléagineux fruits, vegetables, legumes and nuts",100,g,55,0.93,0.32,247,ciqual-2025-11-03
ciqual,13113,"Canneberge ou cranberry, crue",fr,"Cranberry, raw","Vaccinium oxycoccus L. fruits, légumes, légumineuses et oléagineux fruits, vegetables, legumes and nuts",100,g,7.6,0.88,0.17,,ciqual-2025-11-03
ciqual,13118,"Pêche, chair et peau, sans noyau, sèche",fr,"Peach, flesh and skin, pitted, dried","fruits, légumes, légumineuses et oléagineux fruits, vegetables, legumes and nuts",100,g,65.4,5,1,329,ciqual-2025-11-03
ciqual,13121,"Pomme Granny Smith, chair sans peau, crue",fr,"Apple, var. Granny Smith, flesh without skin, raw","Malus domestica Borkhausen Granny Smith fruits, légumes, légumineuses et oléagineux fruits, vegetables, legumes and nuts",100,g,11.4,0.25,0,51,ciqual-2025-11-03
ciqual,13122,"Pomme Granny Smith, chair et peau, crue",fr,"Apple, var. Granny Smith, flesh and skin,, raw","Malus domestica Borkhausen Granny Smith fruits, légumes, légumineuses et oléagineux fruits, vegetables, legumes and nuts",100,g,10.7,0.25,0,48.6,ciqual-2025-11-03
ciqual,13125,"Citron, zeste, cru",fr,"Lemon zest, raw","Citrus limon (L.) Burm. f. fruits, légumes, légumineuses et oléagineux fruits, vegetables, legumes and nuts",100,g,5.4,1.5,0.3,,ciqual-2025-11-03
ciqual,13126,"Sureau, baie, crue",fr,"Elderberry, berries, raw","Sambucus spp. fruits, légumes, légumineuses et oléagineux fruits, vegetables, legumes and nuts",100,g,11.4,0.66,0.5,,ciqual-2025-11-03
ciqual,13128,"Chayote ou christophine ou chouchou, crue",fr,"Chayote, raw","Sechium edule fruits, légumes, légumineuses et oléagineux fruits, vegetables, legumes and nuts",100,g,2.8,0.82,0.13,19.1,ciqual-2025-11-03
ciqual,13129,"Compote, tout type de fruits, allégée en sucres, préemballée, rayon frais",fr,"Fruit compote, miscellaneous fruits, reduced sugar, prepacked, refrigerated","fruits, légumes, légumineuses et oléagineux fruits, vegetables, legumes and nuts",100,g,14.7,0.17,0.073,63.8,ciqual-2025-11-03
ciqual,13131,"Olive noire, à l'huile (à la grecque)",fr,"Olive, black, in oil (Greek olive)",aides culinaires et ingrédients divers miscellaneous,100,g,4.33,2.19,33.3,349,ciqual-2025-11-03
ciqual,13132,"Myrtille, surgelée, crue",fr,"Blueberry, frozen, raw","Vaccinium spp. fruits, légumes, légumineuses et oléagineux fruits, vegetables, legumes and nuts",100,g,8.9,0.42,0.64,,ciqual-2025-11-03
ciqual,13134,"Salade de fruits, crue",fr,"Fruit salad, raw","(Genus and species unknown or multiple) fruits, légumes, légumineuses et oléagineux fruits, vegetables, legumes and nuts",100,g,18,0.61,0.24,79.3,ciqual-2025-11-03
ciqual,13136,"Framboise, surgelée, crue",fr,"Raspberry, frozen, raw","Rubus idaeus L. fruits, légumes, légumineuses et oléagineux fruits, vegetables, legumes and nuts",100,g,7,1,0.5,,ciqual-2025-11-03
ciqual,13147,"Olives vertes, fourrées ou farcies (anchois, poivrons, etc.)",fr,"Olive, green, stuffed (anchovy, sweet peppers, etc…)",aides culinaires et ingrédients divers miscellaneous,100,g,1.17,2.09,15.2,156,ciqual-2025-11-03
ciqual,13148,"Nectarine ou brugnon, jaune, chair et peau, sans noyau, crue",fr,"Nectarine, yellow, flesh and skin, pitted, raw","Prunus persica Mill. var nectarina (Alton) fruits, légumes, légumineuses et oléagineux fruits, vegetables, legumes and nuts",100,g,11.3,0.69,0,49.5,ciqual-2025-11-03
ciqual,13149,"Nectarine ou brugnon, blanche, chair et peau, sans noyau, crue",fr,"Nectarine, white, flesh and skin, pitted, raw","Prunus persica Mill. var nectarina (Alton) fruits, légumes, légumineuses et oléagineux fruits, vegetables, legumes and nuts",100,g,11.4,0.81,0,49.5,ciqual-2025-11-03
ciqual,13150,"Mûre (de ronce), surgelée, crue",fr,"Blackberry, frozen, raw","Rugus spp. fruits, légumes, légumineuses et oléagineux fruits, vegetables, legumes and nuts",100,g,10.7,1.18,0.43,,ciqual-2025-11-03
ciqual,13151,"Compote de pomme, allégée en sucres, rayon ambiant",fr,"Apple compote, reduced sugar, prepacked, room temperature","fruits, légumes, légumineuses et oléagineux fruits, vegetables, legumes and nuts",100,g,15.1,0.25,0.13,64.3,ciqual-2025-11-03
ciqual,13152,"Dessert de fruits, tout type de fruits (en taux de sucres : compotes allégées en sucres < desserts de fruits < compotes), préemballé, rayon ambiant",fr,"Fruits dessert, all types (sugar content is less than fruits compote but more than fruits compote reduced sugar), prepacked, room temperature","fruits, légumes, légumineuses et oléagineux fruits, vegetables, legumes and nuts",100,g,20.6,0.33,0.21,89.3,ciqual-2025-11-03
ciqual,13153,"Purée de fruits, tout type de fruits, type ""compote sans sucres ajoutés"", rayon ambiant",fr,"Stewed fruits, no added sugars, pulp or mixed fruits), prepacked, room temperature","fruits, légumes, légumineuses et oléagineux fruits, vegetables, legumes and nuts",100,g,13.3,0.25,0,56.4,ciqual-2025-11-03
ciqual,13154,"Spécialité de fruits, tout type de fruits, sucrée (mélange chairs et/ou purées de fruits, mais toujours avec autre ingrédient), préemballée, rayon ambiant",fr,"Stewed fruits, sweetened (pulp or mixed fruits, with sugar(s), but always with other ingredient), prepacked, room temperature","fruits, légumes, légumineuses et oléagineux fruits, vegetables, legumes and nuts",100,g,16.5,0.28,0.41,72.7,ciqual-2025-11-03
ciqual,13157,Petit pot fruit avec banane pour bébé,fr,"Baby food jar, fruits with banana",aliments infantiles baby food,100,g,12.1,0.6,0,56.6,ciqual-2025-11-03
ciqual,13158,Petit pot fruit sans banane pour bébé,fr,"Baby food jar, fruits without banana",aliments infantiles baby food,100,g,10.9,0.29,0,49.2,ciqual-2025-11-03
ciqual,13159,Boisson aux fruits pour bébé dès 4/6mois,fr,"Baby fruit-based beverage, from 4/6 months",aliments infantiles baby food,100,g,8.57,0.25,0,35.1,ciqual-2025-11-03
ciqual,13160,Boisson à base de plantes pour bébé,fr,Baby plant-based beverage,aliments infantiles baby food,100,g,5.8,0.25,0,23.2,ciqual-2025-11-03
ciqual,13161,Boisson infantile céréales lactées aux légumes pour dîner dès 4/6 mois,fr,"Dairy and cereal-based beverage for baby's dinner, with vegetables, from 4/6 months",aliments infantiles baby food,100,g,11.6,2.1,2.83,82.1,ciqual-2025-11-03
ciqual,13162,Boisson infantile céréales lactées aux fruits pour le goûter dès 4/6 mois,fr,"Dairy and cereal-based beverage for baby's snack, with fruits, from 4/6 months",aliments infantiles baby food,100,g,7.7,1.71,3,67.6,ciqual-2025-11-03
ciqual,13163,Boisson infantile céréales lactées pour le petit déjeuner dès 4/6 mois,fr,"Dairy and cereal-based beverage for baby's breakfast, from 4/6 months",aliments infantiles baby food,100,g,12.1,1.94,2.7,80.7,ciqual-2025-11-03
ciqual,13164,Dessert infantile lacté type crème dessert,fr,"Dairy dessert for baby, custard type",aliments infantiles baby food,100,g,11.3,3.25,3.1,87,ciqual-2025-11-03
ciqual,13165,Dessert infantile lacté au riz ou à la semoule,fr,"Dairy dessert for baby, with rice or semolina",aliments infantiles baby food,100,g,11.7,3.38,3.3,90.8,ciqual-2025-11-03
ciqual,13166,"Dessert infantile lacté, sucré, nature ou aux fruits",fr,"Dairy dessert for baby, with sugar(s), plain or with fruits",aliments infantiles baby food,100,g,12.5,3.13,3.5,97,ciqual-2025-11-03
ciqual,13167,"Céréales instantanées, poudre à reconstituer, dès 4/6 mois",fr,"Baby instant cereal (powder to be reconstituted), from 4/6 months",aliments infantiles baby food,100,g,88.3,5.1,1.7,393,ciqual-2025-11-03
ciqual,13168,"Céréales instantanées, poudre à reconstituer, dès 6 mois",fr,"Baby instant cereal (powder to be reconstituted), from 6 months",aliments infantiles baby food,100,g,81.1,10,2,391,ciqual-2025-11-03
ciqual,13169,Boisson infantile céréales lactées pour le petit déjeuner dès 8/9 mois,fr,"Dairy and cereal-based beverage for baby's breakfast, from 8/9 months",aliments infantiles baby food,100,g,11.6,2.31,2.8,81.2,ciqual-2025-11-03
ciqual,13170,Boisson infantile céréales lactées pour le petit déjeuner dès 12 mois,fr,"Dairy and cereal-based beverage for baby's breakfast, from 12 months",aliments infantiles baby food,100,g,12.6,2.18,2.78,86.3,ciqual-2025-11-03
ciqual,13171,Boisson infantile lactées aux fruits pour le goûter dès 4/6 mois (sans céréales),fr,"Dairy beverage for baby's snack from 4/6 months, with fruits (without cereals)",aliments infantiles baby food,100,g,10.4,1.81,2.6,72.5,ciqual-2025-11-03
ciqual,13173,Boisson infantile céréales lactées pour le petit déjeuner,fr,Dairy and cereal-based beverage for baby's breakfast,aliments infantiles baby food,100,g,12.7,1.86,2.89,85.5,ciqual-2025-11-03
ciqual,13174,"Spécialité de fruits, tout type de fruits, sans sucres ajoutés (mélange chairs et/ou purées de fruits, mais toujours avec autre ingrédient), préemballée, rayon ambiant",fr,"Stewed fruits, no added sugars (pulp or mixed fruits, but always with other ingredient), prepacked, room temperature","fruits, légumes, légumineuses et oléagineux fruits, vegetables, legumes and nuts",100,g,12.7,0.32,0.37,58.3,ciqual-2025-11-03
ciqual,13175,"Pomme, chair sans peau, rôtie/cuite au four",fr,"Apple, flesh without skin, roasted/baked","fruits, légumes, légumineuses et oléagineux fruits, vegetables, legumes and nuts",100,g,12.9,0.16,0,52.7,ciqual-2025-11-03
ciqual,13176,"Pomme, chair sans peau, bouillie/cuite à l'eau",fr,"Apples, raw, without skin, cooked, boiled/cooked in water","fruits, légumes, légumineuses et oléagineux fruits, vegetables, legumes and nuts",100,g,11.2,0.26,0.36,54,ciqual-2025-11-03
ciqual,13177,"Chayote ou christophine ou chouchou, bouillie/cuite à l'eau",fr,"Chayote, boiled/cooked in water","Sechium edule fruits, légumes, légumineuses et oléagineux fruits, vegetables, legumes and nuts",100,g,2.29,0.62,0.48,21.6,ciqual-2025-11-03
ciqual,13178,"Canneberge ou cranberry, séchée, sucrée",fr,"Cranberry, dried, with sugar(s)","fruits, légumes, légumineuses et oléagineux fruits, vegetables, legumes and nuts",100,g,76.4,0.25,1,332,ciqual-2025-11-03
ciqual,13179,"Pomelo (dit Pamplemousse) jaune, chair sans peau, sans pépins, cru",fr,"Grapefruit, yellow, flesh without skin, without seeds, raw","Citrus paradisi Macf. fruits, légumes, légumineuses et oléagineux fruits, vegetables, legumes and nuts",100,g,7.31,0.69,0.1,,ciqual-2025-11-03
ciqual,13180,"Pomelo (dit Pamplemousse) rose, chair sans peau, sans pépins, cru",fr,"Grapefruit, red or pink, flesh without skin, without seeds, raw","Citrus paradisi Macf. fruits, légumes, légumineuses et oléagineux fruits, vegetables, legumes and nuts",100,g,6.2,0.77,0.14,,ciqual-2025-11-03
ciqual,13182,Boisson infantile céréales lactées (aliment moyen),fr,Dairy and cereal-based beverage for baby (average),aliments infantiles baby food,100,g,12.6,2.17,2.78,86,ciqual-2025-11-03
ciqual,13183,"Baie de goji, séchée",fr,"Goji berry, dried","fruits, légumes, légumineuses et oléagineux fruits, vegetables, legumes and nuts",100,g,49,12.1,2.9,300,ciqual-2025-11-03
ciqual,13184,Olive (aliment moyen),fr,Olive (average),aides culinaires et ingrédients divers miscellaneous,100,g,0.65,1.29,16.6,165,ciqual-2025-11-03
ciqual,13185,"Compote ou assimilé, tout type de fruits, sans précision sur la teneur en sucres (allégée en sucres ou non, sans sucres ajoutés…) ni sur le rayon (aliment moyen)",fr,"Fruit compote and similar, any fruit, sugar content unknown (average)","fruits, légumes, légumineuses et oléagineux fruits, vegetables, legumes and nuts",100,g,19.1,0.26,0.16,80.2,ciqual-2025-11-03
ciqual,13186,Olive noire (aliment moyen),fr,"Olives, black (average food)",aides culinaires et ingrédients divers miscellaneous,100,g,0.26,1.41,18,182,ciqual-2025-11-03
ciqual,13187,"Purée de pommes, type ""compote sans sucres ajoutés"", rayon ambiant",fr,"Stewed fruits, apple, no added sugars, (pulp or mixed fruits), room temperature","fruits, légumes, légumineuses et oléagineux fruits, vegetables, legumes and nuts",100,g,11.6,1.13,0.28,56.4,ciqual-2025-11-03
ciqual,13188,"Poire Conférence, chair sans peau, crue",fr,"Pear, var. Conférence, flesh without skin, raw","Pyrus communis L. Conference fruits, légumes, légumineuses et oléagineux fruits, vegetables, legumes and nuts",100,g,11.4,0.25,0,49.1,ciqual-2025-11-03
ciqual,13189,"Poire Williams, chair sans peau, crue",fr,"Pear, var. Williams, flesh without skin, raw","Pyrus communis L. Williams fruits, légumes, légumineuses et oléagineux fruits, vegetables, legumes and nuts",100,g,11.5,0.25,0,50.2,ciqual-2025-11-03
ciqual,13190,"Pomme Chantecler, chair sans peau, crue",fr,"Apple, var. Chanteclerc, flesh without skin, raw","Malus domestica Borkhausen Chantecler fruits, légumes, légumineuses et oléagineux fruits, vegetables, legumes and nuts",100,g,11.2,0.25,0,47.2,ciqual-2025-11-03
ciqual,13191,"Pomme Gala, chair sans peau, crue",fr,"Apple, var. Gala, flesh without skin, raw","Malus domestica Borkhausen Gala fruits, légumes, légumineuses et oléagineux fruits, vegetables, legumes and nuts",100,g,11.9,0.25,0,51.6,ciqual-2025-11-03
ciqual,13192,"Pomme Pink lady, chair sans peau, crue",fr,"Apple, var. Pink lady, flesh without skin, raw","Malus domestica Borkhausen Pink Lady fruits, légumes, légumineuses et oléagineux fruits, vegetables, legumes and nuts",100,g,12.8,0.25,0,57.3,ciqual-2025-11-03
ciqual,13193,"Pêche blanche, chair et peau, sans noyau, crue",fr,"Peach, white-flesh variety, flesh and skin, pitted, raw","Prunus persica fruits, légumes, légumineuses et oléagineux fruits, vegetables, legumes and nuts",100,g,9.48,0.69,0,44.3,ciqual-2025-11-03
ciqual,13194,"Pêche blanche, chair sans peau, sans noyau, crue",fr,"Peach, white-flesh variety, flesh without skin, pitted, raw","Prunus persica fruits, légumes, légumineuses et oléagineux fruits, vegetables, legumes and nuts",100,g,9.63,0.63,0,44.3,ciqual-2025-11-03
ciqual,13195,"Pêche jaune, chair sans peau, sans noyau, crue",fr,"Peach, yellow-flesh variety, flesh without skin, pitted, raw","Prunus persica fruits, légumes, légumineuses et oléagineux fruits, vegetables, legumes and nuts",100,g,9.8,0.69,0,44.5,ciqual-2025-11-03
ciqual,13199,"Compote, tout type de fruits autres que pomme seule, allégée en sucres, préemballée, rayon ambiant",fr,"Fruit compote, miscellaneous fruits other than apple only, reduced sugar, prepacked, room temperature","fruits, légumes, légumineuses et oléagineux fruits, vegetables, legumes and nuts",100,g,15.4,0.25,0.2,65.7,ciqual-2025-11-03
ciqual,13200,"Mangue José, chair sans peau, sans noyau, crue, prélevée à La Réunion (Mangifera indica L.)",fr,"Mango José, flesh without skin, pitted, raw, sampled in the island La Réunion (Mangifera indica L.)","Mangifera indica L. fruits, légumes, légumineuses et oléagineux fruits, vegetables, legumes and nuts",100,g,19.3,0.75,0.5,88.8,ciqual-2025-11-03
ciqual,13201,"Ananas Victoria ou Queen Victoria, chair sans peau, crue, prélevé à La Réunion",fr,"Queen Vicoria ananas, flesh, raw, sampled in the island La Réunion","Ananas comosus (L.) merr var. Queen fruits, légumes, légumineuses et oléagineux fruits, vegetables, legumes and nuts",100,g,15.1,0.94,0,69.8,ciqual-2025-11-03
ciqual,13202,"Papaye Colombo (fruit mûr), chair sans peau, sans pépins, crue, prélevée à La Réunion (Carica papaya L.)",fr,"Colombo Papaya (fruit), mature,flesh without skin, without seeds, raw, sampled in the island La Réunion (Carica papaya L.)","Carica papaya L. fruits, légumes, légumineuses et oléagineux fruits, vegetables, legumes and nuts",100,g,7.88,0.56,0,38,ciqual-2025-11-03
ciqual,13203,"Rhubarbe, tige, cuite",fr,"Rhubarb, stalk, cooked","fruits, légumes, légumineuses et oléagineux fruits, vegetables, legumes and nuts",100,g,1.35,0.94,0,18.8,ciqual-2025-11-03
ciqual,13204,"Compote de pêche, préemballée",fr,"Peach compote, prepacked","fruits, légumes, légumineuses et oléagineux fruits, vegetables, legumes and nuts",100,g,24.9,0.63,0.1,106,ciqual-2025-11-03
ciqual,13205,"Compote d'abricot, préemballée",fr,"Apricot compote, prepacked","fruits, légumes, légumineuses et oléagineux fruits, vegetables, legumes and nuts",100,g,24.1,0.72,0.1,103,ciqual-2025-11-03
ciqual,13206,"Compote de rhubarbe, préemballée",fr,"Rhubarb compote, prepacked","fruits, légumes, légumineuses et oléagineux fruits, vegetables, legumes and nuts",100,g,25.8,0.57,0.067,111,ciqual-2025-11-03
ciqual,13207,"Dessert de fruits, tout type de fruits (en taux de sucres : compotes allégées en sucres < desserts de fruits < compotes), préemballé, rayon frais",fr,"Fruits dessert, all types (sugar content is less than fruits compote but more than fruits compote reduced sugar), prepacked, refrigerated","fruits, légumes, légumineuses et oléagineux fruits, vegetables, legumes and nuts",100,g,17.7,0.35,0.22,77.3,ciqual-2025-11-03
ciqual,13208,"Spécialité de fruits divers, sucrée (mélange chairs et/ou purées de fruits, mais toujours avec autre ingrédient), préemballée, rayon frais",fr,"Stewed fruits, sweetened (pulp or mixed fruits, with sugar(s), but always with other ingredient), prepacked, refrigerated","fruits, légumes, légumineuses et oléagineux fruits, vegetables, legumes and nuts",100,g,18.2,0.36,0.22,79.2,ciqual-2025-11-03
ciqual,13209,"Spécialité de fruits, tout type de fruits, sans sucres ajoutés (mélange chairs et/ou purées de fruits, mais toujours avec autre ingrédient), préemballée, rayon frais",fr,"Stewed fruits, no added sugars (pulp or mixed fruits, but always with other ingredient), prepacked, refrigerated","fruits, légumes, légumineuses et oléagineux fruits, vegetables, legumes and nuts",100,g,12.2,0.38,0.3,55.6,ciqual-2025-11-03
ciqual,13210,"Purée de fruits, tout type de fruits, type ""compote sans sucres ajoutés"", préemballée, rayon frais",fr,"Stewed fruits, no added sugars (pulp or mixed fruits,), prepacked, refrigerated","fruits, légumes, légumineuses et oléagineux fruits, vegetables, legumes and nuts",100,g,12.7,0.43,0.29,58.7,ciqual-2025-11-03
ciqual,13211,"Compote, autres fruits, préemballée",fr,"Other fruit compote, prepacked","fruits, légumes, légumineuses et oléagineux fruits, vegetables, legumes and nuts",100,g,23.9,0.25,0.072,101,ciqual-2025-11-03
ciqual,13212,"Compote de pomme, sans précision sur la teneur en sucres ni sur le rayon (aliment moyen)",fr,"Apple compote, sugar content and temperature unknown, prepacked (average)","fruits, légumes, légumineuses et oléagineux fruits, vegetables, legumes and nuts",100,g,22.4,0.25,0.2,93.5,ciqual-2025-11-03
ciqual,13213,"Dessert de fruits, tout type de fruits (en taux de sucres : compotes allégées en sucres < desserts de fruits < compotes), préemballé, sans précision sur le rayon (aliment moyen)",fr,"Fruits dessert, all types (sugar content is less than fruits compote but more than fruits compote reduced sugar), prepacked (average)","fruits, légumes, légumineuses et oléagineux fruits, vegetables, legumes and nuts",100,g,19.4,0.34,0.22,84.4,ciqual-2025-11-03
ciqual,13214,"Purée de fruits, tout type de fruits, type ""compote sans sucres ajoutés"", sans précision sur le rayon (aliment moyen)",fr,"Stewed fruits, no added sugars (pulp or mixed fruits,), prepacked (average)","fruits, légumes, légumineuses et oléagineux fruits, vegetables, legumes and nuts",100,g,13.3,0.25,0.15,56.4,ciqual-2025-11-03
ciqual,13215,"Spécialité de fruits, tout type de fruits, (mélange chairs et/ou purées de fruits, mais toujours avec autre ingrédient), sans précision sur la teneur en sucres ni sur le rayon (aliment moyen)",fr,"Stewed fruits, sugar content unknown (pulp or mixed fruits, w or without sugar, but always with other ingredient), prepacked (average)","fruits, légumes, légumineuses et oléagineux fruits, vegetables, legumes and nuts",100,g,16.5,0.28,0.41,72.7,ciqual-2025-11-03
ciqual,13395,Raisin cru (aliment moyen),fr,"Grape, raw (average)","Vitis vinifera L. fruits, légumes, légumineuses et oléagineux fruits, vegetables, legumes and nuts",100,g,16.3,0.7,0.25,71,ciqual-2025-11-03
ciqual,13396,"Pomme, chair sans peau, crue (aliment moyen)",fr,"Apple, flesh without skin, raw (average)","Malus domestica Borkhausen fruits, légumes, légumineuses et oléagineux fruits, vegetables, legumes and nuts",100,g,11.9,0.26,0.24,51.3,ciqual-2025-11-03
ciqual,13397,"Poire, chair, crue (aliment moyen)",fr,"Pear, flesh without skin, raw (average)","Pyrus communis L. fruits, légumes, légumineuses et oléagineux fruits, vegetables, legumes and nuts",100,g,11.4,0.25,0,49.7,ciqual-2025-11-03
ciqual,13398,"Pêche, chair sans peau, sans noyau, crue (aliment moyen)",fr,"Peach, flesh without skin, pitted, raw (average)","Prunus persica fruits, légumes, légumineuses et oléagineux fruits, vegetables, legumes and nuts",100,g,9.74,0.67,0,44.4,ciqual-2025-11-03
ciqual,13399,"Nectarine ou brugnon, chair et peau, sans noyau, crue (aliment moyen)",fr,"Nectarine, flesh and skin, pitted, raw (average)","Prunus persica Mill. var nectarina (Alton) fruits, légumes, légumineuses et oléagineux fruits, vegetables, legumes and nuts",100,g,11.3,0.74,0,49.5,ciqual-2025-11-03
ciqual,13400,"Abricot pays, chair et peau, sans noyau, au sirop, appertisé, non égoutté, prélevé à la Martinique",fr,"Mammee, flesh and skin, pitted, canned in syrup, solids and liquids, sampled in the island of La Martinique","fruits, légumes, légumineuses et oléagineux fruits, vegetables, legumes and nuts",100,g,13.3,0.28,0.1,,ciqual-2025-11-03
ciqual,13401,"Abricot pays, chair et peau, sans noyau, cru, prélevé à la Martinique",fr,"Mammee, flesh and skin, pitted, raw, sampled in the island of La Martinique","Memmea americana fruits, légumes, légumineuses et oléagineux fruits, vegetables, legumes and nuts",100,g,10.8,0.48,0.05,,ciqual-2025-11-03
ciqual,13406,"Chips d'abricot pays, prélevé à la Martinique",fr,"Mammee, crisps, sampled in the island of La Martinique","fruits, légumes, légumineuses et oléagineux fruits, vegetables, legumes and nuts",100,g,68.7,0.96,18.7,,ciqual-2025-11-03
ciqual,13417,"Jus de mandarine commune, pur jus filtré, prélevée à la Martinique",fr,"Common mandarin juice, pure juice, filtered, sampled in the island of La Martinique","fruits, légumes, légumineuses et oléagineux fruits, vegetables, legumes and nuts",100,g,8.63,0.61,0.57,42.1,ciqual-2025-11-03
ciqual,13418,"Jus de mandarine macaque, pur jus filtré, prélevée à la Martinique",fr,"Macaque mandarin, pure juice, filtered, sampled in the island of La Martinique","fruits, légumes, légumineuses et oléagineux fruits, vegetables, legumes and nuts",100,g,10.8,0.6,0,45.5,ciqual-2025-11-03
ciqual,13421,"Jus de prune de cythère verte ""géante"" (variété locale), fruit mûr, pur jus filtré, prélevée à la Martinique",fr,"Prune de cythère or pomme cythere or golden apple (local variety), giant, mature, pure juice, filtered, sampled in the island of La Martinique","fruits, légumes, légumineuses et oléagineux fruits, vegetables, legumes and nuts",100,g,7.13,0.29,0.19,33.4,ciqual-2025-11-03
ciqual,13422,"Jus de prune de cythère verte ""géante"" (variété locale), fruit vert, pur jus filtré, prélevée à la Martinique",fr,"Prune de cythère or pomme cythere or golden apple (local variety), giant, green or immature, pure juice, filtered, from La Martinique","fruits, légumes, légumineuses et oléagineux fruits, vegetables, legumes and nuts",100,g,6.55,0.44,0.28,32,ciqual-2025-11-03
ciqual,13423,"Jus de prune de cythère verte ""naine"" (variété hybride), fruit mûr, pur jus filtré, prélevée à la Martinique",fr,"Prune de cythère or pomme cythere or golden apple (hybrid variety), dwarf, mature, pure juice, filtered, from La Martinique","fruits, légumes, légumineuses et oléagineux fruits, vegetables, legumes and nuts",100,g,9.97,0.69,0.21,46.4,ciqual-2025-11-03
ciqual,13424,"Jus de prune de cythère verte ""naine"" (variété hybride), fruit vert, pur jus filtré, prélevée à la Martinique",fr,"Prune de cythère or pomme cythere or golden apple (hybrid variety), dwarf, green or immature, pure juice, filtered, from La Martinique","fruits, légumes, légumineuses et oléagineux fruits, vegetables, legumes and nuts",100,g,6.34,0.67,0.26,31.9,ciqual-2025-11-03
ciqual,13426,"Mango bassignac, chair sans peau, sans noyau, cru, prélevé à la Martinique",fr,"Mango bassignac, flesh without skin, raw, sampled in the island of La Martinique","Mangifera indica fruits, légumes, légumineuses et oléagineux fruits, vegetables, legumes and nuts",100,g,18.5,0.32,0,,ciqual-2025-11-03
ciqual,13427,"Mangue moussache, chair sans peau, sans noyau, crue, prélevé à la Martinique",fr,"Mango moussache, flesh without skin, pitted, raw, sampled in the island of La Martinique","Mangifera indica fruits, légumes, légumineuses et oléagineux fruits, vegetables, legumes and nuts",100,g,20.9,1.28,0,,ciqual-2025-11-03
ciqual,13428,"Mangue julie, chair sans peau, sans noyau, crue, prélevée à la Martinique",fr,"Mangue julie, flesh without skin, pitted, raw, sampled in the island of La Martinique","Mangifera indica fruits, légumes, légumineuses et oléagineux fruits, vegetables, legumes and nuts",100,g,18.3,0.71,0,,ciqual-2025-11-03
ciqual,13429,"Mangue verte, chair sans peau, sans noyau, crue, prélevée à la Martinique",fr,"Green mango, flesh without skin, pitted, raw, sampled in the island of La Martinique","Mangifera indica fruits, légumes, légumineuses et oléagineux fruits, vegetables, legumes and nuts",100,g,12.2,1.31,0,,ciqual-2025-11-03
ciqual,13499,"Fruit du jacquier ou jacque, chair sans peau, cru",fr,"Jackfruit, flesh without skin, raw","Artocarpus heterophyllus fruits, légumes, légumineuses et oléagineux fruits, vegetables, legumes and nuts",100,g,20.6,1.72,0.64,,ciqual-2025-11-03
ciqual,13523,"Datte du désert, chair et peau, sans noyau, crue",fr,"Desert date, flesh and skin, pitted, raw","Balanites aegyptiaca (L.) Del. fruits, légumes, légumineuses et oléagineux fruits, vegetables, legumes and nuts",100,g,31.3,1.5,0.1,,ciqual-2025-11-03
ciqual,13529,"Dourian ou durian, chair sans peau, sans noyau, cru",fr,"Durian, flesh without skin, pitted, raw","Durio zibethinus Murr. fruits, légumes, légumineuses et oléagineux fruits, vegetables, legumes and nuts",100,g,23.3,1.47,5.33,,ciqual-2025-11-03
ciqual,13547,"Kaki de brousse, fruit, cru",fr,"Persimmon, from bush, fruit, raw","Diospyros mespiliformis Hocht. ex A. DC. fruits, légumes, légumineuses et oléagineux fruits, vegetables, legumes and nuts",100,g,17.1,0.58,0.19,,ciqual-2025-11-03
ciqual,13549,"Kumquat, chair et peau, sans pépin, cru",fr,"Kumquat, flesh and skin, without seeds, raw","Fortunella marguarita (Lour.) S. fruits, légumes, légumineuses et oléagineux fruits, vegetables, legumes and nuts",100,g,9.6,1.88,0.86,,ciqual-2025-11-03
ciqual,13552,"Longan, chair sans peau, sans noyau, cru",fr,"Longan, flesh without skin, pitted, raw","Nephelium longanum (Lam.) Cam. fruits, légumes, légumineuses et oléagineux fruits, vegetables, legumes and nuts",100,g,14,1.31,0.1,,ciqual-2025-11-03
ciqual,13564,"Nèfle du Japon, chair et peau, sans noyau, crue",fr,"Loquat, flesh and skin, pitted, raw","Eriobotrya japonica (Thunb.) Lindl. fruits, légumes, légumineuses et oléagineux fruits, vegetables, legumes and nuts",100,g,9.9,0.43,0.2,48.1,ciqual-2025-11-03
ciqual,13583,"Prune violette, sans noyau, crue",fr,"Black plum, pitted, raw","(Genus and species unknown or multiple) fruits, légumes, légumineuses et oléagineux fruits, vegetables, legumes and nuts",100,g,9.6,0.8,0.1,46.4,ciqual-2025-11-03
ciqual,13614,"Pamplemousse chinois, chair sans peau, sans pépins, cru",fr,"Pummelo, flesh without skin, without seeds, raw","Citrus grandis (L.) Osb. or Citrus maxima fruits, légumes, légumineuses et oléagineux fruits, vegetables, legumes and nuts",100,g,7.14,0.76,0.04,38.4,ciqual-2025-11-03
ciqual,13620,"Pomme Golden, chair et peau, crue",fr,"Apple, var. Golden, flesh and skin,, raw","Malus domestica Borkhausen Golden Delicious fruits, légumes, légumineuses et oléagineux fruits, vegetables, legumes and nuts",100,g,12.8,0.25,0,54.1,ciqual-2025-11-03
ciqual,13621,"Raisin noir Muscat, cru",fr,"Grape, red, Muscat, raw","Vitis vinifera L. fruits, légumes, légumineuses et oléagineux fruits, vegetables, legumes and nuts",100,g,20,0.69,0,86.6,ciqual-2025-11-03
ciqual,13623,"Abricot, dénoyauté, sec, moelleux (réhydraté à 35-45%)",fr,"Apricot, pitted, dried, rehydrated to 35-45% water","fruits, légumes, légumineuses et oléagineux fruits, vegetables, legumes and nuts",100,g,51.1,2.31,0.4,200,ciqual-2025-11-03
ciqual,13704,"Abricot au sirop (sans précision sur léger ou classique), appertisé, égoutté (aliment moyen)",fr,"Apricot, canned in syrup (sugar content unknown), drained (average)","fruits, légumes, légumineuses et oléagineux fruits, vegetables, legumes and nuts",100,g,15.5,0.59,0,67.9,ciqual-2025-11-03
ciqual,13705,"Macédoine ou cocktail ou salade de fruits, au sirop (sans précision sur léger ou classique), appertisé, égouttée (aliment moyen)",fr,"Fruit cocktail or salad, canned in syrup (sugar content unknown), drained (average)","fruits, légumes, légumineuses et oléagineux fruits, vegetables, legumes and nuts",100,g,15.2,0.25,0,64.9,ciqual-2025-11-03
ciqual,13706,"Macédoine ou cocktail ou salade de fruits, au sirop, appertisé, égoutté",fr,"Fruit cocktail or salad, canned in syrup, drained","fruits, légumes, légumineuses et oléagineux fruits, vegetables, legumes and nuts",100,g,16.8,0.25,0,71.3,ciqual-2025-11-03
ciqual,13707,"Macédoine ou cocktail ou salade de fruits, au sirop, appertisé, non égoutté",fr,"Fruit cocktail or salad, canned in syrup, solids and liquids","fruits, légumes, légumineuses et oléagineux fruits, vegetables, legumes and nuts",100,g,17.8,0.25,0,74.8,ciqual-2025-11-03
ciqual,13708,"Macédoine ou cocktail ou salade de fruits, au sirop léger, appertisé, égoutté",fr,"Fruit cocktail or salad, canned in light syrup, drained","fruits, légumes, légumineuses et oléagineux fruits, vegetables, legumes and nuts",100,g,13.7,0.25,0,59.1,ciqual-2025-11-03
ciqual,13709,"Macédoine ou cocktail ou salade de fruits, au sirop léger, appertisé, non égoutté",fr,"Fruit cocktail or salad, canned in light syrup, solids and liquids","fruits, légumes, légumineuses et oléagineux fruits, vegetables, legumes and nuts",100,g,14,0.25,0.061,59.7,ciqual-2025-11-03
ciqual,13712,"Abricot au sirop léger, appertisé, égoutté",fr,"Apricot, canned in light syrup, drained","fruits, légumes, légumineuses et oléagineux fruits, vegetables, legumes and nuts",100,g,13.5,0.94,0,61.1,ciqual-2025-11-03
ciqual,13713,"Abricot au sirop léger, appertisé, non égoutté",fr,"Apricot, canned in light syrup, solids and liquids","fruits, légumes, légumineuses et oléagineux fruits, vegetables, legumes and nuts",100,g,14,0.81,0.043,62.5,ciqual-2025-11-03
ciqual,13714,"Abricot au sirop, appertisé, égoutté",fr,"Apricot, in syrup, canned, drained","fruits, légumes, légumineuses et oléagineux fruits, vegetables, legumes and nuts",100,g,16,0.5,0,69.6,ciqual-2025-11-03
ciqual,13715,"Abricot au sirop, appertisé, non égoutté",fr,"Apricot, in syrup, canned, solids and liquids","fruits, légumes, légumineuses et oléagineux fruits, vegetables, legumes and nuts",100,g,16.3,0.29,0,69.7,ciqual-2025-11-03
ciqual,13716,"Ananas au jus d'ananas, appertisé, égoutté",fr,"Pineapple, in pineapple juice, canned, drained","fruits, légumes, légumineuses et oléagineux fruits, vegetables, legumes and nuts",100,g,12.9,0.25,0,56,ciqual-2025-11-03
ciqual,13717,"Ananas au jus d'ananas, appertisé, non égoutté",fr,"Pineapple, in pineapple juice, canned, solids and liquids","fruits, légumes, légumineuses et oléagineux fruits, vegetables, legumes and nuts",100,g,12.9,0.25,0,55,ciqual-2025-11-03
ciqual,13718,"Ananas au sirop léger, appertisé, égoutté",fr,"Pineapple, in light syrup, canned, drained","fruits, légumes, légumineuses et oléagineux fruits, vegetables, legumes and nuts",100,g,15.3,0.25,0,65.8,ciqual-2025-11-03
ciqual,13719,"Ananas au sirop léger, appertisé, non égoutté",fr,"Pineapple, in light syrup, canned, solids and liquids","fruits, légumes, légumineuses et oléagineux fruits, vegetables, legumes and nuts",100,g,15.6,0.25,0.078,66.5,ciqual-2025-11-03
ciqual,13724,"Litchi, chair sans peau, sans noyau,  au sirop léger, appertisé, égoutté",fr,"Litchi, flesh without skin, pitted, in light syrup, canned, drained","fruits, légumes, légumineuses et oléagineux fruits, vegetables, legumes and nuts",100,g,14.3,0.63,0.19,62.8,ciqual-2025-11-03
ciqual,13730,"Pêche, sans noyau, au sirop léger, appertisée, égouttée",fr,"Peach, pitted, canned in light syrup, drained","fruits, légumes, légumineuses et oléagineux fruits, vegetables, legumes and nuts",100,g,13.5,0.5,0,59,ciqual-2025-11-03
ciqual,13731,"Pêche, sans noyau, au sirop léger, appertisée, non égouttée",fr,"Peach, pitted, canned in light syrup, solids and liquids","fruits, légumes, légumineuses et oléagineux fruits, vegetables, legumes and nuts",100,g,14,0.31,0.038,60,ciqual-2025-11-03
ciqual,13734,"Poire au sirop léger, appertisée, égouttée",fr,"Pear, canned in light syrup, drained","fruits, légumes, légumineuses et oléagineux fruits, vegetables, legumes and nuts",100,g,13.9,0.25,0.4,63.9,ciqual-2025-11-03
ciqual,13735,"Poire au sirop léger, appertisée, non égouttée",fr,"Pear, canned in light syrup, solids and liquids","fruits, légumes, légumineuses et oléagineux fruits, vegetables, legumes and nuts",100,g,14.5,0.3,0.12,62.6,ciqual-2025-11-03
ciqual,13742,"Melon miel ou melon honeydew, chair sans peau, sans pépins, cru",fr,"Melon, honeydew, flesh without skin, without seeds, raw","Cucumis melo L. Inodrus fruits, légumes, légumineuses et oléagineux fruits, vegetables, legumes and nuts",100,g,4.3,0.54,0.14,22.2,ciqual-2025-11-03
ciqual,13996,Fruit séché (aliment moyen),fr,"Fruit, dried (average)","fruits, légumes, légumineuses et oléagineux fruits, vegetables, legumes and nuts",100,g,61.3,2.13,0.56,267,ciqual-2025-11-03
ciqual,13997,"Fruits rouges, crus (framboises, fraises, groseilles, cassis)",fr,"Red berries (raspberries, strawberries, red currants, black currants), raw","Rubus idaeus L., Fragaria x ananassa Duchene ex Rozier, Ribes rubrum and Ribes nigrum fruits, légumes, légumineuses et oléagineux fruits, vegetables, legumes and nuts",100,g,7,1,0.5,,ciqual-2025-11-03
ciqual,13998,"Coulis de fruits rouges (framboises, fraises, groseilles, cassis)",fr,Red fruit sauce,aides culinaires et ingrédients divers miscellaneous,100,g,27.7,0.63,0.5,124,ciqual-2025-11-03
ciqual,13999,Fruit cru (aliment moyen),fr,"Fruit, raw (average)","(Genus and species unknown or multiple) fruits, légumes, légumineuses et oléagineux fruits, vegetables, legumes and nuts",100,g,12.1,0.69,0.26,56.6,ciqual-2025-11-03
ciqual,14000,"Chevreuil, viande rôtie/cuite au four",fr,"Venison, roebuck, roasted/baked","viandes, oeufs, poissons meat, egg and fish",100,g,0,32.6,4.8,174,ciqual-2025-11-03
ciqual,14002,"Sanglier, viande crue",fr,"Wild boar, raw","viandes, oeufs, poissons meat, egg and fish",100,g,0,21.5,7.14,150,ciqual-2025-11-03
ciqual,14003,"Sanglier, viande rôtie/cuite au four",fr,"Wild boar, roasted/baked","viandes, oeufs, poissons meat, egg and fish",100,g,0,28.3,4.38,153,ciqual-2025-11-03
ciqual,14004,"Lièvre, viande crue",fr,"Hare, meat, raw","viandes, oeufs, poissons meat, egg and fish",100,g,0,21.6,2.67,111,ciqual-2025-11-03
ciqual,14005,"Chevreuil, viande crue",fr,"Venison, roebuck, raw","viandes, oeufs, poissons meat, egg and fish",100,g,0,23,2,110,ciqual-2025-11-03
ciqual,14006,"Cerf, viande crue",fr,"Venison, hart, raw","viandes, oeufs, poissons meat, egg and fish",100,g,0,23,2.42,114,ciqual-2025-11-03
ciqual,14007,"Cerf, viande rôtie/cuite au four",fr,"Venison, hart, roasted/baked","viandes, oeufs, poissons meat, egg and fish",100,g,0,30.2,3.19,150,ciqual-2025-11-03
ciqual,14008,"Gibier à poil, cuit (aliment moyen)",fr,"Game, cooked (average)","viandes, oeufs, poissons meat, egg and fish",100,g,0,30.2,4.36,160,ciqual-2025-11-03
ciqual,15000,"Amande, avec peau, sans sel ajouté",fr,"Almond, with peel, no added salt","fruits, légumes, légumineuses et oléagineux fruits, vegetables, legumes and nuts",100,g,9.51,22.6,51.3,615,ciqual-2025-11-03
ciqual,15001,"Cacahuète, sans sel ajouté",fr,"Peanut, no added salt","fruits, légumes, légumineuses et oléagineux fruits, vegetables, legumes and nuts",100,g,14.8,26.1,49.1,623,ciqual-2025-11-03
ciqual,15002,"Cacahuète, grillée, salée",fr,"Peanut, grilled, salted","fruits, légumes, légumineuses et oléagineux fruits, vegetables, legumes and nuts",100,g,14.2,26.2,50.8,635,ciqual-2025-11-03
ciqual,15004,"Noisette, sans sel ajouté",fr,"Hazelnut, no added salt","fruits, légumes, légumineuses et oléagineux fruits, vegetables, legumes and nuts",100,g,7.16,17,56.9,632,ciqual-2025-11-03
ciqual,15005,"Noix, cerneau, séchée",fr,"Walnut, kernel, dried","fruits, légumes, légumineuses et oléagineux fruits, vegetables, legumes and nuts",100,g,6.88,15.7,67.3,709,ciqual-2025-11-03
ciqual,15006,"Noix de coco, chair, fraîche",fr,"Coconut, pulp, fresh","fruits, légumes, légumineuses et oléagineux fruits, vegetables, legumes and nuts",100,g,4.69,4.09,34.7,369,ciqual-2025-11-03
ciqual,15007,"Noix de coco, chair, sèche",fr,"Coconut, pulp, dried","fruits, légumes, légumineuses et oléagineux fruits, vegetables, legumes and nuts",100,g,7.81,8.06,66.8,692,ciqual-2025-11-03
ciqual,15008,"Noix du Brésil ou noix d'Amazonie, sans sel ajouté",fr,"Brazil nut, no added salt","fruits, légumes, légumineuses et oléagineux fruits, vegetables, legumes and nuts",100,g,4.23,16.4,67.1,701,ciqual-2025-11-03
ciqual,15009,"Pistache, grillée, salée",fr,"Pistachio nut, grilled, salted","fruits, légumes, légumineuses et oléagineux fruits, vegetables, legumes and nuts",100,g,15.9,22.3,49.5,617,ciqual-2025-11-03
ciqual,15010,"Sésame, graine",fr,Sesame seed,"fruits, légumes, légumineuses et oléagineux fruits, vegetables, legumes and nuts",100,g,12.8,20.9,49.7,606,ciqual-2025-11-03
ciqual,15011,"Tournesol, graine",fr,"Sunflower, seed","fruits, légumes, légumineuses et oléagineux fruits, vegetables, legumes and nuts",100,g,10.1,25.1,55.5,653,ciqual-2025-11-03
ciqual,15013,"Crème de marron ou confiture de châtaigne, préemballée",fr,"Chestnut cream, prepacked",produits sucrés sugar and confectionery,100,g,65.9,1.12,0.66,278,ciqual-2025-11-03
ciqual,15014,"Noix de coco, amande immature, fraîche",fr,"Coconut, immature kernel, fresh","fruits, légumes, légumineuses et oléagineux fruits, vegetables, legumes and nuts",100,g,6.22,3.93,33.5,360,ciqual-2025-11-03
ciqual,15017,Mélange apéritif de graines salées et fruits séchés,fr,Mix of salted nuts and dried fruit,"fruits, légumes, légumineuses et oléagineux fruits, vegetables, legumes and nuts",100,g,23.7,19.9,44.1,583,ciqual-2025-11-03
ciqual,15018,Mélange apéritif de graines salées et raisins secs,fr,Mix of salted nuts and raisins,"fruits, légumes, légumineuses et oléagineux fruits, vegetables, legumes and nuts",100,g,27.1,19.6,39.6,561,ciqual-2025-11-03
ciqual,15019,"Noix de cajou, grillée, salée",fr,"Cashew nut, grilled, salted","fruits, légumes, légumineuses et oléagineux fruits, vegetables, legumes and nuts",100,g,26.7,18,49.5,632,ciqual-2025-11-03
ciqual,15020,"Châtaigne, bouillie/cuite à l'eau",fr,"Chestnut, boiled/cooked in water","fruits, légumes, légumineuses et oléagineux fruits, vegetables, legumes and nuts",100,g,23,2.36,1.38,123,ciqual-2025-11-03
ciqual,15021,"Châtaigne, grillée",fr,"Chestnut, grilled","fruits, légumes, légumineuses et oléagineux fruits, vegetables, legumes and nuts",100,g,41.1,3.94,1.7,211,ciqual-2025-11-03
ciqual,15024,"Châtaigne, crue",fr,"Chestnut, raw","fruits, légumes, légumineuses et oléagineux fruits, vegetables, legumes and nuts",100,g,36.8,2.39,1.76,189,ciqual-2025-11-03
ciqual,15025,Pignon de pin,fr,Pine nut,"fruits, légumes, légumineuses et oléagineux fruits, vegetables, legumes and nuts",100,g,2.93,16.2,68.4,712,ciqual-2025-11-03
ciqual,15026,"Noix de pécan, sans sel ajouté",fr,"Pecan nut, no added salt","fruits, légumes, légumineuses et oléagineux fruits, vegetables, legumes and nuts",100,g,4.25,10.8,72,727,ciqual-2025-11-03
ciqual,15027,"Noix de macadamia, sans sel ajouté",fr,"Macadamia nut, no added salt","fruits, légumes, légumineuses et oléagineux fruits, vegetables, legumes and nuts",100,g,5.22,9.33,75.8,757,ciqual-2025-11-03
ciqual,15029,"Graine germée de luzerne, crue",fr,"Alfalfa seeds, sprouted","fruits, légumes, légumineuses et oléagineux fruits, vegetables, legumes and nuts",100,g,0.81,3.99,0.69,29.2,ciqual-2025-11-03
ciqual,15032,"Luzerne, graine",fr,"Alfalfa, seeds","fruits, légumes, légumineuses et oléagineux fruits, vegetables, legumes and nuts",100,g,39.3,35,12.6,426,ciqual-2025-11-03
ciqual,15033,"Noisette grillée, sans sel ajouté",fr,"Hazelnut, grilled, no added salt","fruits, légumes, légumineuses et oléagineux fruits, vegetables, legumes and nuts",100,g,8.81,17,62.4,684,ciqual-2025-11-03
ciqual,15034,"Lin, graine",fr,"Flaxseed, seed","fruits, légumes, légumineuses et oléagineux fruits, vegetables, legumes and nuts",100,g,6.49,22.4,40.3,528,ciqual-2025-11-03
ciqual,15035,"Sésame, graine décortiquée",fr,"Sesame seed, husked","fruits, légumes, légumineuses et oléagineux fruits, vegetables, legumes and nuts",100,g,10.3,24.1,51,620,ciqual-2025-11-03
ciqual,15037,"Cacahuète, grillée à sec, salée",fr,"Peanut, dry-grilled, salted","fruits, légumes, légumineuses et oléagineux fruits, vegetables, legumes and nuts",100,g,17.9,24.8,47.7,615,ciqual-2025-11-03
ciqual,15038,"Sésame, grillé, graine décortiquée",fr,"Sesame seed, grilled, husked","fruits, légumes, légumineuses et oléagineux fruits, vegetables, legumes and nuts",100,g,9.14,20,48,582,ciqual-2025-11-03
ciqual,15039,"Châtaigne ou marron, appertisé",fr,"Chestnut, canned","fruits, légumes, légumineuses et oléagineux fruits, vegetables, legumes and nuts",100,g,28.8,2.31,1.4,145,ciqual-2025-11-03
ciqual,15041,"Amande, émondée, sans sel ajouté",fr,"Almond, peeled, no added salt","fruits, légumes, légumineuses et oléagineux fruits, vegetables, legumes and nuts",100,g,8.76,25.8,52.5,631,ciqual-2025-11-03
ciqual,15042,"Amande, grillée, salée",fr,"Almond, grilled, salted","fruits, légumes, légumineuses et oléagineux fruits, vegetables, legumes and nuts",100,g,12.2,24.1,53.9,647,ciqual-2025-11-03
ciqual,15043,"Noix de macadamia, grillée, salée",fr,"Macadamia nut, grilled, salted","fruits, légumes, légumineuses et oléagineux fruits, vegetables, legumes and nuts",100,g,9.95,8.3,70.2,724,ciqual-2025-11-03
ciqual,15044,"Pistache, grillée, sans sel ajouté",fr,"Pistachio nut, grilled, no added salt","fruits, légumes, légumineuses et oléagineux fruits, vegetables, legumes and nuts",100,g,14.9,21.7,51.6,631,ciqual-2025-11-03
ciqual,15045,"Tournesol, graine, grillé, salé",fr,"Sunflower seed, grilled, salted","fruits, légumes, légumineuses et oléagineux fruits, vegetables, legumes and nuts",100,g,12.7,25,51,626,ciqual-2025-11-03
ciqual,15046,"Noix de pécan, salées",fr,"Pecan nut, salted","fruits, légumes, légumineuses et oléagineux fruits, vegetables, legumes and nuts",100,g,5,12,73,731,ciqual-2025-11-03
ciqual,15047,"Chia, graine, séchée",fr,"Chia, seed, dried","fruits, légumes, légumineuses et oléagineux fruits, vegetables, legumes and nuts",100,g,7.72,19.5,30.7,454,ciqual-2025-11-03
ciqual,15048,"Mélange apéritif de graines et fruits séchés, sans sel ajouté",fr,"Mix of nuts and dried fruit, no added salt","fruits, légumes, légumineuses et oléagineux fruits, vegetables, legumes and nuts",100,g,51,9.78,26.3,493,ciqual-2025-11-03
ciqual,15049,"Mélange apéritif de graines et raisins secs, sans sel ajouté",fr,"Mix of nuts and raisins, no added salt","fruits, légumes, légumineuses et oléagineux fruits, vegetables, legumes and nuts",100,g,31.8,14.8,37.2,541,ciqual-2025-11-03
ciqual,15050,"Noisette grillée, salée",fr,"Hazelnut, grilled, salted","fruits, légumes, légumineuses et oléagineux fruits, vegetables, legumes and nuts",100,g,7.67,15.8,61.2,664,ciqual-2025-11-03
ciqual,15052,"Lin, brun, graine",fr,"Flaxseed, brown, seed","fruits, légumes, légumineuses et oléagineux fruits, vegetables, legumes and nuts",100,g,3.56,21.3,42.2,533,ciqual-2025-11-03
ciqual,15053,"Cacahuète, grillée, sans sel ajouté",fr,"Peanut, grilled, no added salt","fruits, légumes, légumineuses et oléagineux fruits, vegetables, legumes and nuts",100,g,14.4,26.9,51.9,644,ciqual-2025-11-03
ciqual,15054,"Noix de cajou, grillée, sans sel ajouté",fr,"Cashew nut, grilled, no added salt","fruits, légumes, légumineuses et oléagineux fruits, vegetables, legumes and nuts",100,g,21.3,20.5,48.1,618,ciqual-2025-11-03
ciqual,15055,"Noix de cajou, grillée à sec, sans sel ajouté",fr,"Cashew nut, dry-grilled, no added salt","fruits, légumes, légumineuses et oléagineux fruits, vegetables, legumes and nuts",100,g,23.5,20.5,49,630,ciqual-2025-11-03
ciqual,15057,"Cacahuète, grillée, aromatisée",fr,"Peanut, grilled, flavoured","fruits, légumes, légumineuses et oléagineux fruits, vegetables, legumes and nuts",100,g,14.6,26.1,46.6,598,ciqual-2025-11-03
ciqual,15058,Cacahuète caramélisée ou chouchou,fr,Candied peanut,produits sucrés sugar and confectionery,100,g,51.4,14.8,29.7,544,ciqual-2025-11-03
ciqual,15059,"Mélange apéritif de graines grillées, salées",fr,"Mix of nuts, grilled, salted","fruits, légumes, légumineuses et oléagineux fruits, vegetables, legumes and nuts",100,g,9.69,21.3,54.7,637,ciqual-2025-11-03
ciqual,15062,"Amande, grillée, salée, goût fumé",fr,"Almond, grilled, salted, smoked","fruits, légumes, légumineuses et oléagineux fruits, vegetables, legumes and nuts",100,g,9.01,22.5,54,629,ciqual-2025-11-03
ciqual,15063,"Chanvre ou chènevis, graine décortiquée",fr,"Hemp, seed, hulled","fruits, légumes, légumineuses et oléagineux fruits, vegetables, legumes and nuts",100,g,5.38,37.2,48.8,617,ciqual-2025-11-03
ciqual,15064,"Courge, graine, séchée",fr,"Pumpkin and squash, seed, dried","fruits, légumes, légumineuses et oléagineux fruits, vegetables, legumes and nuts",100,g,5.39,35.6,49.1,618,ciqual-2025-11-03
ciqual,15065,"Fruits à coques et cacahuète, salé (aliment moyen)",fr,"Seeds and peanuts, dried, salted (average)","fruits, légumes, légumineuses et oléagineux fruits, vegetables, legumes and nuts",100,g,17.6,23.6,50.1,630,ciqual-2025-11-03
ciqual,15066,"Fruits à coques et cacahuète, sans sel ajouté (aliment moyen)",fr,"Seeds and peanuts, dried, unsalted (average)","fruits, légumes, légumineuses et oléagineux fruits, vegetables, legumes and nuts",100,g,10.5,18.2,55,632,ciqual-2025-11-03
ciqual,15201,"Pâte d'amande, préemballée",fr,"Marzipan or almond paste, prepacked",produits sucrés sugar and confectionery,100,g,70.3,7,13.5,432,ciqual-2025-11-03
ciqual,15202,Beurre de cacahuète ou pâte d'arachide,fr,Peanut butter or peanut paste,"fruits, légumes, légumineuses et oléagineux fruits, vegetables, legumes and nuts",100,g,17.3,25.4,51.4,643,ciqual-2025-11-03
ciqual,15203,Tahin ou purée de sésame,fr,Tahini (sesame paste),"fruits, légumes, légumineuses et oléagineux fruits, vegetables, legumes and nuts",100,g,13.8,20.3,53.4,631,ciqual-2025-11-03
ciqual,16030,Huile ou beurre de cacao,fr,Cocoa butter,matières grasses fats and oils,100,g,0,0,100,900,ciqual-2025-11-03
ciqual,16040,"Huile ou graisse de coco, sans précision",fr,Coconut fat or oil,matières grasses fats and oils,100,g,0.41,0,99.5,897,ciqual-2025-11-03
ciqual,16050,"Huile ou graisse de coco, vierge",fr,"Coconut fat or oil, virgin",matières grasses fats and oils,100,g,0,0.16,99.9,899,ciqual-2025-11-03
ciqual,16060,"Huile ou graisse de coco (coprah), raffinée",fr,"Coconut fat or oil, refined",matières grasses fats and oils,100,g,0,0,100,900,ciqual-2025-11-03
ciqual,16080,Matière grasse ou graisse végétale solide (type margarine) pour friture ou graisse à frire,fr,"Solid vegetal fat (margarine type), for frying",matières grasses fats and oils,100,g,0,0.25,99.8,898,ciqual-2025-11-03
ciqual,16110,Huile ou beurre de karité,fr,Shea butter or shea oil,matières grasses fats and oils,100,g,0,0,100,900,ciqual-2025-11-03
ciqual,16128,"Huile pour friture, sans précision",fr,Frying oil,matières grasses fats and oils,100,g,0,0,100,900,ciqual-2025-11-03
ciqual,16150,"Huile de palme, raffinée",fr,"Palm oil, refined",matières grasses fats and oils,100,g,0,0,100,900,ciqual-2025-11-03
ciqual,16200,"Huile ou graisse de palmiste, sans précision",fr,Palm kernel fat,matières grasses fats and oils,100,g,0,0,100,900,ciqual-2025-11-03
ciqual,16400,"Beurre à 80% MG minimum, doux",fr,"Butter, 80% fat minimum, unsalted",matières grasses fats and oils,100,g,0.71,0.63,83,753,ciqual-2025-11-03
ciqual,16401,Huile de beurre ou beurre concentré,fr,Butter oil or concentrated butter,matières grasses fats and oils,100,g,0,0.27,99.9,900,ciqual-2025-11-03
ciqual,16402,"Beurre à 80% MG, demi-sel",fr,"Butter, 80% fat minimum, half-salted",matières grasses fats and oils,100,g,0.5,0.75,80,725,ciqual-2025-11-03
ciqual,16403,"Beurre à 80% MG, salé",fr,"Butter, 80% fat minimum, salted",matières grasses fats and oils,100,g,0.68,0.5,80.8,732,ciqual-2025-11-03
ciqual,16404,"Beurre à 80% MG minimum, doux, tendre",fr,"Butter, 82% fa  minimumt, unsalted, easy-to-spread",matières grasses fats and oils,100,g,0.5,0.7,83.4,755,ciqual-2025-11-03
ciqual,16410,"Beurre à 60-62% MG, à teneur réduite en matière grasse, doux",fr,"Butter, 60-62% fat, light, unsalted",matières grasses fats and oils,100,g,0.7,0.56,60.6,550,ciqual-2025-11-03
ciqual,16411,"Beurre à 60-62% MG, à teneur réduite en matière grasse, demi-sel",fr,"Butter, 60-62% fat, light, half-salted",matières grasses fats and oils,100,g,0.5,0.9,61,555,ciqual-2025-11-03
ciqual,16412,"Beurre ou assimilé allégé (léger ou à teneur réduite en matière grasse), doux (aliment moyen)",fr,"Butter spread, reduced fat, unsalted (average)",matières grasses fats and oils,100,g,3.7,0.34,39.1,367,ciqual-2025-11-03
ciqual,16413,"Beurre sans précision sur la teneur en matière grasse (allégé ou non), demi-sel (aliment moyen)",fr,"Butter, unknown fat content, half-salted (average)",matières grasses fats and oils,100,g,0.53,0.75,78.6,712,ciqual-2025-11-03
ciqual,16414,"Beurre ou assimilé sans précision sur la teneur en matière grasse, doux (aliment moyen)",fr,"Butter, unknown fat content, unsalted (average)",matières grasses fats and oils,100,g,0.88,0.61,80.5,731,ciqual-2025-11-03
ciqual,16415,"Beurre à 39-41% MG, léger, doux",fr,"Butter, light, 39-41% fat, unsalted",matières grasses fats and oils,100,g,3.6,0.25,41.7,390,ciqual-2025-11-03
ciqual,16416,"Beurre à 39-41% MG, léger, demi-sel",fr,"Butter, light, 39-41% fat, half-salted",matières grasses fats and oils,100,g,4,0,40,376,ciqual-2025-11-03
ciqual,16520,Saindoux,fr,Lard or pork fat,matières grasses fats and oils,100,g,0,0,100,900,ciqual-2025-11-03
ciqual,16530,"Lard gras, cru",fr,"Pork fat, raw",matières grasses fats and oils,100,g,0,2.92,88.7,810,ciqual-2025-11-03
ciqual,16540,Graisse de poulet,fr,Chicken fat,matières grasses fats and oils,100,g,0,0,99.8,898,ciqual-2025-11-03
ciqual,16550,Graisse de canard,fr,Duck fat,matières grasses fats and oils,100,g,0,0,99.8,898,ciqual-2025-11-03
ciqual,16560,Graisse d'oie,fr,Goose fat,matières grasses fats and oils,100,g,0,0,99.8,898,ciqual-2025-11-03
ciqual,16570,Graisse de dinde,fr,Turkey fat,matières grasses fats and oils,100,g,0,0,99.8,898,ciqual-2025-11-03
ciqual,16588,"Matière grasse tartinable à teneur en MG <= 41%, doux, aux stérols végétaux",fr,"Spreadable fat <= 41% fat, unsalted, with plant strols",matières grasses fats and oils,100,g,1.3,0.25,35,,ciqual-2025-11-03
ciqual,16589,"Matière grasse tartinable à teneur en MG > 62%, doux, riche en oméga 3",fr,"Spreadable fat > 62% fat, unsalted, rich in omega 3",matières grasses fats and oils,100,g,0.00005,0.00005,67.7,616,ciqual-2025-11-03
ciqual,16590,"Matière grasse tartinable à teneur en MG > 62%, doux, standard",fr,"Spreadable fat > 62% fat, unsalted, standard",matières grasses fats and oils,100,g,0.089,0.022,72.1,650,ciqual-2025-11-03
ciqual,16591,"Matière grasse tartinable à teneur en MG > 41% et <= 62%, doux, standard",fr,"Spreadable fat > 41% fat and <= 62% fat, unsalted, standard",matières grasses fats and oils,100,g,0.14,0.25,60,540,ciqual-2025-11-03
ciqual,16592,"Matière grasse tartinable à teneur en MG <= 41%, doux, standard",fr,"Spreadable fat <=  41% fat, unsalted, standard",matières grasses fats and oils,100,g,2.94,1.44,38.6,366,ciqual-2025-11-03
ciqual,16593,"Matière grasse tartinable à teneur en MG > 62%, demi-sel, standard",fr,"Spreadable fat > 62% fat, half-salted",matières grasses fats and oils,100,g,0,0.25,70,630,ciqual-2025-11-03
ciqual,16594,"Matière grasse tartinable à teneur en MG > 41% et <= 62%, demi-sel, standard",fr,"Spreadable fat > 41% fat and <= 62% fat, half-salted",matières grasses fats and oils,100,g,0.34,0.00005,57.3,516,ciqual-2025-11-03
ciqual,16595,"Matière grasse tartinable à teneur en MG > 41% et <= 62%, doux, aux stérols végétaux",fr,"Spreadable fat > 41% fat and <= 62% fat, unsalted, with plant sterols",matières grasses fats and oils,100,g,0,0.25,60.8,547,ciqual-2025-11-03
ciqual,16596,"Matière grasse tartinable à teneur en MG > 41% et <= 62%, doux, riche en oméga 3",fr,"Spreadable fat > 41% fat and <= 62% fat, unsalted, rich in omega 3",matières grasses fats and oils,100,g,0.12,0.081,56.4,508,ciqual-2025-11-03
ciqual,16597,"Matière grasse tartinable à teneur en MG > 41% et <= 62%, demi-sel, riche en oméga 3",fr,"Spreadable fat > 41% fat and <= 62% fat, half-salted, rich in omega 3",matières grasses fats and oils,100,g,0.0001,0.0001,56.3,506,ciqual-2025-11-03
ciqual,16598,"Matière grasse tartinable à teneur en MG <= 41%, demi-sel, aux stérols végétaux",fr,"Spreadable fat <= 41% fat, half-salted, with plant sterols",matières grasses fats and oils,100,g,1.4,0.25,35,321,ciqual-2025-11-03
ciqual,16599,"Matière grasse tartinable à teneur en MG <= 41%, doux, riche en oméga 3",fr,"Spreadable fat <= 41% fat, unsalted, rich in omega 3",matières grasses fats and oils,100,g,0.4,0.00005,34,308,ciqual-2025-11-03
ciqual,16600,"Matière grasse tartinable à teneur en MG <= 41%, demi-sel, standard",fr,"Spreadable fat <= 41% fat, half-salted, standard",matières grasses fats and oils,100,g,2.8,0.75,38,356,ciqual-2025-11-03
ciqual,16601,"Matière grasse tartinable, sans précision sur la teneur en matière grasse, doux, standard (aliment moyen)",fr,"Spreadable fat, fat % unknown, unsalted (average)",matières grasses fats and oils,100,g,0.43,0.31,61.7,557,ciqual-2025-11-03
ciqual,16602,"Matière grasse tartinable, sans précision sur la teneur en matière grasse, demi-sel, standard (aliment moyen)",fr,"Spreadable fat, fat % unknown, half-salted (average)",matières grasses fats and oils,100,g,0.66,0.12,55.5,502,ciqual-2025-11-03
ciqual,16603,"Matière grasse tartinable, sans précision sur la teneur en matière grasse, doux, riche en oméga 3 (aliment moyen)",fr,"Spreadable fat, fat % unknown, unsalted, rich in omega 3 (average)",matières grasses fats and oils,100,g,0.13,0.078,55.6,501,ciqual-2025-11-03
ciqual,16713,"Matière grasse laitière à 15-25% MG, légère, ""à tartiner"", doux, enrichie en vitamine(s)",fr,"Spreadable dairy fat 15-25% fat, light, spreadable, unsalted, fortified with vitamin(s)",matières grasses fats and oils,100,g,6.2,0.25,19.1,197,ciqual-2025-11-03
ciqual,17001,Huile végétale (aliment moyen),fr,Vegetable oil (average),matières grasses fats and oils,100,g,0.032,0.18,99.9,899,ciqual-2025-11-03
ciqual,17020,Huile de noyaux d'abricot,fr,Apricot kernel oil,matières grasses fats and oils,100,g,0,0,100,900,ciqual-2025-11-03
ciqual,17030,Huile d'amande,fr,Almond oil,matières grasses fats and oils,100,g,0,0,100,900,ciqual-2025-11-03
ciqual,17040,Huile d'arachide,fr,Peanut oil,matières grasses fats and oils,100,g,0,0.25,99.9,899,ciqual-2025-11-03
ciqual,17100,Huile d'avocat,fr,Avocado oil,matières grasses fats and oils,100,g,0,0,100,900,ciqual-2025-11-03
ciqual,17110,Huile de germe de blé,fr,Wheat germ oil,matières grasses fats and oils,100,g,0,0,100,900,ciqual-2025-11-03
ciqual,17130,Huile de colza,fr,Rapeseed oil,matières grasses fats and oils,100,g,0,0,100,900,ciqual-2025-11-03
ciqual,17170,Huile de coton,fr,Cottonseed oil,matières grasses fats and oils,100,g,0,0,100,900,ciqual-2025-11-03
ciqual,17180,Huile de lin,fr,Linseed oil,matières grasses fats and oils,100,g,0.018,0,100,900,ciqual-2025-11-03
ciqual,17190,Huile de maïs,fr,Maize/corn oil,matières grasses fats and oils,100,g,0,0,100,900,ciqual-2025-11-03
ciqual,17210,Huile de noisette,fr,Hazelnut oil,matières grasses fats and oils,100,g,0,0,100,900,ciqual-2025-11-03
ciqual,17220,Huile de noix,fr,Walnut oil,matières grasses fats and oils,100,g,0,0,100,900,ciqual-2025-11-03
ciqual,17270,Huile d'olive vierge extra,fr,"Olive oil, extra virgin",matières grasses fats and oils,100,g,0,0.25,99.9,899,ciqual-2025-11-03
ciqual,17325,Huile de pavot,fr,Poppyseed oil,matières grasses fats and oils,100,g,0,0,100,900,ciqual-2025-11-03
ciqual,17350,Huile de pépins de raisin,fr,Grapeseed oil,matières grasses fats and oils,100,g,0,0,100,900,ciqual-2025-11-03
ciqual,17390,Huile de son de riz,fr,Rice bran oil,matières grasses fats and oils,100,g,0,0,100,900,ciqual-2025-11-03
ciqual,17400,Huile de sésame,fr,Sesame oil,matières grasses fats and oils,100,g,0,0,100,900,ciqual-2025-11-03
ciqual,17420,Huile de soja,fr,Soy oil,matières grasses fats and oils,100,g,0,0,100,900,ciqual-2025-11-03
ciqual,17440,Huile de tournesol,fr,Sunflower oil,matières grasses fats and oils,100,g,0,0.25,100,900,ciqual-2025-11-03
ciqual,17630,Huile de foie de morue,fr,Cod liver oil,matières grasses fats and oils,100,g,0,0,100,900,ciqual-2025-11-03
ciqual,17640,Huile de sardine,fr,Sardine oil,matières grasses fats and oils,100,g,0,0,100,900,ciqual-2025-11-03
ciqual,17645,Huile de saumon,fr,Salmon oil,matières grasses fats and oils,100,g,0,0,100,900,ciqual-2025-11-03
ciqual,17650,Huile de hareng,fr,Herring oil,matières grasses fats and oils,100,g,0,0,100,900,ciqual-2025-11-03
ciqual,17700,Huile combinée (mélange d'huiles),fr,Combined oil (blended vegetable oils),matières grasses fats and oils,100,g,0.49,0,99.5,897,ciqual-2025-11-03
ciqual,17701,"Huile combinée, mélange d'huile d'olive et de graines",fr,Combined oil (mix of olive oil and seeds oil),matières grasses fats and oils,100,g,0,0,100,900,ciqual-2025-11-03
ciqual,17850,Huile de chanvre,fr,Hemp oil,matières grasses fats and oils,100,g,0,0,100,900,ciqual-2025-11-03
ciqual,17900,Huile d'argan ou d'argane,fr,Argan oil,matières grasses fats and oils,100,g,0,0,98.7,889,ciqual-2025-11-03
ciqual,18001,"Boisson gazeuse aromatisée, sans fruit, sans sucres ajoutés, avec édulcorants",fr,"Carbonated beverage or soft drink, without fruit , no added sugars and with sweetener(s)",eaux et autres boissons beverages,100,g,0.063,0.000022,0.000022,0.23,ciqual-2025-11-03
ciqual,18003,"Café, moulu",fr,"Coffee, ground",eaux et autres boissons beverages,100,g,20.3,13.9,13.9,341,ciqual-2025-11-03
ciqual,18004,"Café, non instantané, sans sucres ajoutés, prêt à boire",fr,"Coffee, non instant no added sugars, ready-to-drink",eaux et autres boissons beverages,100,g,1.35,0.25,0.018,5.78,ciqual-2025-11-03
ciqual,18005,"Café, poudre soluble",fr,"Coffee, powder, instant",eaux et autres boissons beverages,100,g,41.9,18.5,1.1,291,ciqual-2025-11-03
ciqual,18007,Cocktail ou boisson apéritive sans alcool à base de jus de fruits sans sirop,fr,"Cocktail, alcohol-free (juices based cocktail without syrup)",eaux et autres boissons beverages,100,g,10.7,0.033,0.035,42.8,ciqual-2025-11-03
ciqual,18009,"Eau minérale, embouteillée, faiblement minéralisée (aliment moyen)",fr,"Mineral sparkling water, bottled, lightly mineralized (average)",eaux et autres boissons beverages,100,g,0.00091,0,0,0.0036,ciqual-2025-11-03
ciqual,18010,"Limonade, sucrée",fr,"Lemonade, with sugar(s)",eaux et autres boissons beverages,100,g,8.24,0.000022,0.000021,33,ciqual-2025-11-03
ciqual,18011,Eau de coco,fr,Coconut water,eaux et autres boissons beverages,100,g,3.33,0.25,0,11.8,ciqual-2025-11-03
ciqual,18012,"Boisson à l'eau minérale ou de source, aromatisée, sucrée",fr,"Bottled water, flavoured, with sugar(s)",eaux et autres boissons beverages,100,g,4.05,0.00046,0,16.2,ciqual-2025-11-03
ciqual,18013,"Tonic ou bitter, sans sucres ajoutés, avec édulcorants",fr,"Tonic drink, no added sugars, with sweetener(s)",eaux et autres boissons beverages,100,g,0.058,0.00002,0.00002,0.2,ciqual-2025-11-03
ciqual,18014,"Tonic ou bitter, sucré, avec édulcorants",fr,"Tonic drink, with sugar(s) and sweetener(s)",eaux et autres boissons beverages,100,g,5.54,0.000071,0.000063,22.2,ciqual-2025-11-03
ciqual,18015,"Boisson au thé, aromatisée, sucrée, avec édulcorants",fr,"Still soft drink with tea extract, with sugar(s) and sweetener(s)",eaux et autres boissons beverages,100,g,4.25,0.027,0.022,17.1,ciqual-2025-11-03
ciqual,18016,"Limonade, sucrée, avec édulcorants",fr,"Lemonade, with sugar(s) and with sweetener(s)",eaux et autres boissons beverages,100,g,2,0.00005,0.0001,8,ciqual-2025-11-03
ciqual,18017,"Sirop à diluer, sucré",fr,"Syrup, to be diluted, with sugar(s)",eaux et autres boissons beverages,100,g,62.5,0.25,0,252,ciqual-2025-11-03
ciqual,18018,"Cola, sucré",fr,"Cola, with sugar(s)",eaux et autres boissons beverages,100,g,10,0.000026,0.000023,40.1,ciqual-2025-11-03
ciqual,18019,"Boisson gazeuse aux fruits (teneur en fruits >= 10% et < 50%), sucrée",fr,"Carbonated beverage or fruit soft drink , fruit content >= 10% and < 50%, with sugar(s)",eaux et autres boissons beverages,100,g,11.3,0.028,0.0097,46.4,ciqual-2025-11-03
ciqual,18020,"Thé infusé, sans sucres ajoutés",fr,"Tea, brewed, no added sugars",eaux et autres boissons beverages,100,g,0,0.1,0,0.4,ciqual-2025-11-03
ciqual,18021,"Boisson plate aux fruits (teneur en fruits < 10%), sans sucres ajoutés, avec édulcorants",fr,"Still soft drink, fruit content <10%, no added sugars and with sweetener(s)",eaux et autres boissons beverages,100,g,0.96,0.06,0,4.07,ciqual-2025-11-03
ciqual,18022,"Tisane infusée ou infusion, sans sucres ajoutés",fr,"Infusion, brewed, no added sugars",eaux et autres boissons beverages,100,g,0.2,0,0,0.8,ciqual-2025-11-03
ciqual,18023,"Boisson plate aux fruits (teneur en fruits < 10%), sucrée",fr,"Still soft drink, fruit content <10%, with sugar(s)",eaux et autres boissons beverages,100,g,6.39,0.13,0.11,25.6,ciqual-2025-11-03
ciqual,18024,"Boisson plate aux fruits (teneur en fruits >= 10% et < 50%), sucrée, avec édulcorants",fr,"Still soft drink, fruit content >= 10% and < 50%, with sugar(s) and  with sweetener(s)",eaux et autres boissons beverages,100,g,5.83,0.06,0.06,23.3,ciqual-2025-11-03
ciqual,18025,"Kombucha, préemballé",fr,"Kombucha, prepacked",eaux et autres boissons beverages,100,g,1.45,0.25,0,6.61,ciqual-2025-11-03
ciqual,18026,"Boisson gazeuse aromatisée, sans fruit, sucrée",fr,"Carbonated beverage or soft drink, without fruit, with sugar(s)",eaux et autres boissons beverages,100,g,8.28,0.0016,0.043,34.5,ciqual-2025-11-03
ciqual,18028,"Boisson à l'eau minérale ou de source, aromatisée, sans sucres ajoutés, sans édulcorants",fr,"Bottled water, flavoured, no added sugars and no sweetener(s)",eaux et autres boissons beverages,100,g,0.026,0.000026,0.000026,0.096,ciqual-2025-11-03
ciqual,18029,Boisson rafraîchissante sans alcool (aliment moyen),fr,Non-alcoholic beverage (average),eaux et autres boissons beverages,100,g,6.86,0.059,0.023,27.9,ciqual-2025-11-03
ciqual,18030,"Boisson à l'eau minérale ou de source, aromatisée, sans sucres ajoutés, avec édulcorants",fr,"Bottled water, flavoured, no added sugars and with sweetener(s)",eaux et autres boissons beverages,100,g,0.0001,0.0001,0.0001,0.0017,ciqual-2025-11-03
ciqual,18033,"Boisson gazeuse aux fruits (teneur en fruits < 10%), sucrée, avec édulcorants",fr,"Carbonated beverage or fruit soft drink, fruit content < 10% , with sugar(s) and with sweetener(s)",eaux et autres boissons beverages,100,g,6.79,0.0016,0.00049,27.2,ciqual-2025-11-03
ciqual,18034,"Boisson gazeuse aux fruits (teneur en fruits >= 10% et < 50%), sucrée, avec édulcorants",fr,"Carbonated beverage or fruit soft drink, fruit content >= 10% and < 50%, with sugar(s) and with sweetener(s)",eaux et autres boissons beverages,100,g,6.92,0.022,0.000013,28.1,ciqual-2025-11-03
ciqual,18035,"Limonade, sans sucres ajoutés, avec édulcorants",fr,"Lemonade, no added sugars, with sweetener(s)",eaux et autres boissons beverages,100,g,0.12,0.000033,0.000033,0.48,ciqual-2025-11-03
ciqual,18037,"Cola, sucré, avec édulcorants",fr,"Cola, with sugar(s) and with sweetener(s)",eaux et autres boissons beverages,100,g,6.07,0.000025,0.000025,24.3,ciqual-2025-11-03
ciqual,18039,"Diabolo (limonade et sirop), sucré",fr,Lemonade with syrupwith sugar(s),eaux et autres boissons beverages,100,g,8.43,0.06,0.00004,33.9,ciqual-2025-11-03
ciqual,18041,Lait de coco,fr,Coconut milk,aides culinaires et ingrédients divers miscellaneous,100,g,4.29,1.94,19.2,199,ciqual-2025-11-03
ciqual,18044,Eau minérale (aliment moyen),fr,"Water, mineral (average)",eaux et autres boissons beverages,100,g,0.0061,0,0,0.024,ciqual-2025-11-03
ciqual,18045,"Eau minérale, embouteilée, plate (aliment moyen)",fr,"Mineral still water, bottled (average)",eaux et autres boissons beverages,100,g,0.0062,0,0,0.025,ciqual-2025-11-03
ciqual,18046,"Eau minérale, embouteilée, gazeuse (aliment moyen)",fr,"Mineral sparkling water, bottled (average)",eaux et autres boissons beverages,100,g,0.0046,0,0,0.018,ciqual-2025-11-03
ciqual,18048,"Boisson gazeuse aux fruits (teneur en jus non spécifiée), sucrée (aliment moyen)",fr,"Carbonated beverage or fruit soft drink (fruit juice content unknown), with sugar(s) (average)",eaux et autres boissons beverages,100,g,10.9,0.025,0.01,44.6,ciqual-2025-11-03
ciqual,18049,"Boisson gazeuse aux fruits (teneur en fruits < 10%), sucrée",fr,"Carbonated beverage or fruit soft drink, fruit content < 10% , with sugar(s)",eaux et autres boissons beverages,100,g,8.36,0.011,0.015,33.6,ciqual-2025-11-03
ciqual,18050,"Boisson gazeuse aux fruits (teneur en fruits < 10%), à teneur réduite en sucres",fr,"Carbonated beverage or fruit soft drink, fruit content <10%, reduced sugar",eaux et autres boissons beverages,100,g,7.15,0.0067,0.1,28.7,ciqual-2025-11-03
ciqual,18051,"Boisson gazeuse aux fruits (teneur en fruits >= 10% et < 50%), sans sucres ajoutés, avec édulcorants",fr,"Carbonated beverage or fruit soft drink, fruit content  >= 10% and < 50%, no added sugars and with sweetener(s)",eaux et autres boissons beverages,100,g,0.91,0.027,0.02,3.69,ciqual-2025-11-03
ciqual,18057,"Boisson préparée à partir de boisson concentrée à diluer type menthe, fraise, etc, sans sucres ajoutés, avec édulcorants, type ""sirop 0%"", diluée dans l'eau",fr,"Preparation for beverage diluted in water (eg. mint, strawberry etc.), no added sugars, with sweetener(s), type syrup 0%",eaux et autres boissons beverages,100,g,1.5,0.25,0,6,ciqual-2025-11-03
ciqual,18058,"Boisson préparée à partir de sirop à diluer type menthe, fraise, etc, sucré, dilué dans l'eau",fr,"Syrup (eg. Mint, strawberry etc.), with sugar(s), diluted in water",eaux et autres boissons beverages,100,g,7.7,0.055,0,31.2,ciqual-2025-11-03
ciqual,18059,"Boisson concentrée à diluer, sans sucres ajoutés, avec édulcorants, type ""sirop 0%""",fr,"Concentrate beverage (to be diluted), no added sugars and with sweeteners, ""syrup 0%"" type",eaux et autres boissons beverages,100,g,3.79,0.25,0,19.5,ciqual-2025-11-03
ciqual,18060,"Cola, sans sucres ajoutés, avec édulcorants",fr,"Cola, without added sugars and with sweetener(s)",eaux et autres boissons beverages,100,g,0.25,0.000019,0.00002,1.04,ciqual-2025-11-03
ciqual,18062,"Boisson au thé, aromatisée, sans précision sur la teneur en sucres et édulcorants (aliment moyen)",fr,"Still soft drink with tea extract, sugar and sweetener contents unknown (average)",eaux et autres boissons beverages,100,g,5.26,0.017,0.0023,21.1,ciqual-2025-11-03
ciqual,18063,"Cola, sans précision sur la teneur en sucres et édulcorants (aliment moyen)",fr,"Cola, sugar(s) and sweetener(s) content unknown (average)",eaux et autres boissons beverages,100,g,6.88,0.0056,0.0056,27.5,ciqual-2025-11-03
ciqual,18064,"Boisson au thé, aromatisée, à teneur réduite en sucres",fr,"Still soft drink with tea extract, flavoured, reduced sugar",eaux et autres boissons beverages,100,g,3.75,0.00001,0.000011,14.9,ciqual-2025-11-03
ciqual,18065,"Boisson au thé, aromatisée, sans sucres ajoutés, avec édulcorants",fr,"Still soft drink with tea extract, flavoured, no added sugars and with sweetener(s)",eaux et autres boissons beverages,100,g,0.22,0.000025,0.000015,0.53,ciqual-2025-11-03
ciqual,18066,Eau du robinet,fr,"Water, municipal",eaux et autres boissons beverages,100,g,0,0,0,0,ciqual-2025-11-03
ciqual,18067,"Cola, sucré, sans caféine",fr,"Cola, with sugar(s) and without caffeine",eaux et autres boissons beverages,100,g,10.2,0.05,0.05,40.9,ciqual-2025-11-03
ciqual,18068,"Cola, sans sucres ajoutés, avec édulcorants, sans caféine",fr,"Cola, without added sugars, with sweetener(s) and no caffeine",eaux et autres boissons beverages,100,g,0.13,0.083,0.083,0.058,ciqual-2025-11-03
ciqual,18069,"Café, décaféiné, poudre soluble",fr,"Decaffeinated coffee, powder, instant",eaux et autres boissons beverages,100,g,76,11.6,0.2,352,ciqual-2025-11-03
ciqual,18070,"Café décaféiné, non instantané, sans sucres ajoutés, prêt à boire",fr,"Decaffeinated non instant coffee, no added sugars, ready-to-drink",eaux et autres boissons beverages,100,g,0.6,0.1,0.18,4.42,ciqual-2025-11-03
ciqual,18071,"Café expresso, non instantané, sans sucres ajoutés, prêt à boire",fr,"Espresso coffee non instant coffee, no added sugars, ready-to-drink",eaux et autres boissons beverages,100,g,1.16,0.25,0.2,6.54,ciqual-2025-11-03
ciqual,18072,"Café décaféiné, instantané, sans sucres ajoutés, prêt à boire",fr,"Decaffeinated instant coffee, no added sugars, ready-to-drink",eaux et autres boissons beverages,100,g,0.4,0.12,0.002,2.1,ciqual-2025-11-03
ciqual,18073,"Café, instantané, sans sucres ajoutés, prêt à boire",fr,"Instant coffee, no added sugars, ready-to-drink",eaux et autres boissons beverages,100,g,0.3,0.1,0.004,1.64,ciqual-2025-11-03
ciqual,18075,"Boisson au thé, aromatisée, sucrée",fr,"Still soft drink with tea extract, flavoured, with sugar(s)",eaux et autres boissons beverages,100,g,5.78,0.02,0.0027,23.2,ciqual-2025-11-03
ciqual,18076,"Thé, feuille",fr,Tea leaf,eaux et autres boissons beverages,100,g,6.3,19.4,2,232,ciqual-2025-11-03
ciqual,18078,"Boisson gazeuse aromatisée, sans fruit, sucrée, avec édulcorants",fr,"Carbonated beverage or soft drink, without fruit, with sugar(s) and with sweetener(s)",eaux et autres boissons beverages,100,g,5.58,0.0072,0.000015,22.4,ciqual-2025-11-03
ciqual,18100,"Cacao, sans sucres ajoutés, poudre soluble",fr,"Cocoa powder, no added sugars, powder, instant",eaux et autres boissons beverages,100,g,11.6,22.4,20.6,387,ciqual-2025-11-03
ciqual,18101,"Poudre cacaotée ou au chocolat pour boisson, sucrée",fr,"Cocoa or chocolate powder, for beverages, with sugar(s)",eaux et autres boissons beverages,100,g,75.6,6.65,3.29,379,ciqual-2025-11-03
ciqual,18102,"Poudre maltée, cacaotée ou au chocolat pour boisson, sucrée, enrichie en vitamines et minéraux",fr,"Malted cocoa or chocolate powder for beverage, with sugar(s), fortified with vitamins and minerals",eaux et autres boissons beverages,100,g,79.4,9.9,5.03,,ciqual-2025-11-03
ciqual,18104,"Chocolat chaud, boisson instantanée, sucrée, prête à boire (reconstituée avec du lait demi-écrémé)",fr,"Instant cocoa or chocolate beverage, with sugar(s), ready-to-drink (reconstituted with standard semi-skimmed milk)",eaux et autres boissons beverages,100,g,9.5,3.78,1.42,65.9,ciqual-2025-11-03
ciqual,18106,"Chocolat chaud, boisson instantanée, sucrée, enrichie en vitamines, prête à boire (reconstituée avec du lait demi-écrémé)",fr,"Instant cocoa or chocolate beverage, with sugar(s), fortified with vitamins, ready-to-drink (reconstituted with semi-skimmed milk)",eaux et autres boissons beverages,100,g,9.91,4.08,1.71,71.4,ciqual-2025-11-03
ciqual,18107,"Boisson à l'amande, nature, sans sucres ajoutés, non enrichie, préemballée",fr,"Almond drink, plain, no added sugars, not fortified, prepacked",eaux et autres boissons beverages,100,g,0.68,1.06,3.2,35.8,ciqual-2025-11-03
ciqual,18110,"Boisson à l'amande, sucrée, enrichie en calcium, préemballée",fr,"Almond drink, with sugar(s), fortified with calcium, prepacked",eaux et autres boissons beverages,100,g,3.96,0.69,2.8,43.9,ciqual-2025-11-03
ciqual,18111,"Boisson à l'amande, préemballée (aliment moyen)",fr,"Almond drink, prepacked (average)",eaux et autres boissons beverages,100,g,0.68,1.06,3.2,35.8,ciqual-2025-11-03
ciqual,18112,"Boisson végétale, préemballée (aliment moyen)",fr,"Plant-based drink, prepacked (average)",eaux et autres boissons beverages,100,g,2.38,2.91,2.33,43.6,ciqual-2025-11-03
ciqual,18113,"Boisson au soja, préemballée (aliment moyen)",fr,"Soy drink, prepacked (average)",eaux et autres boissons beverages,100,g,2.93,3.52,2.04,46.1,ciqual-2025-11-03
ciqual,18150,"Chicorée et café, poudre soluble",fr,"Mix of chicory and coffee, powder, instant",eaux et autres boissons beverages,100,g,66.9,9.3,0.35,332,ciqual-2025-11-03
ciqual,18151,"Café au lait, café crème ou cappuccino, instantané ou non, sans sucres ajoutés, prêt à boire",fr,"Coffee with milk or white coffee or cappuccino, instant or non instant coffee, no added sugars, ready-to-drink",eaux et autres boissons beverages,100,g,2.31,1.36,0.76,21.5,ciqual-2025-11-03
ciqual,18152,"Chicorée, poudre soluble",fr,"Chicory, powder, instant",eaux et autres boissons beverages,100,g,57.2,3.3,2.5,323,ciqual-2025-11-03
ciqual,18153,"Chicorée et café, instantané, sans sucres ajoutés, prête à boire (reconstituée avec du lait demi-écrémé)",fr,"Mix of chicory and coffee, instant, no added sugars, ready-to-drink (reconstituted with standard semi-skimmed milk)",eaux et autres boissons beverages,100,g,5.9,3.66,1.62,53.7,ciqual-2025-11-03
ciqual,18154,"Thé noir, infusé, sans sucres ajoutés",fr,"Black tea, brewed, no added sugars",eaux et autres boissons beverages,100,g,0.3,0,0.007,1.26,ciqual-2025-11-03
ciqual,18155,"Thé vert, infusé, sans sucres ajoutés",fr,"Green tea, brewed, no added sugars",eaux et autres boissons beverages,100,g,1.09,0,0,5.1,ciqual-2025-11-03
ciqual,18160,"Café au lait ou cappuccino, poudre soluble",fr,"Coffee with milk or cappuccino, powder, instant",eaux et autres boissons beverages,100,g,70.1,11.9,8.8,416,ciqual-2025-11-03
ciqual,18161,"Chicorée, instantanée, sans sucres ajoutés, prête à boire (reconstituée avec du lait demi-écrémé)",fr,"Instant chicory, no added sugars, ready-to-drink (reconstituted with standard semi-skimmed milk)",eaux et autres boissons beverages,100,g,7.1,0,7.1,93.5,ciqual-2025-11-03
ciqual,18162,"Chicorée et café, instantané, sans sucres ajoutés, prête à boire (reconstituée avec de l'eau)",fr,"Mix of chicory and coffee, instant, no added sugars, ready-to-drink (reconstituted with water)",eaux et autres boissons beverages,100,g,6.06,0.56,0,27.8,ciqual-2025-11-03
ciqual,18163,"Café au lait ou cappuccino au chocolat, poudre soluble",fr,"Coffee with milk or cappuccino with chocolate, powder, instant",eaux et autres boissons beverages,100,g,63,11,9,384,ciqual-2025-11-03
ciqual,18167,"Poudre cacaotée ou au chocolat pour boisson, sucrée, enrichie en vitamines et minéraux",fr,"Cocoa or chocolate powder, for beverages, with sugar(s), fortified with vitamins and minerals",eaux et autres boissons beverages,100,g,79.3,4.68,3.04,376,ciqual-2025-11-03
ciqual,18168,"Poudre cacaotée ou au chocolat pour boisson, sucrée, enrichie en vitamines",fr,"Cocoa or chocolate powder, for beverages, with sugar(s), fortified with vitamins",eaux et autres boissons beverages,100,g,85,4.29,2.04,386,ciqual-2025-11-03
ciqual,18220,"Spécialité à diluer au citron pour boissons ou usages culinaires, sans sucres ajoutés",fr,"Lemon speciality to be diluted, for beverages or culinary use, no added sugars",eaux et autres boissons beverages,100,g,1.01,0.25,0,18.4,ciqual-2025-11-03
ciqual,18294,"Boisson plate aux fruits  (teneur en fruits < 10%), sucrée, rayon frais, enrichie en vitamine(s)",fr,"Still soft drink, fruit content <10%,  with sugar(s), refrigerated fortified with vitamin(s)",eaux et autres boissons beverages,100,g,8.42,0,0,33.7,ciqual-2025-11-03
ciqual,18295,"Boisson plate aux fruits  (teneur en fruits >= 10% et < 50%), sucrée, enrichie en vitamine(s)",fr,"Still soft drink, fruit content >= 10% and < 50%,  with sugar(s), fortified with vitamin(s)",eaux et autres boissons beverages,100,g,9.49,0.00002,0.00002,38,ciqual-2025-11-03
ciqual,18296,"Boisson aux fruits avec de la purée de fruits type smoothie (teneur en fruits >=50%), enrichie en vitamine(s)",fr,"Still soft drink, with fruit puree, smoothie type, fruit content  >= 50%, fortified with vitamin(s)",eaux et autres boissons beverages,100,g,11.5,0.52,0.45,51.3,ciqual-2025-11-03
ciqual,18297,"Boisson plate aux fruits (teneur en fruits >= 50%), rayon ambiant, enrichie en vitamine(s)",fr,"Still soft drink, fruit content >= 50%, room temperature, fortified with vitamin(s)",eaux et autres boissons beverages,100,g,10.9,0.22,0.000067,45.1,ciqual-2025-11-03
ciqual,18298,"Boisson plate aux fruits (teneur en fruits >= 50%), rayon ambiant",fr,"Still soft drink, fruit content >= 50%,  room temperature",eaux et autres boissons beverages,100,g,10,0.19,0.11,41.7,ciqual-2025-11-03
ciqual,18299,"Citronnade, boisson plate au citron (teneur en fruits >= 10% et < 50%), sucrée",fr,"Still soft drink, lemonade, fruit content >= 10% and < 50%, with sugar(s)",eaux et autres boissons beverages,100,g,5.77,0.00003,0.005,23.2,ciqual-2025-11-03
ciqual,18300,"Boisson aux fruits avec de la purée de fruits type smoothie (teneur en fruits >= 50%), sans sucres ajoutés, rayon frais",fr,"Still soft drink,  with fruit puree, smoothie type, fruit content >= 50%, no added sugars, refrigerated",eaux et autres boissons beverages,100,g,12.1,0.8,1.45,67.5,ciqual-2025-11-03
ciqual,18304,"Boisson plate aux fruits (teneur en fruits >= 10% et < 50%), à teneur réduite en sucres",fr,"Still soft drink, fruit content >= 10% and < 50%, reduced sugar",eaux et autres boissons beverages,100,g,4.71,0.22,0.22,18.8,ciqual-2025-11-03
ciqual,18305,"Boisson plate aux fruits (teneur en fruits >= 10% et < 50%), sans sucres ajoutés",fr,"Still soft drink, fruit content >= 10% and < 50%, no added sugars",eaux et autres boissons beverages,100,g,3.18,0.052,0.0067,13,ciqual-2025-11-03
ciqual,18306,"Boisson à l'aloe vera, sucrée",fr,"Aloe vera beverage, with sugar(s)",eaux et autres boissons beverages,100,g,8.11,0.094,0,32.9,ciqual-2025-11-03
ciqual,18309,"Boisson plate aux fruits (teneur en fruits non spécifiée), sucrée",fr,"Still soft drink, fruit content unknown, with sugar(s)",eaux et autres boissons beverages,100,g,11.2,0.1,0.07,45.8,ciqual-2025-11-03
ciqual,18315,Boisson plate au(x) fruits et au(x) légume(s),fr,Fruit and vegetable beverage,eaux et autres boissons beverages,100,g,10,0.31,0.12,42.9,ciqual-2025-11-03
ciqual,18316,"Kéfir d'eau et de fruits, préemballé",fr,"Water kefir or Tibicos, prepacked",eaux et autres boissons beverages,100,g,0.9,0.1,0,3.6,ciqual-2025-11-03
ciqual,18324,"Boisson énergisante, sans précision sur la teneur en sucres et édulcorants (aliment moyen)",fr,"Energy drink, sugar and artifical sweetener contents unknown (average)",eaux et autres boissons beverages,100,g,8.77,0.097,0.0016,35.2,ciqual-2025-11-03
ciqual,18325,"Boisson plate aux fruits (teneur en fruits non spécifiée), sans précision sur la teneur en sucres et édulcorants ni sur l'enrichissement (aliment moyen)",fr,"Still soft drink, fruit content unknown, sugar and sweetener contents unknown (average)",eaux et autres boissons beverages,100,g,9.38,0.18,0.13,39.3,ciqual-2025-11-03
ciqual,18326,"Boisson à l'eau minérale ou de source, aromatisée, sans précision sur la teneur en sucres et édulcorants (aliment moyen)",fr,"Bottled water, flavoured, sugar and sweetener contents unknown (average)",eaux et autres boissons beverages,100,g,0.47,0.000097,0.000046,1.88,ciqual-2025-11-03
ciqual,18327,"Limonade, sans précision sur la teneur en sucres et édulcorants (aliment moyen)",fr,"Lemonade, sugar and sweetener contents unknown (average)",eaux et autres boissons beverages,100,g,7.09,0.000025,0.000026,28.4,ciqual-2025-11-03
ciqual,18328,"Boisson préparée à partir de sirop ou de boisson concentrée à diluer type menthe, fraise, etc, diluée dans l'eau, sans précision sur la teneur en sucres et édulcorants (aliment moyen)",fr,"Syrup (eg. Mint, strawberry etc.), sugar content unknown, diluted in water (average)",eaux et autres boissons beverages,100,g,7.21,0.071,0,29.2,ciqual-2025-11-03
ciqual,18329,"Boisson gazeuse aromatisée, sans fruit, sans précision sur la teneur en sucres et édulcorants (aliment moyen)",fr,"Carbonated beverage or soft drink, without fruit, sugar and  sweetener contents unknown (average)",eaux et autres boissons beverages,100,g,6.87,0.0067,0.0071,27.6,ciqual-2025-11-03
ciqual,18339,"Boisson plate aux fruits (teneur en fruits >= 10% et < 50%), sucrée",fr,"Still soft drink, fruit content >= 10% and < 50%, with sugar(s)",eaux et autres boissons beverages,100,g,9.92,0.13,0.14,41.1,ciqual-2025-11-03
ciqual,18340,"Boisson gazeuse aux fruits (teneur en fruits < 10%), sans sucres ajoutés, avec édulcorants",fr,"Carbonated beverage or fruit soft drink, fruit content < 10% , no added sugars and with sweetener(s)",eaux et autres boissons beverages,100,g,0.45,0.063,0,2.06,ciqual-2025-11-03
ciqual,18341,"Boisson gazeuse à la pomme (teneur en fruits >= 50%), sans sucres ajoutés",fr,"Carbonated beverage, apple content >=  50% and <99%, no added sugars",eaux et autres boissons beverages,100,g,7.5,0,0,30,ciqual-2025-11-03
ciqual,18343,Boisson au(x) fruit(s) et au lait,fr,Still beverage with fruit juice and milk,eaux et autres boissons beverages,100,g,10.7,0.68,0.041,47.7,ciqual-2025-11-03
ciqual,18344,"Tonic ou bitter, sucré",fr,"Tonic drink, with sugar(s)",eaux et autres boissons beverages,100,g,8.27,0,0,33.1,ciqual-2025-11-03
ciqual,18345,"Boisson gazeuse aux fruits (teneur en fruits < 10%), sans sucres ajoutés, sans édulcorants",fr,"Carbonated beverage or fruit soft drink, fruit content < 10% , no added sugars and no sweetener(s)",eaux et autres boissons beverages,100,g,4.17,0,0,16.7,ciqual-2025-11-03
ciqual,18347,Boisson à la sève de bouleau,fr,Birch sap beverage,eaux et autres boissons beverages,100,g,0.7,0.063,0.063,2.8,ciqual-2025-11-03
ciqual,18348,"Boisson pour le sport, sucrée",fr,"Sports drink, with sugar(s)",eaux et autres boissons beverages,100,g,5.41,0.000013,0.000013,21.7,ciqual-2025-11-03
ciqual,18349,"Boisson pour le sport, sucrée, avec édulcorants",fr,"Sports drink with added sugars, with sugar(s)",eaux et autres boissons beverages,100,g,4.82,0.000025,0.000023,19.3,ciqual-2025-11-03
ciqual,18352,"Boisson énergisante, sucrée",fr,"Energy drink, with sugar(s)",eaux et autres boissons beverages,100,g,10.2,0.095,0,40.9,ciqual-2025-11-03
ciqual,18353,"Boisson énergisante, sans sucres ajoutés, avec édulcorants, enrichie en vitamines",fr,"Energy drink, no added sugar(s) and with sweetener(s), fortified with vitamins",eaux et autres boissons beverages,100,g,2.06,0.11,0.0091,8.57,ciqual-2025-11-03
ciqual,18354,"Boisson énergisante, sucrée, avec édulcorants",fr,"Energy drink, with sugar(s) and with sweetener(s)",eaux et autres boissons beverages,100,g,6.86,0.042,0.000046,27.6,ciqual-2025-11-03
ciqual,18356,"Tonic ou bitter, sans précision sur la teneur en sucres et édulcorants (aliment moyen)",fr,"Tonic drink, sugar(s) and sweetener(s) content unknown (average)",eaux et autres boissons beverages,100,g,7.21,0.000012,0.000012,28.8,ciqual-2025-11-03
ciqual,18430,Eau de source gazeuse ou plate,fr,"Spring water, bottled",eaux et autres boissons beverages,100,g,0,0,0,0,ciqual-2025-11-03
ciqual,18899,"Boisson à l'avoine, nature, sans sucres ajoutés, non enrichie, préemballée",fr,"Oat drink, plain, no added sugar, not fortified, prepacked",eaux et autres boissons beverages,100,g,7.78,0.25,1.1,41,ciqual-2025-11-03
ciqual,18900,"Boisson au soja, nature, non enrichie, préemballée",fr,"Soy drink, plain, not fortified, prepacked",eaux et autres boissons beverages,100,g,1.87,3.5,2.1,42.4,ciqual-2025-11-03
ciqual,18901,"Boisson au soja, nature, enrichie en calcium, préemballée",fr,"Soy drink, plain, fortified with calcium, prepacked",eaux et autres boissons beverages,100,g,2.18,3.75,2.05,44.2,ciqual-2025-11-03
ciqual,18902,"Boisson au soja, aromatisée, sucrée, non enrichie, préemballée",fr,"Soy drink, flavoured, with sugar(s), not fortified, prepacked",eaux et autres boissons beverages,100,g,7.54,3.38,1.8,61.9,ciqual-2025-11-03
ciqual,18903,"Boisson au soja, aromatisée, sucrée, enrichie en calcium, préemballée",fr,"Soy drink, flavoured, with sugar(s), fortified in calcium, prepacked",eaux et autres boissons beverages,100,g,2.89,3.3,1.8,43.2,ciqual-2025-11-03
ciqual,18904,"Boisson au riz, nature, préemballée",fr,"Rice drink, plain, prepacked",eaux et autres boissons beverages,100,g,10.8,0.25,1,52.2,ciqual-2025-11-03
ciqual,18906,"Boisson à la châtaigne, nature, préemballée",fr,"Chestnut drink, plain, prepacked",eaux et autres boissons beverages,100,g,13.5,0.25,1.4,67.9,ciqual-2025-11-03
ciqual,18907,"Boisson à la noix de coco, nature, préemballée",fr,"Coconut drink, plain, prepacked",eaux et autres boissons beverages,100,g,2.75,0.25,2.1,29.9,ciqual-2025-11-03
ciqual,19000,"Lait de grand mélange, en vrac",fr,"Milk, bulk",produits laitiers milk and milk products,100,g,4.65,3.21,3.66,64.4,ciqual-2025-11-03
ciqual,19012,"Lait de croissance infantile, liquide (aliment lacté destiné aux enfants en bas âge)",fr,"Baby milk, growing-up milk, ready to drink",aliments infantiles baby food,100,g,7.77,1.25,2.71,60.9,ciqual-2025-11-03
ciqual,19013,"Lait 1er âge, prêt à consommer (préparation pour nourrissons)",fr,"Baby milk, infant formula, ready to drink",aliments infantiles baby food,100,g,8.04,1.19,3.79,71.3,ciqual-2025-11-03
ciqual,19014,"Lait 2e âge, prêt à consommer (préparation de suite)",fr,"Baby milk, follow-on formula, ready to drink",aliments infantiles baby food,100,g,8.23,1.19,2.9,65.1,ciqual-2025-11-03
ciqual,19016,Lait entier (aliment moyen),fr,"Milk, whole (average)",produits laitiers milk and milk products,100,g,4.78,3.35,3.49,63.9,ciqual-2025-11-03
ciqual,19021,"Lait en poudre, entier",fr,"Milk powder, whole",produits laitiers milk and milk products,100,g,42,26,26.2,508,ciqual-2025-11-03
ciqual,19023,"Lait entier, UHT",fr,"Milk, whole, UHT",produits laitiers milk and milk products,100,g,4.77,3.39,3.55,64.6,ciqual-2025-11-03
ciqual,19024,"Lait entier, pasteurisé",fr,"Milk, whole, pasteurised",produits laitiers milk and milk products,100,g,4.8,3.23,3.3,61.8,ciqual-2025-11-03
ciqual,19026,"Lait concentré sans sucres ajoutés, entier",fr,"Condensed milk, no added sugars, whole",produits laitiers milk and milk products,100,g,9.91,6.31,5.9,119,ciqual-2025-11-03
ciqual,19027,"Lait concentré sucré, entier",fr,"Condensed milk, with sugar(s), whole",produits laitiers milk and milk products,100,g,56.5,7.54,7.87,327,ciqual-2025-11-03
ciqual,19033,Lait demi-écrémé (aliment moyen),fr,"Milk, semi-skimmed (average)",produits laitiers milk and milk products,100,g,4.97,3.38,1.55,47.5,ciqual-2025-11-03
ciqual,19037,"Lait demi-écrémé, UHT, enrichi en vitamine D",fr,"Milk,  semi-skimmed, UHT, fortified with vitamin D",produits laitiers milk and milk products,100,g,4.8,3.31,1.52,46.6,ciqual-2025-11-03
ciqual,19038,"Lait à 1,2% MG, UHT, enrichi en vitamines",fr,"Milk, 1,2% fat, UHT, fortified with vitamins",produits laitiers milk and milk products,100,g,4.79,3.31,1.25,44.1,ciqual-2025-11-03
ciqual,19039,"Lait, sans précision sur la teneur en matière grasse, UHT (aliment moyen)",fr,"Milk, fat content unknown, UHT (average)",produits laitiers milk and milk products,100,g,4.97,3.41,1.57,47.7,ciqual-2025-11-03
ciqual,19041,"Lait demi-écrémé, UHT",fr,"Milk, semi-skimmed, UHT",produits laitiers milk and milk products,100,g,5,3.41,1.56,47.7,ciqual-2025-11-03
ciqual,19042,"Lait demi-écrémé, pasteurisé",fr,"Milk, semi-skimmed, pasteurised",produits laitiers milk and milk products,100,g,4.9,3.13,1.54,46.4,ciqual-2025-11-03
ciqual,19044,"Lait en poudre, demi-écrémé",fr,"Milk powder, semi-skimmed",produits laitiers milk and milk products,100,g,43.4,30.8,17.5,459,ciqual-2025-11-03
ciqual,19050,"Lait écrémé, UHT",fr,"Milk, skimmed, UHT",produits laitiers milk and milk products,100,g,5.01,3.53,0.021,34.4,ciqual-2025-11-03
ciqual,19051,"Lait écrémé, pasteurisé",fr,"Milk, skimmed, pasteurised",produits laitiers milk and milk products,100,g,4.7,3.3,0.08,32.7,ciqual-2025-11-03
ciqual,19054,"Lait en poudre, écrémé",fr,"Milk powder, skimmed",produits laitiers milk and milk products,100,g,54,34.6,0.7,361,ciqual-2025-11-03
ciqual,19060,"Lait demi-écrémé (ou à teneur en matière grasse légèrement inférieure), UHT,  à teneur réduite en lactose",fr,"Milk, semi-skimmed, UHT, reduced lactose",produits laitiers milk and milk products,100,g,4.69,3.38,1.29,44.4,ciqual-2025-11-03
ciqual,19114,"Boisson lactée aromatisée à la vanille, sucrée, au lait partiellement écrémé, enrichie en vitamine D",fr,"Vanilla flavoured milk, with sugar(s), partially skimmed, fortified with vitamin D",eaux et autres boissons beverages,100,g,11,2,0.6,57.4,ciqual-2025-11-03
ciqual,19116,"Boisson lactée aromatisée au café, sucrée, au lait partiellement écrémé, enrichie en vitamine(s) et/ou minéraux",fr,"Coffee flavoured milk beverage, with sugar(s), partially skimmed fortified with vitamin(s) and/or mineral(s)",eaux et autres boissons beverages,100,g,8.9,2.9,0.38,50.6,ciqual-2025-11-03
ciqual,19117,"Boisson lactée aromatisée au café, sucrée, au lait partiellement écrémé, non enrichie",fr,"Coffee flavoured milk beverage, with sugar(s), partially skimmed, not fortified",eaux et autres boissons beverages,100,g,8.84,3.05,2.33,70.3,ciqual-2025-11-03
ciqual,19118,"Boisson lactée aromatisée au chocolat, sucrée, au lait partiellement écrémé, non enrichie",fr,"Chocolate flavoured milk beverage, with sugar(s), partially skimmed, not fortified",eaux et autres boissons beverages,100,g,11,3.42,1.58,72.8,ciqual-2025-11-03
ciqual,19119,"Boisson lactée aromatisée au chocolat, sucrée, au lait partiellement écrémé, enrichie en vitamine(s) et/ou minéraux",fr,"Chocolate flavoured milk beverage, with sugar(s), partially skimmed, fortified with vitamin(s) and/or mineral(s)",eaux et autres boissons beverages,100,g,10.8,2.96,1.15,66.5,ciqual-2025-11-03
ciqual,19120,"Boisson lactée aromatisée (sans précision sur l'arôme), sucrée, au lait partiellement écrémé, enrichie et/ou restaurée en vitamine(s) et/ou minéraux (aliment moyen)",fr,"Flavoured milk beverage, with sugar(s), partially skimmed, fortified with vitamins and/ormineral(s) (average)",eaux et autres boissons beverages,100,g,10.7,2.59,0.84,61,ciqual-2025-11-03
ciqual,19127,"Boisson lactée aromatisée à la fraise, sucrée, au lait partiellement écrémé, enrichie en vitamine D",fr,"Strawberry flavoured milk, with sugar(s), partially skimmed, fortified with vitamin D",eaux et autres boissons beverages,100,g,10.7,2.48,0.72,58.8,ciqual-2025-11-03
ciqual,19200,"Lait de chèvre, entier, UHT",fr,"Goat milk, whole, UHT",produits laitiers milk and milk products,100,g,4.2,2.9,4.02,64.6,ciqual-2025-11-03
ciqual,19201,"Lait de chèvre, demi-écrémé, UHT",fr,"Goat milk, half skimmed, UHT",produits laitiers milk and milk products,100,g,4.13,3.69,1.57,45.8,ciqual-2025-11-03
ciqual,19202,"Lait de chèvre, entier, cru",fr,"Goat milk, whole, raw",produits laitiers milk and milk products,100,g,4.01,3.15,3.2,57.4,ciqual-2025-11-03
ciqual,19225,"Lait de jument, entier",fr,"Mare's milk, whole",produits laitiers milk and milk products,100,g,6.22,2.36,1.73,50,ciqual-2025-11-03
ciqual,19250,"Lait de brebis, entier",fr,"Sheep milk, whole",produits laitiers milk and milk products,100,g,4.5,5.56,6.97,103,ciqual-2025-11-03
ciqual,19402,"Crème ou spécialité à base de crème légère, sans précision sur la teneur en matière grasse (aliment moyen)",fr,"Cream and similar, fat content unknown (average)",produits laitiers milk and milk products,100,g,2.86,2.4,25,248,ciqual-2025-11-03
ciqual,19403,"Crème ou spécialité à base de crème légère, sans précision sur la teneur en matière grasse, fluide (aliment moyen)",fr,"Cream and similar, fat content unknown, fluid (average)",produits laitiers milk and milk products,100,g,3.97,2.44,24.2,244,ciqual-2025-11-03
ciqual,19404,"Crème ou spécialité à base de crème légère, sans précision sur la teneur en matière grasse, épaisse ou semi-épaisse (aliment moyen)",fr,"Cream and similar, fat content unknownthick or semi-thick (average)",produits laitiers milk and milk products,100,g,4.53,2.61,14.7,165,ciqual-2025-11-03
ciqual,19410,"Crème 30% MG, épaisse, rayon frais",fr,"Cream 30% fat, thick, refrigerated",produits laitiers milk and milk products,100,g,1.38,2.28,29.9,285,ciqual-2025-11-03
ciqual,19411,"Crème d'Isigny, >= 35% MG",fr,"Cream, from Isigny, >= 35% fat",produits laitiers milk and milk products,100,g,3,2.5,40,382,ciqual-2025-11-03
ciqual,19415,"Crème 30% MG, semi-épaisse, UHT",fr,"Cream 30% fat, semi-thick, UHT",produits laitiers milk and milk products,100,g,1.94,2.44,30.7,294,ciqual-2025-11-03
ciqual,19417,"Crème 30% MG, fluide, UHT",fr,"Cream 30% fat, liquid, UHT",produits laitiers milk and milk products,100,g,3.69,2.16,30,293,ciqual-2025-11-03
ciqual,19420,"Crème chantilly, sous pression, UHT",fr,"Whipped cream, aerosol, UHT",produits laitiers milk and milk products,100,g,10.6,2.06,28.2,305,ciqual-2025-11-03
ciqual,19430,"Crème 12 à 25% MG, légère, semi-épaisse, UHT",fr,"Cream, 12-25% fat, light, semi-thick, UHT",produits laitiers milk and milk products,100,g,4.34,2.72,17.6,189,ciqual-2025-11-03
ciqual,19431,"Crème 12 à 25% MG, légère, épaisse, rayon frais",fr,"Cream, 12-25% fat, light, thick, refrigerated",produits laitiers milk and milk products,100,g,4.55,2.6,14.4,162,ciqual-2025-11-03
ciqual,19432,"Spécialité à base de crème légère 4-5% MG, fluide ou épaisse",fr,"Cream based preparation, light, 5% fat, fluid or thick",produits laitiers milk and milk products,100,g,4.5,3,5,75,ciqual-2025-11-03
ciqual,19433,"Spécialité à base de crème légère 4% MG environ, fluide ou épaisse",fr,"Cream based preparation, light, about 4% fat, fluid or thick",produits laitiers milk and milk products,100,g,5.28,3.19,4.3,73.2,ciqual-2025-11-03
ciqual,19434,"Spécialité culinaire à base de crème et d'aromates 19% MG, à cuisiner",fr,"Cream based preparation with aromatic herbs 19% fat, to cook",produits laitiers milk and milk products,100,g,3,3,19,195,ciqual-2025-11-03
ciqual,19435,"Spécialité culinaire à base de crème légère et d'aromates 12% MG, à cuisiner",fr,"Cream based preparation with aromatic herbs 12% fat, to cook",produits laitiers milk and milk products,100,g,2,3,12,128,ciqual-2025-11-03
ciqual,19436,"Crème 12 à 20% MG, légère, fluide, rayon frais",fr,"Cream, 12-20% fat, light, fluid, refrigerated",produits laitiers milk and milk products,100,g,4.3,2.9,16,173,ciqual-2025-11-03
ciqual,19437,"Fromage de chèvre pané à dorer, préemballé",fr,"Cheese, breaded, to grill, prepacked, from goat's milk",entrées et plats composés starters and dishes,100,g,15,12.7,19.2,,ciqual-2025-11-03
ciqual,19500,"Lait fermenté à boire, aromatisé, avec édulcorants, allégé en sucres, 0% MG, au L Casei",fr,"Fermented milk drink, flavoured, with sweetener(s), reduced sugar, 0% fat, with L Casei",produits laitiers milk and milk products,100,g,3.64,2.84,0.1,27.5,ciqual-2025-11-03
ciqual,19501,"Fromage blanc, nature ou aux fruits (aliment moyen)",fr,"Quark, plain or with fruits (average)",produits laitiers milk and milk products,100,g,6.34,6.87,2.83,80,ciqual-2025-11-03
ciqual,19508,"Lait fermenté ou yaourt à boire, aromatisé, sucré",fr,"Fermented milk drink, flavoured, with sugar(s)",produits laitiers milk and milk products,100,g,10.7,3.09,0.89,65.9,ciqual-2025-11-03
ciqual,19516,"Lait fermenté à boire, aromatisé, sucré, au L Casei",fr,"Fermented milk drink, flavoured, with sugar(s), with L Casei",produits laitiers milk and milk products,100,g,10.8,3,1.6,69.7,ciqual-2025-11-03
ciqual,19534,"Lait fermenté ou yaourt à boire, aromatisé, sucré, enrichi en vitamine D",fr,"Fermented milk drink, flavoured, with sugar(s), fortified with vitamin D",produits laitiers milk and milk products,100,g,12.3,2.92,1.39,73.3,ciqual-2025-11-03
ciqual,19535,"Lait fermenté ou yaourt à boire, aux fruits, sucré",fr,"Fermented milk drink, with fruits, with sugar(s)",produits laitiers milk and milk products,100,g,11.9,2.85,2.49,84.6,ciqual-2025-11-03
ciqual,19536,"Lait fermenté ou yaourt à boire, aux fruits, sucré, enrichi en vitamine D",fr,"Fermented milk drink, with fruits, with sugar(s), fortified with vitamin D",produits laitiers milk and milk products,100,g,12.4,2.84,1.42,74,ciqual-2025-11-03
ciqual,19538,"Lait fermenté à boire, nature, sucré, au L Casei",fr,"Fermented milk drink, plain, with sugar(s), with L Casei",produits laitiers milk and milk products,100,g,10.8,3,1.6,69.6,ciqual-2025-11-03
ciqual,19539,"Lait fermenté type yaourt au bifidus, aromatisé, sucré",fr,"Fermented milk, yogurt type with bifidus, flavoured, with sugar(s)",produits laitiers milk and milk products,100,g,10.8,3.78,2.81,86.5,ciqual-2025-11-03
ciqual,19541,"Lait fermenté type yaourt au bifidus, aux fruits, 0% MG, avec édulcorants",fr,"Fermented milk, yogurt type with bifidus, with fruits, 0% fat, with sweetener(s)",produits laitiers milk and milk products,100,g,6.71,4.58,0.094,48.1,ciqual-2025-11-03
ciqual,19542,"Lait fermenté type yaourt au bifidus, aux fruits, sucré",fr,"Fermented milk, yogurt type with bifidus, with fruits, with sugar(s)",produits laitiers milk and milk products,100,g,10.8,3.69,2.83,87.7,ciqual-2025-11-03
ciqual,19543,"Lait fermenté type yaourt aux esters de stérol, aux fruits, 0% MG, avec édulcorants",fr,"Fermented milk, yogurt type with sterol esters, with fruits, 0% fat, with sweetener(s)",produits laitiers milk and milk products,100,g,6.6,3.8,0.5,47,ciqual-2025-11-03
ciqual,19544,"Lait fermenté type yaourt au bifidus, nature, 0% MG",fr,"Fermented milk, yogurt type with bifidus, plain, 0% fat",produits laitiers milk and milk products,100,g,5.75,4.3,0.3,42.9,ciqual-2025-11-03
ciqual,19546,"Lait fermenté type yaourt au bifidus, nature",fr,"Fermented milk, yogurt type with bifidus, plain",produits laitiers milk and milk products,100,g,10.8,6.23,2.38,92.3,ciqual-2025-11-03
ciqual,19550,"Yaourt à la grecque nature, au lait de brebis",fr,"Yogurt, Greek-style, ewe's milk",produits laitiers milk and milk products,100,g,4.28,4.72,9.78,124,ciqual-2025-11-03
ciqual,19551,"Lait fermenté à boire, aromatisé, sucré,  enrichi en vitamine D, au L Casei",fr,"Fermented milk drink, flavoured, with sugar(s), fortified with vitamin D, with L Casei",produits laitiers milk and milk products,100,g,12.1,2.78,1.53,73.3,ciqual-2025-11-03
ciqual,19552,"Yaourt à la grecque sur lit de fruits, sucré",fr,"Yogurt, Greek-style, on a fruit layer, with sugar(s)",produits laitiers milk and milk products,100,g,14.4,2.29,6.53,126,ciqual-2025-11-03
ciqual,19553,"Yaourt au lait de brebis, aromatisé, sucré",fr,"Yogurt, ewe's milk, flavoured, with sugar(s)",produits laitiers milk and milk products,100,g,9.16,4.94,3.7,93.1,ciqual-2025-11-03
ciqual,19554,"Yaourt au lait de brebis, nature, 3% MG environ",fr,"Yogurt, ewe's milk, plain, around 3% fat",produits laitiers milk and milk products,100,g,3.48,5.49,3.01,66.5,ciqual-2025-11-03
ciqual,19555,"Yaourt au lait de brebis, sur lit de fruits, sucré",fr,"Yogurt, ewe's milk, on a fruit layer, with sugar(s)",produits laitiers milk and milk products,100,g,15.2,4.25,3.73,112,ciqual-2025-11-03
ciqual,19556,"Yaourt au lait de chèvre, nature",fr,"Yogurt, goat's milk, plain",produits laitiers milk and milk products,100,g,2.53,4.19,4.9,74.4,ciqual-2025-11-03
ciqual,19557,"Yaourt ou lait fermenté, sur lit de fruits, sucré",fr,"Yogurt or fermented milk, on a fruit layer, with sugar(s)",produits laitiers milk and milk products,100,g,14,4,2.77,97.6,ciqual-2025-11-03
ciqual,19559,"Yaourt ou lait fermenté, aromatisé, 0% MG, avec édulcorants",fr,"Yogurt or fermented milk, flavoured, 0% fat, with sweetener(s)",produits laitiers milk and milk products,100,g,7.73,4.99,0.063,54.4,ciqual-2025-11-03
ciqual,19572,"Fromage frais type petit suisse, aromatisé chocolat, sucré",fr,"Fresh cream cheese, petit-suisse type, chocolate flavoured, with sugar(s)",produits laitiers milk and milk products,100,g,22.5,4.13,6.48,165,ciqual-2025-11-03
ciqual,19574,"Yaourt ou lait fermenté, aromatisé, 0% MG, avec édulcorants, enrichi en vitamine D",fr,"Yogurt or fermented milk, flavoured, 0% fat, with sweetener(s), fortified with vitamin D",produits laitiers milk and milk products,100,g,7.75,4.49,0.39,52.3,ciqual-2025-11-03
ciqual,19575,"Yaourt ou lait fermenté, aromatisé, sucré",fr,"Yogurt or fermented milk, flavoured, with sugar(s)",produits laitiers milk and milk products,100,g,12.7,3.09,2.25,86.1,ciqual-2025-11-03
ciqual,19577,"Yaourt ou lait fermenté, aromatisé, à la crème, sucré",fr,"Yogurt or fermented milk, flavoured, with cream, with sugar(s)",produits laitiers milk and milk products,100,g,13,2.92,6.59,123,ciqual-2025-11-03
ciqual,19578,"Yaourt ou lait fermenté, aromatisé, sucré, enrichi en vitamine D",fr,"Yogurt or fermented milk, flavoured, with sugar(s), fortified with vitamin D",produits laitiers milk and milk products,100,g,11.7,3.09,1.06,71.4,ciqual-2025-11-03
ciqual,19579,"Yaourt ou lait fermenté, aux céréales",fr,"Yogurt or fermented milk, with cereals",produits laitiers milk and milk products,100,g,16,3.57,3.43,111,ciqual-2025-11-03
ciqual,19580,"Yaourt ou lait fermenté, aux copeaux de chocolat, à la crème, sucré",fr,"Yogurt or fermented milk, with chocolate flakes, with cream, with sugar(s)",produits laitiers milk and milk products,100,g,14.9,3.54,5.52,126,ciqual-2025-11-03
ciqual,19581,"Yaourt ou lait fermenté, aux fruits, 0% MG, avec édulcorants",fr,"Yogurt or fermented milk, with fruits, 0% fat, with sweetener(s)",produits laitiers milk and milk products,100,g,5.66,4.29,0,45.1,ciqual-2025-11-03
ciqual,19582,"Yaourt ou lait fermenté, aux fruits, 0% MG, avec édulcorants, enrichi en vitamine D",fr,"Yogurt or fermented milk, with fruits, 0% fat, with sweetener(s), fortified with vitamin D",produits laitiers milk and milk products,100,g,6,4.23,0,45.5,ciqual-2025-11-03
ciqual,19584,Mascarpone,fr,"Mascarpone cheese, from cow's milk",produits laitiers milk and milk products,100,g,3.1,5.88,37,369,ciqual-2025-11-03
ciqual,19585,Ricotta,fr,"Ricotta cheese, from cow's milk",produits laitiers milk and milk products,100,g,4.09,7.96,10.7,,ciqual-2025-11-03
ciqual,19587,"Yaourt ou lait fermenté, aux fruits, sucré",fr,"Yogurt or fermented milk, with fruits, with sugar(s)",produits laitiers milk and milk products,100,g,12.6,3.17,2.41,88.9,ciqual-2025-11-03
ciqual,19589,"Yaourt ou lait fermenté, aux fruits, à la crème, sucré",fr,"Yogurt or fermented milk, with fruits, with cream, with sugar(s)",produits laitiers milk and milk products,100,g,13.4,2.67,5.1,113,ciqual-2025-11-03
ciqual,19590,Mozzarella au lait de vache,fr,"Mozzarella cheese, from cow's milk",produits laitiers milk and milk products,100,g,0.7,16.1,17.7,227,ciqual-2025-11-03
ciqual,19591,"Mozzarella au lait de bufflonne ou buflesse (""di bufala"")",fr,"Mozzarella cheese, from buffala's milk",produits laitiers milk and milk products,100,g,0.18,14.3,22.3,260,ciqual-2025-11-03
ciqual,19592,"Yaourt ou lait fermenté, aux fruits, sucré, enrichi en vitamine D",fr,"Yogurt or fermented milk, with fruits, with sugar(s), fortified with vitamin D",produits laitiers milk and milk products,100,g,12.3,3.26,2.65,89.5,ciqual-2025-11-03
ciqual,19593,"Yaourt ou lait fermenté, nature",fr,"Yogurt or fermented milk, plain",produits laitiers milk and milk products,100,g,4.26,3.75,1.68,50.1,ciqual-2025-11-03
ciqual,19594,"Yaourt ou lait fermenté, nature, 0% MG",fr,"Yogurt or fermented milk, plain, 0% fat",produits laitiers milk and milk products,100,g,4.89,4.08,0,39.1,ciqual-2025-11-03
ciqual,19596,"Yaourt ou lait fermenté, nature, 0% MG, enrichi en vitamine D",fr,"Yogurt or fermented milk, plain, 0% fat, fortified with vitamin D",produits laitiers milk and milk products,100,g,4.86,4.49,0.19,38.5,ciqual-2025-11-03
ciqual,19598,"Yaourt ou lait fermenté, nature, à la crème",fr,"Yogurt or fermented milk, plain, with cream",produits laitiers milk and milk products,100,g,3.8,3.16,8.5,107,ciqual-2025-11-03
ciqual,19599,"Yaourt ou lait fermenté, nature, sucré",fr,"Yogurt or fermented milk, plain, with sugar(s)",produits laitiers milk and milk products,100,g,10.7,2.86,2.81,81.7,ciqual-2025-11-03
ciqual,19600,"Yaourt ou lait fermenté, nature, sans précision sur teneur en matière grasse et sucre (aliment moyen)",fr,"Yoghurt or fermented milk, plain (average)",produits laitiers milk and milk products,100,g,5.85,3.85,2.3,62.3,ciqual-2025-11-03
ciqual,19624,"Yaourt ou lait fermenté, nature ou aux fruits (aliment moyen)",fr,"Yoghurtor fermented milk, plain or with fruits (average)",produits laitiers milk and milk products,100,g,7.98,3.62,2.6,72.9,ciqual-2025-11-03
ciqual,19628,"Yaourt ou lait fermenté, aux fruits (aliment moyen)",fr,"Yoghurt or fermented milk, with fruits (average)",produits laitiers milk and milk products,100,g,11.7,3.22,3.12,91.2,ciqual-2025-11-03
ciqual,19638,Faisselle au coulis de fruits,fr,"Drained soft fresh cheese, with fruit sauce",produits laitiers milk and milk products,100,g,8.5,3.5,5,93,ciqual-2025-11-03
ciqual,19639,"Faisselle, 0% MG",fr,"Drained soft fresh cheese, 0% fat",produits laitiers milk and milk products,100,g,4.65,4.43,0.05,36.8,ciqual-2025-11-03
ciqual,19641,"Faisselle, 6% MG environ",fr,"Drained soft fresh cheese, around 6% fat",produits laitiers milk and milk products,100,g,3.36,4.38,5.5,83.6,ciqual-2025-11-03
ciqual,19643,"Fromage blanc et crème fouettée, sur lit de fruits, sucré",fr,"Quark and whipped cream, on a fruit layer, with sugar(s)",produits laitiers milk and milk products,100,g,16,4.5,7,145,ciqual-2025-11-03
ciqual,19644,"Fromage blanc, nature, 0% MG",fr,"Quark, plain, 0% fat",produits laitiers milk and milk products,100,g,4.22,7.19,0,48.4,ciqual-2025-11-03
ciqual,19645,"Fromage blanc, nature, 0% MG, enrichi en vitamine D",fr,"Quark, plain, 0% fat, fortified with vitamin D",produits laitiers milk and milk products,100,g,4.76,7.41,0.1,49.6,ciqual-2025-11-03
ciqual,19646,"Fromage blanc, nature, 2-3% MG",fr,"Quark, plain, 2-3% fat",produits laitiers milk and milk products,100,g,3.86,7.13,3.23,75.7,ciqual-2025-11-03
ciqual,19648,"Fromage blanc, nature, 2-3% MG, enrichi en vitamine D",fr,"Quark, plain, 2-3% fat, fortified with vitamin D",produits laitiers milk and milk products,100,g,4.87,6.18,3.12,75.5,ciqual-2025-11-03
ciqual,19650,"Fromage blanc et crème fouettée, nature",fr,"Quark and whipped cream, plain",produits laitiers milk and milk products,100,g,3.8,6.59,9.94,133,ciqual-2025-11-03
ciqual,19654,"Fromage blanc ou spécialité laitière, aux copeaux de chocolat, 7-8% MG, sucré",fr,"Quark or dairy specialty, with chocolate flakes, 7-8% fat, with sugar(s)",produits laitiers milk and milk products,100,g,16.3,5.98,6.93,152,ciqual-2025-11-03
ciqual,19656,"Fromage blanc ou spécialité laitière, aux fruits, 0% MG, sucré",fr,"Quark or dairy specialty, with fruits, 0% fat, with sugar(s)",produits laitiers milk and milk products,100,g,12.8,7.27,0,80.3,ciqual-2025-11-03
ciqual,19657,"Fromage blanc ou spécialité laitière, aux fruits, 2-3% MG, sucré",fr,"Quark or dairy specialty, with fruits, 2-3% fat, with sugar(s)",produits laitiers milk and milk products,100,g,12,6.02,2.86,98.3,ciqual-2025-11-03
ciqual,19659,"Fromage blanc ou spécialité laitière, aux fruits, 6-7% MG, sucré",fr,"Quark or dairy specialty, with fruits, 7-8% fat, with sugar(s)",produits laitiers milk and milk products,100,g,14.4,5.46,6.55,139,ciqual-2025-11-03
ciqual,19660,"Fromage blanc ou spécialité laitière, sur lit de fruits, 7-8% MG, sucré",fr,"Quark or dairy specialty, on a fruit layer, 7-8% fat, with sugar(s)",produits laitiers milk and milk products,100,g,12.8,4.05,6.91,129,ciqual-2025-11-03
ciqual,19663,"Fromage frais type petit suisse, nature, 0% MG",fr,"Fresh cream cheese, petit-suisse type, plain, 0% fat",produits laitiers milk and milk products,100,g,4.2,9.7,0.1,56.5,ciqual-2025-11-03
ciqual,19664,"Fromage frais type petit suisse, nature, 4% MG environ",fr,"Fresh cream cheese, petit-suisse type, plain, around 4% fat",produits laitiers milk and milk products,100,g,3.11,9.52,3.9,88,ciqual-2025-11-03
ciqual,19665,"Mousse de fromage blanc sur lit de fruits, 0% MG, avec édulcorants, enrichie en calcium et vitamine D",fr,"Fresh cream cheese mousse, on a fruit layer, 0% fat, with sweetener(s), fortified with calcium and vitamin D",produits laitiers milk and milk products,100,g,6,6.35,0.45,56.2,ciqual-2025-11-03
ciqual,19666,"Fromage frais type petit suisse, nature, 10% MG environ",fr,"Fresh cream cheese, petit-suisse type, plain, around 10% fat",produits laitiers milk and milk products,100,g,2.61,9.01,9.89,137,ciqual-2025-11-03
ciqual,19669,"Spécialité laitière riche en protéines, sur lit de fruits, sucrée",fr,"Yoghurt, rich in protein, on a fruit layer, with sugar(s)",produits laitiers milk and milk products,100,g,11.5,7.31,2.29,97.6,ciqual-2025-11-03
ciqual,19671,"Yaourt ou lait fermenté, aromatisé ou aux fruits, 0% MG (aliment moyen)",fr,"Yogurt or fermented milk, with fruits or flavoured, 0% fat (average)",produits laitiers milk and milk products,100,g,6.14,4.45,0.053,47.2,ciqual-2025-11-03
ciqual,19672,"Yaourt ou lait fermenté, aromatisé ou aux fruits, non allégé en matière grasse (aliment moyen)",fr,"Yogurt or fermented milk, with fruits or flavoured, no reduced fat (average)",produits laitiers milk and milk products,100,g,12.5,3.09,2.92,91.6,ciqual-2025-11-03
ciqual,19673,"Crème dessert, allégée en matière grasse, rayon frais",fr,"Custard dessert, reduced fat, refrigerated",produits laitiers milk and milk products,100,g,12.6,3.58,1.1,78.2,ciqual-2025-11-03
ciqual,19674,"Flan aux oeufs, rayon frais",fr,"Flan with eggs, refrigerated",produits laitiers milk and milk products,100,g,17.7,4.14,2.74,113,ciqual-2025-11-03
ciqual,19675,"Yaourt ou lait fermenté, aromatisé ou aux fruits, avec édulcorants (aliment moyen)",fr,"Yogurt or fermented milk, with fruits or flavoured, with sweetener(s) (average)",produits laitiers milk and milk products,100,g,6.14,4.45,0.053,47.2,ciqual-2025-11-03
ciqual,19676,"Yaourt ou lait fermenté, aromatisé ou aux fruits, sucré (aliment moyen)",fr,"Yogurt or fermented milk, with fruits or flavoured, with sugar(s) (average)",produits laitiers milk and milk products,100,g,12.6,3.09,2.94,91.9,ciqual-2025-11-03
ciqual,19677,"Yaourt ou lait fermenté, aromatisé ou aux fruits, non allégé en matière grasse, sucré (aliment moyen)",fr,"Yogurt or fermented milk, with fruits or flavoured, no reduced fat, with sugar(s) (average)",produits laitiers milk and milk products,100,g,12.6,3.09,2.94,91.8,ciqual-2025-11-03
ciqual,19678,"Lait emprésuré aromatisé, rayon frais",fr,"Renneted milk, flavoured, refrigerated",produits laitiers milk and milk products,100,g,16,4.55,3.03,111,ciqual-2025-11-03
ciqual,19679,"Lait gélifié aromatisé, nappé caramel, rayon frais",fr,"Milk jelly, flavoured, covered with caramel sauce, refrigerated",produits laitiers milk and milk products,100,g,16.8,2.5,1.05,91.4,ciqual-2025-11-03
ciqual,19680,"Lait gélifié aromatisé, rayon frais",fr,"Milk jelly, flavoured, refrigerated",produits laitiers milk and milk products,100,g,19.5,3.32,3.53,124,ciqual-2025-11-03
ciqual,19681,"Liégeois ou viennois (chocolat, café, caramel ou vanille), rayon frais",fr,"Custard (chocolate, coffee, caramel or vanilla) topped with whipped cream, refrigerated",produits laitiers milk and milk products,100,g,16.1,3.03,6.48,139,ciqual-2025-11-03
ciqual,19682,"Yaourt ou lait fermenté, aromatisé ou aux fruits (aliment moyen)",fr,"Yogurt or fermented milk, with fruits or flavoured (average)",produits laitiers milk and milk products,100,g,11.9,3.23,2.65,87.5,ciqual-2025-11-03
ciqual,19684,"Oeufs au lait, rayon frais",fr,"Egg custard, refrigerated",produits laitiers milk and milk products,100,g,14.7,4.92,5.08,124,ciqual-2025-11-03
ciqual,19685,"Panna cotta, avec préparations de fruits ou caramel, rayon frais",fr,"Panna cotta, with fruit preparation or caramel, refrigerated",produits laitiers milk and milk products,100,g,15.9,2.63,12.1,192,ciqual-2025-11-03
ciqual,19686,"Spécialité laitière ou dessert lacté, aromatisé, à faible teneur en matière grasse, sucré, avec édulcorants, rayon frais",fr,"Dairy specialty or milk-based desert, flavoured, reduced fat, with sugar(s) and sweetener(s), refrigerated",produits laitiers milk and milk products,100,g,11.9,3.73,1.05,75.5,ciqual-2025-11-03
ciqual,19688,"Baba au rhum, rayon frais",fr,"Rum baba, refrigerated",produits sucrés sugar and confectionery,100,g,28.3,2.8,2.35,174,ciqual-2025-11-03
ciqual,19691,"Fromage blanc ou spécialité laitière, aux fruits, 0% MG, avec édulcorants, sucré, enrichi en vitamine D",fr,"Quark or dairy specialty, with fruits, 0% fat, with sweetener(s), with sugar(s), fortified with vitamin D",produits laitiers milk and milk products,100,g,6.45,6.4,0.1,53.7,ciqual-2025-11-03
ciqual,19692,"Dessert au soja, aux fruits, sucré, enrichi en calcium, fermenté, rayon frais",fr,"Soy dessert, with fruits, with sugar(s), fortified with calcium, fermented, refrigerated",produits laitiers milk and milk products,100,g,12.9,3,2.3,86.2,ciqual-2025-11-03
ciqual,19693,"Dessert au soja, nature, sans sucres ajoutés, non enrichi, fermenté, rayon frais",fr,"Soy dessert, plain, no added sugars, not fortified, fermented, refrigerated",produits laitiers milk and milk products,100,g,2.05,4.13,1.9,44.7,ciqual-2025-11-03
ciqual,19694,"Dessert au soja, nature, sans sucres ajoutés, enrichi en calcium, fermenté, rayon frais",fr,"Soy dessert, plain, no added sugars, fortified with calcium, fermented, refrigerated",produits laitiers milk and milk products,100,g,1.1,3.94,2.1,42,ciqual-2025-11-03
ciqual,19695,"Dessert au soja, aux fruits, sucré, non enrichi, fermenté, rayon frais",fr,"Soy dessert, with fruits, with sugar(s), not fortified, fermented, refrigerated",produits laitiers milk and milk products,100,g,11,3.63,1.7,78,ciqual-2025-11-03
ciqual,19696,"Dessert au soja, aux amandes, sucré, enrichi en vitamines et minéraux, fermenté, rayon frais",fr,"Soy dessert, with almonds, with sugar(s), fortified with vitamins and minerals, refrigerated",produits laitiers milk and milk products,100,g,2.85,4,2.8,56,ciqual-2025-11-03
ciqual,19697,"Fromage blanc ou spécialité laitière, aromatisé, 0% MG, avec édulcorants, sucré, enrichi en vitamine D",fr,"Quark or dairy specialty, flavoured, 0% fat, with sweetener(s), with sugar(s), fortified with vitamin D",produits laitiers milk and milk products,100,g,6.7,6.5,0.1,53.7,ciqual-2025-11-03
ciqual,19698,"Tiramisu au café, rayon frais",fr,"Tiramisu with coffee, refrigerated",produits laitiers milk and milk products,100,g,30.2,4.25,9.8,242,ciqual-2025-11-03
ciqual,19699,"Tiramisu aux fruits, rayon frais",fr,"Tiramisu with fruits, refrigerated",produits laitiers milk and milk products,100,g,32.1,3.62,8.27,220,ciqual-2025-11-03
ciqual,19705,"Fromage blanc ou spécialité laitière, aromatisé, 0% MG, avec édulcorants, sucré",fr,"Quark or dairy specialty, flavoured, 0% fat, with sweetener(s), with sugar(s)",produits laitiers milk and milk products,100,g,6,5.6,0.05,47.3,ciqual-2025-11-03
ciqual,19707,"Fromage blanc ou spécialité laitière, sur lit de fruits, 0% MG, avec édulcorants, sucré, enrichi en vitamine D",fr,"Quark or dairy specialty, on a fruit layer, 0% fat, with sweetener(s), with sugar(s), fortified with vitamin D",produits laitiers milk and milk products,100,g,6,6.3,0.4,52.8,ciqual-2025-11-03
ciqual,19708,"Fromage blanc ou spécialité laitière, sur lit de fruits, 0% MG, avec édulcorants, sans sucres ajoutés, enrichi en vitamine D",fr,"Quark or dairy specialty, on a fruit layer, 0% fat, with sweetener(s), no added sugars, fortified with vitamin D",produits laitiers milk and milk products,100,g,5.63,6.77,0.17,53,ciqual-2025-11-03
ciqual,19709,"Fromage blanc ou spécialité laitière, aromatisé, 0% MG, avec édulcorants, sans sucres ajoutés",fr,"Quark or dairy specialty, flavoured, 0% fat, with sweetener(s), no added sugars",produits laitiers milk and milk products,100,g,3.9,7.5,0.0001,45.6,ciqual-2025-11-03
ciqual,19711,"Fromage blanc, nature, 7-8% MG",fr,"Quark, plain, 7-8% fat",produits laitiers milk and milk products,100,g,5.87,5.44,7.63,116,ciqual-2025-11-03
ciqual,19712,"Fromage blanc, nature, au lait de brebis, 5% MG environ",fr,"Quark from ewe's milk, plain, around 5% fat",produits laitiers milk and milk products,100,g,4.29,6.22,5.61,92.5,ciqual-2025-11-03
ciqual,19713,"Fromage blanc, nature, au lait de chèvre, 7% MG environ",fr,"Quark from goat's milk, plain, around 7% fat",produits laitiers milk and milk products,100,g,3.04,6.42,6.73,98.3,ciqual-2025-11-03
ciqual,19714,"Fromage blanc ou spécialité laitière, aromatisé, 0% MG, sucré",fr,"Quark or dairy specialty, flavoured, 0% fat, with sugar(s)",produits laitiers milk and milk products,100,g,12.3,6.86,0.05,76.9,ciqual-2025-11-03
ciqual,19715,"Fromage blanc ou spécialité laitière, aromatisé, 2-3% MG, sucré",fr,"Quark or dairy specialty, flavoured, 2-3% fat, with sugar(s)",produits laitiers milk and milk products,100,g,12.8,6.08,2.59,98.7,ciqual-2025-11-03
ciqual,19716,"Fromage blanc, nature, 2-3% MG, sucré",fr,"Quark, plain, 2-3% fat, with sugar(s)",produits laitiers milk and milk products,100,g,10.9,7.5,3.09,101,ciqual-2025-11-03
ciqual,19718,"Fromage blanc ou spécialité laitière, aromatisé, 7-8% MG, sucré",fr,"Quark or dairy specialty, flavoured,  7-8% fat, with sugar(s)",produits laitiers milk and milk products,100,g,12.8,5.18,6.57,131,ciqual-2025-11-03
ciqual,19719,"Fromage frais type petit suisse, aux fruits, 2-3% MG, sucré",fr,"Fresh cream cheese, petit-suisse type, with fruits, 2-3% fat, with sugar(s)",produits laitiers milk and milk products,100,g,12.9,6.26,2.64,101,ciqual-2025-11-03
ciqual,19720,"Fromage frais type petit suisse, aux fruits, 2-3% MG, sucré, enrichi en vitamine D",fr,"Fresh cream cheese, petit-suisse type, with fruits, 2-3% fat, with sugar(s), fortified with vitamin D",produits laitiers milk and milk products,100,g,4.68,3.36,2.44,57.6,ciqual-2025-11-03
ciqual,19721,"Fromage frais type petit suisse, aromatisé, 2-3% MG, sucré",fr,"Fresh cream cheese, petit-suisse type, flavoured, 2-3% fat, with sugar(s)",produits laitiers milk and milk products,100,g,12.3,5.84,2.23,92.7,ciqual-2025-11-03
ciqual,19722,"Fromage frais type petit suisse, aromatisé, 2-3% MG, sucré, enrichi en vitamine D",fr,"Fresh cream cheese, petit-suisse type, flavoured, 2-3% fat, with sugar(s), fortified with vitamin D",produits laitiers milk and milk products,100,g,12.2,4.79,2.48,90.2,ciqual-2025-11-03
ciqual,19723,"Yaourt ou lait fermenté, nature, enrichi en vitamine D",fr,"Yogurt or fermented milk, plain, fortified with vitamin D",produits laitiers milk and milk products,100,g,4.4,4.23,2.85,63.4,ciqual-2025-11-03
ciqual,19724,"Spécialité laitière riche en protéines, nature",fr,"Yoghurt, rich in protein, plain",produits laitiers milk and milk products,100,g,3.45,9.1,2.7,74.5,ciqual-2025-11-03
ciqual,19725,"Fromage blanc ou spécialité laitière, sur lit de fruits, 0% MG, sucré",fr,"Quark or dairy specialty, on a fruit layer, 0% fat, with sugar(s)",produits laitiers milk and milk products,100,g,11.5,7.92,0.089,78.6,ciqual-2025-11-03
ciqual,19726,"Yaourt ou lait fermenté, nature, sucré, enrichi en vitamine D",fr,"Yogurt or fermented milk, plain, with sugar(s), fortified with vitamin D",produits laitiers milk and milk products,100,g,10.9,3.03,3.02,85.4,ciqual-2025-11-03
ciqual,19727,"Yaourt au lait de chèvre, aux fruits, sucré",fr,"Yogurt, goat's milk, with fruits, with sugar(s)",produits laitiers milk and milk products,100,g,11.6,3.75,4.29,99.9,ciqual-2025-11-03
ciqual,19728,"Yaourt au lait de chèvre, sur lit de fruits, sucré",fr,"Yogurt, goat's milk, on a fruit layer, with sugar(s)",produits laitiers milk and milk products,100,g,13.2,3.77,4.38,107,ciqual-2025-11-03
ciqual,19733,"Yaourt ou lait fermenté, sur lit de fruits, à la crème, sucré",fr,"Yogurt or fermented milk, on a fruit layer, with cream, with sugar(s)",produits laitiers milk and milk products,100,g,14.2,2.51,6.47,126,ciqual-2025-11-03
ciqual,19801,"Lait fermenté à boire ou lait ribot, nature, maigre",fr,"Fermented milk drink, plain, skimmed milk",produits laitiers milk and milk products,100,g,3.87,3.26,0.54,36.2,ciqual-2025-11-03
ciqual,19805,"Lait fermenté à boire ou lait ribot, nature, au lait entier",fr,"Fermented milk drink, plain, whole milk",produits laitiers milk and milk products,100,g,1.99,3.31,3.2,52.7,ciqual-2025-11-03
ciqual,19852,"Mousse à la crème de marrons, rayon frais",fr,"Chestnut mousse, refrigerated",produits laitiers milk and milk products,100,g,34.4,2.13,6.5,207,ciqual-2025-11-03
ciqual,19860,Yaourt à la grecque nature,fr,"Yogurt, Greek-style, plain",produits laitiers milk and milk products,100,g,3.73,2.96,8.16,103,ciqual-2025-11-03
ciqual,19862,"Yaourt à la grecque aromatisé, sucré",fr,"Yogurt, Greek-style, flavoured, with sugar(s)",produits laitiers milk and milk products,100,g,14.2,2.34,7.49,134,ciqual-2025-11-03
ciqual,19863,"Tzatziki à base de yaourt, préemballé",fr,"Tzatziki, with yogurt, prepacked",aides culinaires et ingrédients divers miscellaneous,100,g,3.8,6.06,10.9,138,ciqual-2025-11-03
ciqual,19864,"Tzatziki à base de fromage frais, préemballé",fr,"Tzatziki, with quark, prepacked",aides culinaires et ingrédients divers miscellaneous,100,g,2.98,6.33,10.2,132,ciqual-2025-11-03
ciqual,19865,Kéfir de lait,fr,Milk kefir,produits laitiers milk and milk products,100,g,4.5,3.13,3.4,61.1,ciqual-2025-11-03
ciqual,19882,"Yaourt au lait de brebis, nature, 6% MG environ",fr,"Yogurt, ewe's milk, plain, around 6% fat",produits laitiers milk and milk products,100,g,3.98,5.31,6.77,98.9,ciqual-2025-11-03
ciqual,19999,"Poivron, vert, jaune ou rouge, cuit (aliment moyen)",fr,"Sweet pepper, green , yellow or red, cooked (average)","Capsicum annuum fruits, légumes, légumineuses et oléagineux fruits, vegetables, legumes and nuts",100,g,5.42,1.11,0.33,33,ciqual-2025-11-03
ciqual,2000,"Jus d'ananas, à base de concentré",fr,"Pineapple juice, from concentrate",eaux et autres boissons beverages,100,g,11.9,0.41,0.096,52.3,ciqual-2025-11-03
ciqual,20000,"Artichaut, cuit",fr,"Artichoke, globe, cooked","Cynara cardunculus L. fruits, légumes, légumineuses et oléagineux fruits, vegetables, legumes and nuts",100,g,0.99,2.53,0.28,33.2,ciqual-2025-11-03
ciqual,20002,"Aubergine, cuite",fr,"Eggplant, cooked","Solanum melongena L. fruits, légumes, légumineuses et oléagineux fruits, vegetables, legumes and nuts",100,g,4.17,0.83,0.23,27.1,ciqual-2025-11-03
ciqual,20003,"Betterave rouge, cuite",fr,"Beetroot, cooked","Beta vulgaris var. vulgaris L. fruits, légumes, légumineuses et oléagineux fruits, vegetables, legumes and nuts",100,g,7.13,1.44,0.4,41.5,ciqual-2025-11-03
ciqual,20004,"Bette ou blette, côte (sans feuille), crue",fr,"Swiss chard, stalk without leaves, raw","Beta vulgaris var. cycla L. fruits, légumes, légumineuses et oléagineux fruits, vegetables, legumes and nuts",100,g,1.63,1,0,12.8,ciqual-2025-11-03
ciqual,20005,"Bette ou blette, côte (sans feuille), cuite",fr,"Swiss chard, stalk without leaves, cooked","Beta vulgaris var. cycla L. fruits, légumes, légumineuses et oléagineux fruits, vegetables, legumes and nuts",100,g,1.23,0.7,0,11.2,ciqual-2025-11-03
ciqual,20007,"Carotte, appertisée, égouttée",fr,"Carrot, canned, drained","Daucus carota L. subsp. Sativus fruits, légumes, légumineuses et oléagineux fruits, vegetables, legumes and nuts",100,g,3.29,0.7,0.19,21.8,ciqual-2025-11-03
ciqual,20009,"Carotte, crue",fr,"Carrot, raw","Daucus carota L. subsp. Sativus fruits, légumes, légumineuses et oléagineux fruits, vegetables, legumes and nuts",100,g,5.16,0.78,0,30.2,ciqual-2025-11-03
ciqual,20010,"Champignon, tout type, cru",fr,"Mushroom, all types, raw","(Genus and species unknown or multiple) fruits, légumes, légumineuses et oléagineux fruits, vegetables, legumes and nuts",100,g,2.25,2.42,0.34,24.3,ciqual-2025-11-03
ciqual,20011,"Champignon, tout type, appertisé, égoutté",fr,"Mushroom, all types, canned, drained","(Genus and species unknown or multiple) fruits, légumes, légumineuses et oléagineux fruits, vegetables, legumes and nuts",100,g,2.56,1.87,0.29,24.9,ciqual-2025-11-03
ciqual,20012,"Salade ou chicorée frisée, crue",fr,"Curly endive, raw","Cichorium endivia L. var. crispum Lamarck fruits, légumes, légumineuses et oléagineux fruits, vegetables, legumes and nuts",100,g,2.13,1.7,0.3,26,ciqual-2025-11-03
ciqual,20014,"Chou rouge, cru",fr,"Red cabbage, raw","Brassica oleracea L. convar. capitata L. var. rubra fruits, légumes, légumineuses et oléagineux fruits, vegetables, legumes and nuts",100,g,4.33,1.13,0,26.4,ciqual-2025-11-03
ciqual,20015,"Chou vert, cuit",fr,"Green cabbage, cooked","Brassica oleracea var. capitata fruits, légumes, légumineuses et oléagineux fruits, vegetables, legumes and nuts",100,g,3.04,1.03,0.45,24.1,ciqual-2025-11-03
ciqual,20016,"Chou-fleur, cru",fr,"Cauliflower, raw","Brassica oleracea L. var. botrytis L. fruits, légumes, légumineuses et oléagineux fruits, vegetables, legumes and nuts",100,g,2.13,1.81,0.7,24.9,ciqual-2025-11-03
ciqual,20017,"Chou-fleur, bouilli/cuit à l'eau",fr,"Cauliflower, boiled","Brassica oleracea L. var. botrytis L. fruits, légumes, légumineuses et oléagineux fruits, vegetables, legumes and nuts",100,g,1.6,1.6,0.46,20.9,ciqual-2025-11-03
ciqual,20018,"Coeur de palmier, appertisé, égoutté",fr,"Palm heart, canned, drained","Euterpe oleracea Mart. fruits, légumes, légumineuses et oléagineux fruits, vegetables, legumes and nuts",100,g,5.5,2.51,0.56,41.5,ciqual-2025-11-03
ciqual,20019,"Concombre, chair et peau, cru",fr,"Cucumber, flesh and skin, raw","Cucumis sativus L. fruits, légumes, légumineuses et oléagineux fruits, vegetables, legumes and nuts",100,g,2.87,0.65,0.11,16.8,ciqual-2025-11-03
ciqual,2002,"Jus multifruit, pur jus, multivitaminé",fr,"Multifruit juice, pure juice, multivitamin",eaux et autres boissons beverages,100,g,11.3,0.48,0.1,48.4,ciqual-2025-11-03
ciqual,20020,"Courgette, chair et peau, crue",fr,"Courgette or zucchini, flesh and skin, raw","Cucurbita pepo L. fruits, légumes, légumineuses et oléagineux fruits, vegetables, legumes and nuts",100,g,1.75,1.21,0.32,16.7,ciqual-2025-11-03
ciqual,20021,"Courgette, chair et peau, cuite",fr,"Courgette or zucchini, flesh and skin, cooked","Cucurbita pepo L. fruits, légumes, légumineuses et oléagineux fruits, vegetables, legumes and nuts",100,g,1.4,0.93,0.36,15.5,ciqual-2025-11-03
ciqual,20022,"Cresson de fontaine, cru",fr,"Watercress, raw","Nasturium officinale fruits, légumes, légumineuses et oléagineux fruits, vegetables, legumes and nuts",100,g,1.11,2.3,0.1,15.5,ciqual-2025-11-03
ciqual,20023,"Céleri branche, cru",fr,"Celery stalk, raw","Apium graveolens fruits, légumes, légumineuses et oléagineux fruits, vegetables, legumes and nuts",100,g,2.41,0.63,0,15.4,ciqual-2025-11-03
ciqual,20025,"Céleri-rave, cuit",fr,"Celeriac, cooked","Apium graveolens L. var. rapaceum (Mill.) Gaudin fruits, légumes, légumineuses et oléagineux fruits, vegetables, legumes and nuts",100,g,4.6,1.3,0.86,36.5,ciqual-2025-11-03
ciqual,20026,"Endive, crue",fr,"Chicory, raw","Cichorium intybus var. foliosum fruits, légumes, légumineuses et oléagineux fruits, vegetables, legumes and nuts",100,g,2.83,1.19,0,16.6,ciqual-2025-11-03
ciqual,20027,"Épinard, cuit",fr,"Spinach, cooked","Spinacia oleracea L. fruits, légumes, légumineuses et oléagineux fruits, vegetables, legumes and nuts",100,g,0.25,3.2,0.14,19.6,ciqual-2025-11-03
ciqual,20028,"Fenouil, cru",fr,"Fennel, raw","Foeniculum vulgare subsp. sativum fruits, légumes, légumineuses et oléagineux fruits, vegetables, legumes and nuts",100,g,2.63,1,0,18.2,ciqual-2025-11-03
ciqual,20029,"Graine germée de haricot mungo ou pousse de ""soja"", appertisée, égouttée",fr,"Mung bean, sprouted, canned, drained","Vigna radiata L. fruits, légumes, légumineuses et oléagineux fruits, vegetables, legumes and nuts",100,g,2.57,1.63,0.15,22.4,ciqual-2025-11-03
ciqual,20030,"Haricot vert, cuit",fr,"French bean, cooked","Phaseolus vulgaris L. fruits, légumes, légumineuses et oléagineux fruits, vegetables, legumes and nuts",100,g,3,2,0.17,29.4,ciqual-2025-11-03
ciqual,20031,"Laitue, crue",fr,"Lettuce, raw","Lactuca sativa L. fruits, légumes, légumineuses et oléagineux fruits, vegetables, legumes and nuts",100,g,1.22,1.35,0.2,14.7,ciqual-2025-11-03
ciqual,20033,"Navet, cuit",fr,"Turnip, cooked","Brassica rapa subsp. rapa L. fruits, légumes, légumineuses et oléagineux fruits, vegetables, legumes and nuts",100,g,3.8,0.9,0.2,25,ciqual-2025-11-03
ciqual,20034,"Oignon, cru",fr,"Onion, raw","Allium cepa L. fruits, légumes, légumineuses et oléagineux fruits, vegetables, legumes and nuts",100,g,6.25,1.1,0.62,39,ciqual-2025-11-03
ciqual,20035,"Oignon, cuit",fr,"Onion, cooked","Allium cepa L. fruits, légumes, légumineuses et oléagineux fruits, vegetables, legumes and nuts",100,g,6.2,1.3,0.2,34.6,ciqual-2025-11-03
ciqual,20036,"Petits pois, appertisés, égouttés",fr,"Garden peas, canned, drained","Pisum sativum fruits, légumes, légumineuses et oléagineux fruits, vegetables, legumes and nuts",100,g,13.7,4.87,0.8,92.5,ciqual-2025-11-03
ciqual,20037,"Petits pois, cuits",fr,"Garden peas, cooked","Pisum sativum fruits, légumes, légumineuses et oléagineux fruits, vegetables, legumes and nuts",100,g,4.7,5.8,0.87,61.4,ciqual-2025-11-03
ciqual,20038,"Pissenlit, cru",fr,"Dandelion, raw","Taraxacum spp. fruits, légumes, légumineuses et oléagineux fruits, vegetables, legumes and nuts",100,g,6.1,2.7,0.7,48.5,ciqual-2025-11-03
ciqual,20039,"Poireau, cru",fr,"Leek, raw","Allium porrum fruits, légumes, légumineuses et oléagineux fruits, vegetables, legumes and nuts",100,g,4.55,1.5,0.3,30.4,ciqual-2025-11-03
ciqual,2004,Jus de fruits (aliment moyen),fr,Fruit juice (average),eaux et autres boissons beverages,100,g,10.2,0.53,0.13,46.8,ciqual-2025-11-03
ciqual,20041,"Poivron, vert, jaune ou rouge, cru",fr,"Sweet pepper, green, yellow or red, raw","Capsicum annuum fruits, légumes, légumineuses et oléagineux fruits, vegetables, legumes and nuts",100,g,3.5,0.8,0.27,22.6,ciqual-2025-11-03
ciqual,20044,"Potiron, cru",fr,"Pumpkin, raw","Cucurbita maxima fruits, légumes, légumineuses et oléagineux fruits, vegetables, legumes and nuts",100,g,3.5,1.05,0.1,20.1,ciqual-2025-11-03
ciqual,20045,"Radis rouge, cru",fr,"Radish, raw","Raphanus sativus L. fruits, légumes, légumineuses et oléagineux fruits, vegetables, legumes and nuts",100,g,1.53,0.94,0,11,ciqual-2025-11-03
ciqual,20046,"Salsifis, cuit",fr,"Salsify, cooked","Scorzonera hispanica fruits, légumes, légumineuses et oléagineux fruits, vegetables, legumes and nuts",100,g,12.3,2.73,0.17,67.7,ciqual-2025-11-03
ciqual,20048,"Tomate, pelée, appertisée, égouttée",fr,"Tomato, peeled, canned, drained","Solanum lycopersicum L. fruits, légumes, légumineuses et oléagineux fruits, vegetables, legumes and nuts",100,g,1.61,0.9,0.28,16.4,ciqual-2025-11-03
ciqual,20049,"Maïs doux, en épis, cuit",fr,"Corn, on the cob, cooked","Zea mays L. convar. saccharata fruits, légumes, légumineuses et oléagineux fruits, vegetables, legumes and nuts",100,g,18.6,3.41,1.5,106,ciqual-2025-11-03
ciqual,20050,"Topinambour, cuit",fr,"Jerusalem artichoke, cooked","fruits, légumes, légumineuses et oléagineux fruits, vegetables, legumes and nuts",100,g,14.4,1.8,0.01,69.3,ciqual-2025-11-03
ciqual,20051,"Macédoine de légumes, appertisée, égouttée",fr,"Mixed diced vegetables, canned, drained","(Genus and species unknown or multiple) fruits, légumes, légumineuses et oléagineux fruits, vegetables, legumes and nuts",100,g,5.59,2.32,0.28,40.4,ciqual-2025-11-03
ciqual,20052,"Artichaut, cru",fr,"Artichoke, globe, raw","Cynara cardunculus L. fruits, légumes, légumineuses et oléagineux fruits, vegetables, legumes and nuts",100,g,4.84,3.27,0.15,45.4,ciqual-2025-11-03
ciqual,20053,"Aubergine, crue",fr,"Eggplant, raw","Solanum melongena L. fruits, légumes, légumineuses et oléagineux fruits, vegetables, legumes and nuts",100,g,2.7,0.98,0.18,22.9,ciqual-2025-11-03
ciqual,20054,"Cardon, cru",fr,"Cardoon, raw","Cynara cardunculus L. fruits, légumes, légumineuses et oléagineux fruits, vegetables, legumes and nuts",100,g,1.7,0.7,0.1,13.7,ciqual-2025-11-03
ciqual,20055,"Céleri-rave, cru",fr,"Celeriac, raw","Apium graveolens L. var. rapaceum (Mill.) Gaudin fruits, légumes, légumineuses et oléagineux fruits, vegetables, legumes and nuts",100,g,3.98,1.38,0,26.3,ciqual-2025-11-03
ciqual,20056,"Champignon de Paris ou champignon de couche, cru",fr,"Button mushroom or cultivated mushroom, raw","Agaricus bisporus fruits, légumes, légumineuses et oléagineux fruits, vegetables, legumes and nuts",100,g,1.83,2.11,0.36,21,ciqual-2025-11-03
ciqual,20057,"Brocoli, cru",fr,"Broccoli, raw","Brassica oleracea L. var. italica Plenck fruits, légumes, légumineuses et oléagineux fruits, vegetables, legumes and nuts",100,g,2.15,2.9,0.36,31.9,ciqual-2025-11-03
ciqual,20058,"Chou de Bruxelles, cru",fr,"Brussels sprout, raw","Brassica oleracea L. var. Gemnifera (DC.) Zenker fruits, légumes, légumineuses et oléagineux fruits, vegetables, legumes and nuts",100,g,4.59,3.38,0.3,43.9,ciqual-2025-11-03
ciqual,20059,"Épinard, cru",fr,"Spinach, raw","Spinacia oleracea L. fruits, légumes, légumineuses et oléagineux fruits, vegetables, legumes and nuts",100,g,3.06,2.68,0.39,33.3,ciqual-2025-11-03
ciqual,2006,"Jus de carotte, pur jus",fr,"Carrot juice, pure juice",eaux et autres boissons beverages,100,g,6.55,0.4,0.1,29.4,ciqual-2025-11-03
ciqual,20060,"Épinard, appertisé, égoutté",fr,"Spinach, canned, drained","Spinacia oleracea L. fruits, légumes, légumineuses et oléagineux fruits, vegetables, legumes and nuts",100,g,0.93,2.81,0.5,24.5,ciqual-2025-11-03
ciqual,20061,"Haricot vert, cru",fr,"French bean, raw","Phaseolus vulgaris L. fruits, légumes, légumineuses et oléagineux fruits, vegetables, legumes and nuts",100,g,4.14,1.83,0.22,31.9,ciqual-2025-11-03
ciqual,20062,"Haricot vert, appertisé, égoutté",fr,"French bean, canned, drained","Phaseolus vulgaris L. fruits, légumes, légumineuses et oléagineux fruits, vegetables, legumes and nuts",100,g,2.07,1.34,0.32,23.2,ciqual-2025-11-03
ciqual,20063,"Haricot beurre, appertisé, égoutté",fr,"Butter bean or yellow bean, canned, drained","Phaseolus vulgaris fruits, légumes, légumineuses et oléagineux fruits, vegetables, legumes and nuts",100,g,3.25,1.2,0.2,23.2,ciqual-2025-11-03
ciqual,20064,"Navet, pelé, cru",fr,"Turnip, peeled, raw","Brassica rapa subsp. rapa L. fruits, légumes, légumineuses et oléagineux fruits, vegetables, legumes and nuts",100,g,4.39,0.9,0.1,25.6,ciqual-2025-11-03
ciqual,20065,"Chou-rave, cru",fr,"Kohlrabi, raw","Brassica oleracea var. gongylodes L. fruits, légumes, légumineuses et oléagineux fruits, vegetables, legumes and nuts",100,g,2.44,1.7,0.1,25.1,ciqual-2025-11-03
ciqual,20066,"Maïs doux, appertisé, égoutté",fr,"Corn, sweet, canned, drained","Zea mays L. convar. saccharata fruits, légumes, légumineuses et oléagineux fruits, vegetables, legumes and nuts",100,g,18.3,2.66,1.68,105,ciqual-2025-11-03
ciqual,20067,"Artichaut, appertisé, égoutté",fr,"Artichoke, canned, drained","Cynara cardunculus L. fruits, légumes, légumineuses et oléagineux fruits, vegetables, legumes and nuts",100,g,6.5,1.5,0.2,39.8,ciqual-2025-11-03
ciqual,20068,"Tomate, concentré, appertisé",fr,"Tomato paste, concentrated, canned","fruits, légumes, légumineuses et oléagineux fruits, vegetables, legumes and nuts",100,g,17.1,4.4,0.53,99.2,ciqual-2025-11-03
ciqual,20069,"Chou vert, cru",fr,"Green cabbage, raw","Brassica oleracea var. capitata fruits, légumes, légumineuses et oléagineux fruits, vegetables, legumes and nuts",100,g,2.74,1.43,0.14,24.4,ciqual-2025-11-03
ciqual,2007,"Jus de citron, fait maison",fr,"Lemon juice, homemade",eaux et autres boissons beverages,100,g,2.52,0.35,0.24,28.6,ciqual-2025-11-03
ciqual,20070,"Haricot vert, surgelé, cru",fr,"French bean, frozen, raw","Phaseolus vulgaris L. fruits, légumes, légumineuses et oléagineux fruits, vegetables, legumes and nuts",100,g,4.76,1.79,0.21,33.1,ciqual-2025-11-03
ciqual,20071,"Haricot vert, surgelé, cuit",fr,"French bean, frozen, cooked","Phaseolus vulgaris L. fruits, légumes, légumineuses et oléagineux fruits, vegetables, legumes and nuts",100,g,5.1,1.49,0.17,33.7,ciqual-2025-11-03
ciqual,20072,"Petits pois, crus",fr,"Garden peas, raw","Pisum sativum fruits, légumes, légumineuses et oléagineux fruits, vegetables, legumes and nuts",100,g,11.4,5.42,0.4,81.2,ciqual-2025-11-03
ciqual,20074,"Artichaut, cuit à la vapeur sous pression",fr,"Artichoke, globe, steamed","Cynara cardunculus L. fruits, légumes, légumineuses et oléagineux fruits, vegetables, legumes and nuts",100,g,3.24,2.63,0,46.4,ciqual-2025-11-03
ciqual,20076,"Asperge, appertisée, égouttée",fr,"Asparagus, canned, drained","Asparagus officinalis L. fruits, légumes, légumineuses et oléagineux fruits, vegetables, legumes and nuts",100,g,1.2,1.57,0.65,20.3,ciqual-2025-11-03
ciqual,20077,"Chou de Bruxelles, appertisé, égoutté",fr,"Brussels sprout, canned, drained","Brassica oleracea L. var. Gemnifera (DC.) Zenker fruits, légumes, légumineuses et oléagineux fruits, vegetables, legumes and nuts",100,g,4.1,2.5,0.53,37.8,ciqual-2025-11-03
ciqual,20078,"Céleri branche, appertisé, égoutté",fr,"Celery stalk, canned, drained","Apium graveolens fruits, légumes, légumineuses et oléagineux fruits, vegetables, legumes and nuts",100,g,1.38,0.63,0.15,13.1,ciqual-2025-11-03
ciqual,20079,"Champignon de Paris ou champignon de couche, appertisé, égoutté",fr,"Button mushroom or cultivated mushroom, canned, drained","Agaricus bisporus fruits, légumes, légumineuses et oléagineux fruits, vegetables, legumes and nuts",100,g,0.64,2,0.37,18.3,ciqual-2025-11-03
ciqual,2008,Cocktail ou boisson apéritive sans alcool à base de jus de fruits et de sirop,fr,"Cocktail, alcohol-free (juices and syrup-based cocktail)",eaux et autres boissons beverages,100,g,10.9,0.42,0,46,ciqual-2025-11-03
ciqual,20081,"Salsifis, appertisé, égoutté",fr,"Salsify, canned, drained","Scorzonera hispanica fruits, légumes, légumineuses et oléagineux fruits, vegetables, legumes and nuts",100,g,4.33,1.33,0.17,29.2,ciqual-2025-11-03
ciqual,20082,"Chou-fleur, surgelé, cru",fr,"Cauliflower, frozen, raw","Brassica oleracea L. var. botrytis L. fruits, légumes, légumineuses et oléagineux fruits, vegetables, legumes and nuts",100,g,2.5,2.01,0.27,25.1,ciqual-2025-11-03
ciqual,20083,"Epinard, haché ou purée ou en branches, surgelé, cru",fr,"Spinach, frozen, raw","Spinacia oleracea L. fruits, légumes, légumineuses et oléagineux fruits, vegetables, legumes and nuts",100,g,1,3.32,0.54,28,ciqual-2025-11-03
ciqual,20084,"Petits pois, surgelés, crus",fr,"Garden peas, frozen, raw","Pisum sativum fruits, légumes, légumineuses et oléagineux fruits, vegetables, legumes and nuts",100,g,9.5,5.86,0.4,77.9,ciqual-2025-11-03
ciqual,20085,"Poivron vert, cru",fr,"Sweet pepper, green, raw","Capsicum annuum fruits, légumes, légumineuses et oléagineux fruits, vegetables, legumes and nuts",100,g,3.43,0.81,0,22.5,ciqual-2025-11-03
ciqual,20086,"Poivron vert, cuit",fr,"Sweet pepper, green, cooked","Capsicum annuum fruits, légumes, légumineuses et oléagineux fruits, vegetables, legumes and nuts",100,g,2.36,0.92,0.2,17.3,ciqual-2025-11-03
ciqual,20087,"Poivron rouge, cru",fr,"Sweet pepper, red, raw","Capsicum annuum fruits, légumes, légumineuses et oléagineux fruits, vegetables, legumes and nuts",100,g,5.98,1.06,0,33.6,ciqual-2025-11-03
ciqual,20088,"Poivron rouge, cuit",fr,"Sweet pepper, red, cooked","Capsicum annuum fruits, légumes, légumineuses et oléagineux fruits, vegetables, legumes and nuts",100,g,6.41,1.17,0.35,37.9,ciqual-2025-11-03
ciqual,20089,"Radis noir, cru",fr,"Radish, black, raw","Raphanus sativus var. niger fruits, légumes, légumineuses et oléagineux fruits, vegetables, legumes and nuts",100,g,5.52,0.94,0,28.2,ciqual-2025-11-03
ciqual,2009,"Nectar multifruit, base pomme, standard",fr,"Multifruit nectar, apple base, standard",eaux et autres boissons beverages,100,g,10,0.28,0,41.1,ciqual-2025-11-03
ciqual,20090,"Scarole, crue",fr,"Escaroles, raw","Cichorium endivia L. fruits, légumes, légumineuses et oléagineux fruits, vegetables, legumes and nuts",100,g,2,1.44,0.23,20.5,ciqual-2025-11-03
ciqual,20091,"Betterave rouge, crue",fr,"Beetroot, raw","Beta vulgaris var. vulgaris L. fruits, légumes, légumineuses et oléagineux fruits, vegetables, legumes and nuts",100,g,6.34,1.61,0.17,40.2,ciqual-2025-11-03
ciqual,20092,"Carotte, déshydratée",fr,"Carrot, dehydrated","fruits, légumes, légumineuses et oléagineux fruits, vegetables, legumes and nuts",100,g,56,8.1,1.49,317,ciqual-2025-11-03
ciqual,20093,"Petits pois et carottes, appertisés, égouttés",fr,"Garden peas and carrots, canned, drained","Pisum sativum and Daucus carota L. subsp. Sativus fruits, légumes, légumineuses et oléagineux fruits, vegetables, legumes and nuts",100,g,8.58,2.52,0.37,53.8,ciqual-2025-11-03
ciqual,20094,"Chou-rave, bouilli/cuit à l'eau",fr,"Kohlrabi, boiled/cooked in water","Brassica oleracea var. gongylodes L. fruits, légumes, légumineuses et oléagineux fruits, vegetables, legumes and nuts",100,g,4.4,1.8,0.11,28,ciqual-2025-11-03
ciqual,20095,"Chou rouge, bouilli/cuit à l'eau",fr,"Red cabbage, boiled/cooked in water","Brassica oleracea L. convar. capitata L. var. rubra fruits, légumes, légumineuses et oléagineux fruits, vegetables, legumes and nuts",100,g,3.32,1.51,0.09,25.3,ciqual-2025-11-03
ciqual,20096,"Potiron, cuit",fr,"Pumpkin, cooked","Cucurbita maxima fruits, légumes, légumineuses et oléagineux fruits, vegetables, legumes and nuts",100,g,4.47,0.81,0.07,26.1,ciqual-2025-11-03
ciqual,20097,"Échalote, crue",fr,"Shallot, raw","Allium cepa var. aggregatum fruits, légumes, légumineuses et oléagineux fruits, vegetables, legumes and nuts",100,g,12.2,1.81,0,61.7,ciqual-2025-11-03
ciqual,20099,"Mâche, crue",fr,"Lamb's lettuce, raw","Valerianella locusta (L.) Laterr. fruits, légumes, légumineuses et oléagineux fruits, vegetables, legumes and nuts",100,g,0.5,2,0,15,ciqual-2025-11-03
ciqual,2010,"Nectar multifruit, base pomme, multivitaminé",fr,"Multifruit nectar, apple base, multivitamin",eaux et autres boissons beverages,100,g,9.1,0.05,0,36.4,ciqual-2025-11-03
ciqual,20101,"Légumes, mélange surgelé, crus",fr,"Mixed vegetables, frozen, raw","(Genus and species unknown or multiple) fruits, légumes, légumineuses et oléagineux fruits, vegetables, legumes and nuts",100,g,5.71,2.26,2.65,65.1,ciqual-2025-11-03
ciqual,20102,"Champignon de Paris ou champignon de couche, bouilli/cuit à l'eau",fr,"Button mushroom or cultivated mushroom, boiled/cooked in water","Agaricus bisporus fruits, légumes, légumineuses et oléagineux fruits, vegetables, legumes and nuts",100,g,3,2.17,0.47,28.7,ciqual-2025-11-03
ciqual,20103,"Champignon, chanterelle ou girolle, crue",fr,"Chanterelle or girolle mushroom, raw","Cantharellus cibarius fries. fruits, légumes, légumineuses et oléagineux fruits, vegetables, legumes and nuts",100,g,1.77,1.49,0.53,24.7,ciqual-2025-11-03
ciqual,20105,"Champignon, morille, crue",fr,"Morel, raw","Morchella esculenta pers. fruits, légumes, légumineuses et oléagineux fruits, vegetables, legumes and nuts",100,g,0.1,3.12,0.57,23.5,ciqual-2025-11-03
ciqual,20108,"Maïs doux, en épis, surgelé, cru",fr,"Corn, on the cob, frozen, raw","Zea mays L. convar. saccharata fruits, légumes, légumineuses et oléagineux fruits, vegetables, legumes and nuts",100,g,17,3.36,1.19,97.4,ciqual-2025-11-03
ciqual,20111,"Oseille, crue",fr,"Sorrel, raw","Rumex acetosa L. fruits, légumes, légumineuses et oléagineux fruits, vegetables, legumes and nuts",100,g,1.6,1.89,0.65,23.4,ciqual-2025-11-03
ciqual,20114,"Champignon, pleurote, crue",fr,"Oyster mushroom, raw","Pleurotus spp. fruits, légumes, légumineuses et oléagineux fruits, vegetables, legumes and nuts",100,g,1.5,3.31,0.41,26.8,ciqual-2025-11-03
ciqual,20116,"Chou blanc, cru",fr,"White cabbage, raw","Brassica oleracea L. convar. capitata L. var. alba fruits, légumes, légumineuses et oléagineux fruits, vegetables, legumes and nuts",100,g,4.63,1.38,0.6,35.2,ciqual-2025-11-03
ciqual,20118,"Fenouil, bouilli/cuit à l'eau",fr,"Fennel, boiled/cooked in water","Foeniculum vulgare subsp. sativum fruits, légumes, légumineuses et oléagineux fruits, vegetables, legumes and nuts",100,g,0.8,1.13,0,11.7,ciqual-2025-11-03
ciqual,20119,"Tomate verte, crue",fr,"Tomato, green, raw","Solanum lycopersicum L. fruits, légumes, légumineuses et oléagineux fruits, vegetables, legumes and nuts",100,g,4,1.2,0.2,24.8,ciqual-2025-11-03
ciqual,2012,"Jus d'orange, à base de concentré",fr,"Orange juice, from concentrate",eaux et autres boissons beverages,100,g,9.59,0.63,0.13,45.6,ciqual-2025-11-03
ciqual,20123,"Batavia, crue",fr,"Lettuce, var. batavia, raw","Lactuca sativa L. fruits, légumes, légumineuses et oléagineux fruits, vegetables, legumes and nuts",100,g,1.78,1.25,0,14.9,ciqual-2025-11-03
ciqual,20124,"Petits pois, surgelés, cuits",fr,"Garden peas, frozen, cooked","Pisum sativum fruits, légumes, légumineuses et oléagineux fruits, vegetables, legumes and nuts",100,g,7.95,5.15,0.27,65.8,ciqual-2025-11-03
ciqual,20125,"Champignon de Paris ou champignon de couche, sauté/poêlé, sans matière grasse",fr,"Button mushroom or cultivated mushroom, sautéed/pan-fried, without added fat","Agaricus bisporus fruits, légumes, légumineuses et oléagineux fruits, vegetables, legumes and nuts",100,g,4.53,4.44,0.6,38.4,ciqual-2025-11-03
ciqual,20128,"Courge musquée, chair sans peau, crue",fr,"Pumpkin (cucurbita moschata), flesh without skin, raw","Curcubita moschata fruits, légumes, légumineuses et oléagineux fruits, vegetables, legumes and nuts",100,g,4.6,0.55,0.1,23.5,ciqual-2025-11-03
ciqual,2013,"Jus d'orange, frais",fr,"Orange juice, fresh",eaux et autres boissons beverages,100,g,9.19,0.7,0.2,44.8,ciqual-2025-11-03
ciqual,20132,"Potimarron, chair sans peau, cru",fr,"Red kuri squash, flesh without skin, raw","Cucurbita maxima fruits, légumes, légumineuses et oléagineux fruits, vegetables, legumes and nuts",100,g,3.1,0.95,0.28,22.1,ciqual-2025-11-03
ciqual,20134,"Courge hokkaïdo, chair sans peau, crue",fr,"Sweet green hokkaido squash, flesh without skin, raw","Cucurbita maxima fruits, légumes, légumineuses et oléagineux fruits, vegetables, legumes and nuts",100,g,9.98,1.4,0.6,56.1,ciqual-2025-11-03
ciqual,20136,"Courge melonnette, chair sans peau, crue",fr,"Squash, melonnette jaspée from Vendée, flesh without skin, raw","Cucurbita pepo L. fruits, légumes, légumineuses et oléagineux fruits, vegetables, legumes and nuts",100,g,5.98,0.75,0.13,30.8,ciqual-2025-11-03
ciqual,20137,"Tomate, pelée, appertisée, au jus, non égouttée",fr,"Tomato, peeled, canned, in juice, solids and liquids","Solanum lycopersicum L. fruits, légumes, légumineuses et oléagineux fruits, vegetables, legumes and nuts",100,g,3.15,0.79,0.25,21.8,ciqual-2025-11-03
ciqual,20138,"Courge butternut (doubeurre), chair sans peau, crue",fr,"Squash, butternut, flesh without skin, raw","Cucurbita moschata fruits, légumes, légumineuses et oléagineux fruits, vegetables, legumes and nuts",100,g,5.4,1,0.1,30.5,ciqual-2025-11-03
ciqual,20139,"Courge, crue",fr,"Squash, all types, raw","Cucurbita pepo L. fruits, légumes, légumineuses et oléagineux fruits, vegetables, legumes and nuts",100,g,1.6,0.95,0.13,14.4,ciqual-2025-11-03
ciqual,2014,"Jus de pomme, à base de concentré",fr,"Apple juice, from concentrate",eaux et autres boissons beverages,100,g,11.3,0.24,0.098,48.5,ciqual-2025-11-03
ciqual,20141,"Courge butternut (doubeurre), chair sans peau, bouillie/cuite à l'eau",fr,"Squash, butternut, flesh without skin, boiled","Cucurbita moschata fruits, légumes, légumineuses et oléagineux fruits, vegetables, legumes and nuts",100,g,4.56,0.69,0.2,28.2,ciqual-2025-11-03
ciqual,20143,"Courge spaghetti, chair sans peau, cuite",fr,"Squash, spaghetti, flesh without skin, cooked","Cucurbita pepo L. fruits, légumes, légumineuses et oléagineux fruits, vegetables, legumes and nuts",100,g,5.06,0.66,0.26,28,ciqual-2025-11-03
ciqual,20145,"Courge spaghetti, chair sans peau, crue",fr,"Squash, spaghetti, flesh without skin, raw","Cucurbita pepo L. fruits, légumes, légumineuses et oléagineux fruits, vegetables, legumes and nuts",100,g,5.41,0.64,0.57,32.3,ciqual-2025-11-03
ciqual,2015,"Jus de pamplemousse (pomélo), à base de concentré",fr,"Grapefruit juice, from concentrate",eaux et autres boissons beverages,100,g,8.41,0.52,0.1,40.9,ciqual-2025-11-03
ciqual,20151,"Piment, cru",fr,"Chili pepper, raw","Capsicum annuum fruits, légumes, légumineuses et oléagineux fruits, vegetables, legumes and nuts",100,g,5.75,1.87,0.44,37.4,ciqual-2025-11-03
ciqual,20155,"Artichaut, coeur, appertisé, égoutté",fr,"Artichoke, globe, heart, canned, drained","Cynara cardunculus L. fruits, légumes, légumineuses et oléagineux fruits, vegetables, legumes and nuts",100,g,2.31,1.8,0,24.2,ciqual-2025-11-03
ciqual,20156,"Artichaut, fond, appertisé, égoutté",fr,"Artichoke, globe, base, canned, drained","Cynara cardunculus L. fruits, légumes, légumineuses et oléagineux fruits, vegetables, legumes and nuts",100,g,3.02,1.2,0,23.4,ciqual-2025-11-03
ciqual,20158,"Tétragone cornue, cuite",fr,"New Zealand spinach, cooked","Tetragonia tetragonioides (Pallas) fruits, légumes, légumineuses et oléagineux fruits, vegetables, legumes and nuts",100,g,1,1.3,0.17,13.5,ciqual-2025-11-03
ciqual,2016,"Jus de raisin, pur jus",fr,"Grape juice, pure juice",eaux et autres boissons beverages,100,g,16.3,0.25,0.057,69.2,ciqual-2025-11-03
ciqual,20160,"Champignon, cèpe, cru",fr,"Cep or boletus mushroom, raw","Boletus edulis fruits, légumes, légumineuses et oléagineux fruits, vegetables, legumes and nuts",100,g,2,3.23,0.49,28.8,ciqual-2025-11-03
ciqual,20162,"Chicorée rouge, crue",fr,"Red endive, raw","Chichorium intybus fruits, légumes, légumineuses et oléagineux fruits, vegetables, legumes and nuts",100,g,1.6,1.4,0.1,18.9,ciqual-2025-11-03
ciqual,20163,"Chicorée verte, crue",fr,"Green endive, raw","Chichorium intybus fruits, légumes, légumineuses et oléagineux fruits, vegetables, legumes and nuts",100,g,0.5,1.9,0.5,16.1,ciqual-2025-11-03
ciqual,20165,"Rutabaga, cuit",fr,"Rutabaga or Swede, cooked","Brassica napus subsp. rapifera fruits, légumes, légumineuses et oléagineux fruits, vegetables, legumes and nuts",100,g,4.26,0.93,0.18,26,ciqual-2025-11-03
ciqual,20166,"Citrouille, chair sans peau, crue",fr,"Pumpkin, flesh without skin, raw","Cucurbita pepo subsp. pepo fruits, légumes, légumineuses et oléagineux fruits, vegetables, legumes and nuts",100,g,5.79,1,0.1,29.7,ciqual-2025-11-03
ciqual,20167,"Chou chinois pé-tsaï, cru",fr,"Chinese cabbage (nappa cabbage), raw","Brassica rapa L. subsp. Pekinensis fruits, légumes, légumineuses et oléagineux fruits, vegetables, legumes and nuts",100,g,2.1,1.25,0.2,16.4,ciqual-2025-11-03
ciqual,20168,"Poivron jaune, cru",fr,"Sweet pepper, yellow, raw","Capsicum annuum fruits, légumes, légumineuses et oléagineux fruits, vegetables, legumes and nuts",100,g,4.73,0.94,0.3,29.4,ciqual-2025-11-03
ciqual,20169,"Tomate, chair, appertisée",fr,"Tomato flesh without skin, canned","Solanum lycopersicum L. fruits, légumes, légumineuses et oléagineux fruits, vegetables, legumes and nuts",100,g,3.63,1.2,0,22.6,ciqual-2025-11-03
ciqual,2017,"Jus de grenade, pur jus",fr,"Pomegranate juice, pure juice",eaux et autres boissons beverages,100,g,12.7,0.15,0.29,54,ciqual-2025-11-03
ciqual,20170,"Tomate, purée, appertisée",fr,"Tomato puree, canned","Solanum lycopersicum L. fruits, légumes, légumineuses et oléagineux fruits, vegetables, legumes and nuts",100,g,8.42,1.5,0.2,47.6,ciqual-2025-11-03
ciqual,20171,"Laitue romaine, crue",fr,"Cos or romaine lettuce, raw","Lactuca sativa L. Cos group fruits, légumes, légumineuses et oléagineux fruits, vegetables, legumes and nuts",100,g,1.35,1.23,0.3,17.2,ciqual-2025-11-03
ciqual,20172,"Tomate cerise, crue",fr,"Tomato, cherry, raw","Solanum lycopersicum esculentum M. fruits, légumes, légumineuses et oléagineux fruits, vegetables, legumes and nuts",100,g,5.62,1.31,0,31.8,ciqual-2025-11-03
ciqual,20173,"Pois mange-tout ou pois gourmand, cru",fr,"Snow pea, raw","Pisum sativum var. sachhamatum or var.macrocarpon fruits, légumes, légumineuses et oléagineux fruits, vegetables, legumes and nuts",100,g,6.2,2.8,0.2,43,ciqual-2025-11-03
ciqual,2018,Jus de pruneau,fr,Prune juice,eaux et autres boissons beverages,100,g,18.7,0.37,0.039,77.4,ciqual-2025-11-03
ciqual,20180,"Oignon, séché",fr,"Onion, dried","fruits, légumes, légumineuses et oléagineux fruits, vegetables, legumes and nuts",100,g,74.1,8.95,0.46,355,ciqual-2025-11-03
ciqual,20181,"Panais, cru",fr,"Parsnip, raw","Pastinaca sativa L. fruits, légumes, légumineuses et oléagineux fruits, vegetables, legumes and nuts",100,g,12.6,1.2,0.3,67.9,ciqual-2025-11-03
ciqual,20183,"Graine germée de haricot mungo ou pousse de ""soja"", crue",fr,"Mung bean, sprouted, raw","Vigna radiata L. fruits, légumes, légumineuses et oléagineux fruits, vegetables, legumes and nuts",100,g,3.4,2.81,0,28.3,ciqual-2025-11-03
ciqual,20188,"Bambou, pousses, appertisées, égouttées",fr,"Bamboo shoots, canned, drained","Bambusa vulgaris or Phyllostachys edulis fruits, légumes, légumineuses et oléagineux fruits, vegetables, legumes and nuts",100,g,1.9,1.63,0.31,19.3,ciqual-2025-11-03
ciqual,20189,"Tomate, séchée",fr,"Tomato, dried","fruits, légumes, légumineuses et oléagineux fruits, vegetables, legumes and nuts",100,g,43.5,14.1,2.97,,ciqual-2025-11-03
ciqual,2019,"Jus de raisin, à base de concentré",fr,"Grape juice, from concentrate",eaux et autres boissons beverages,100,g,16,0.31,0.11,67.1,ciqual-2025-11-03
ciqual,20192,"Tomate côtelée ou coeur de boeuf, crue",fr,"Tomato, beef heart, raw","Solanum lycopersicum L. fruits, légumes, légumineuses et oléagineux fruits, vegetables, legumes and nuts",100,g,3.4,0.5,0,17.4,ciqual-2025-11-03
ciqual,20194,"Haricots blancs à la sauce tomate, appertisés",fr,"Haricot beans with tomato sauce, canned",entrées et plats composés starters and dishes,100,g,11.7,4.83,0.5,80.5,ciqual-2025-11-03
ciqual,20195,"Haricot beurre, cru",fr,"Butter bean or yellow bean, raw","Phaseolus vulgaris fruits, légumes, légumineuses et oléagineux fruits, vegetables, legumes and nuts",100,g,5.6,1.82,0.12,37.6,ciqual-2025-11-03
ciqual,20196,"Topinambour, cru",fr,"Jerusalem artichoke, raw","fruits, légumes, légumineuses et oléagineux fruits, vegetables, legumes and nuts",100,g,15.8,2,0.01,74.7,ciqual-2025-11-03
ciqual,20197,"Salsifis noir, ou scorsonère d'Espagne, cru",fr,"Salsify, black, raw","Scorzonera hispanica fruits, légumes, légumineuses et oléagineux fruits, vegetables, legumes and nuts",100,g,15.3,3.13,0.3,83,ciqual-2025-11-03
ciqual,20198,"Bambou, pousse, crue",fr,"Bamboo shoots, raw","Bambusa vulgaris or Phyllostachys edulis fruits, légumes, légumineuses et oléagineux fruits, vegetables, legumes and nuts",100,g,2.57,2.6,0.3,29.1,ciqual-2025-11-03
ciqual,20199,"Cresson alénois, cru",fr,"Garden cress, raw","Lepidium sativum fruits, légumes, légumineuses et oléagineux fruits, vegetables, legumes and nuts",100,g,1.22,2.6,0.7,23.8,ciqual-2025-11-03
ciqual,20200,"Laitue iceberg, crue",fr,"Iceberg lettuce, raw","Lactuca sativa L. fruits, légumes, légumineuses et oléagineux fruits, vegetables, legumes and nuts",100,g,2.5,0.95,0.14,17.3,ciqual-2025-11-03
ciqual,20201,"Rutabaga, cru",fr,"Rutabaga or Swede, raw","Brassica napus subsp. rapifera fruits, légumes, légumineuses et oléagineux fruits, vegetables, legumes and nuts",100,g,5.7,1.08,0.16,33.2,ciqual-2025-11-03
ciqual,20203,"Haricot beurre, surgelé, cru",fr,"Butter bean or yellow bean, frozen, raw","Phaseolus vulgaris fruits, légumes, légumineuses et oléagineux fruits, vegetables, legumes and nuts",100,g,4.59,1.8,0.21,33.1,ciqual-2025-11-03
ciqual,20204,"Brocoli, surgelé, cru",fr,"Broccoli, frozen, raw","Brassica oleracea L. var. italica Plenck fruits, légumes, légumineuses et oléagineux fruits, vegetables, legumes and nuts",100,g,1.5,2.78,0.42,26.4,ciqual-2025-11-03
ciqual,20206,"Chou de Bruxelles, surgelé, cru",fr,"Brussels sprout, frozen, raw","Brassica oleracea L. var. Gemnifera (DC.) Zenker fruits, légumes, légumineuses et oléagineux fruits, vegetables, legumes and nuts",100,g,4.69,3.78,0.41,45.2,ciqual-2025-11-03
ciqual,20208,"Carotte, surgelée, crue",fr,"Carrot, frozen, raw","Daucus carota L. subsp. Sativus fruits, légumes, légumineuses et oléagineux fruits, vegetables, legumes and nuts",100,g,4.95,0.78,0.46,33.6,ciqual-2025-11-03
ciqual,20210,"Concombre, chair sans peau, cru",fr,"Cucumber, flesh without skin, raw","Cucumis sativus L. fruits, légumes, légumineuses et oléagineux fruits, vegetables, legumes and nuts",100,g,2.23,0.56,0,11.1,ciqual-2025-11-03
ciqual,20211,"Champignon, lentin comestible ou shiitaké, séché",fr,"Shiitake mushroom, dried","fruits, légumes, légumineuses et oléagineux fruits, vegetables, legumes and nuts",100,g,63.9,9.58,0.99,316,ciqual-2025-11-03
ciqual,20212,"Champignon, lentin comestible ou shiitaké, cuit",fr,"Shiitake mushroom, cooked","Lentinula edodes (Berk.) Pegler fruits, légumes, légumineuses et oléagineux fruits, vegetables, legumes and nuts",100,g,12.3,1.56,0.22,60.9,ciqual-2025-11-03
ciqual,20214,"Petits pois et carottes, surgelés, crus",fr,"Garden peas and carrots, frozen, raw","Pisum sativum and Daucus carota L. subsp. Sativus fruits, légumes, légumineuses et oléagineux fruits, vegetables, legumes and nuts",100,g,7.1,3.4,0.47,53,ciqual-2025-11-03
ciqual,20216,"Pois mange-tout ou pois gourmand, bouilli/cuit à l'eau",fr,"Snow pea, boiled/cooked in water","Pisum sativum var. sachhamatum or var.macrocarpon fruits, légumes, légumineuses et oléagineux fruits, vegetables, legumes and nuts",100,g,3.39,2.25,0.3,30.9,ciqual-2025-11-03
ciqual,20217,"Roquette, crue",fr,"Roman rocket, raw","Eruca sativa fruits, légumes, légumineuses et oléagineux fruits, vegetables, legumes and nuts",100,g,2.1,2.58,0.66,27.9,ciqual-2025-11-03
ciqual,20218,"Chou frisé, cru",fr,"Curly kale, raw","Brassica oleracea var. acephala fruits, légumes, légumineuses et oléagineux fruits, vegetables, legumes and nuts",100,g,4.2,4.28,0.93,49.5,ciqual-2025-11-03
ciqual,20219,"Chou frisé, cuit",fr,"Curly kale, cooked","Brassica oleracea var. acephala fruits, légumes, légumineuses et oléagineux fruits, vegetables, legumes and nuts",100,g,3.63,1.9,0.4,29.7,ciqual-2025-11-03
ciqual,2022,Nectar de fraise,fr,Strawberry nectar,eaux et autres boissons beverages,100,g,11.3,0.3,0.1,47.5,ciqual-2025-11-03
ciqual,20221,"Chou chinois pé-tsaï, sauté/poêlé",fr,"Chinese cabbage (nappa cabbage),  sautéed/pan-fried, without added fat","Brassica rapa L. subsp. Pekinensis fruits, légumes, légumineuses et oléagineux fruits, vegetables, legumes and nuts",100,g,2.77,1.06,0,18.9,ciqual-2025-11-03
ciqual,20228,"Champignon de Paris ou champignon de couche, surgelé, cru",fr,"Button mushroom or cultivated mushroom, frozen, raw","Agaricus bisporus fruits, légumes, légumineuses et oléagineux fruits, vegetables, legumes and nuts",100,g,0.93,1.87,0.2,16.1,ciqual-2025-11-03
ciqual,2023,"Jus de mangue, frais",fr,"Mango juice, fresh",eaux et autres boissons beverages,100,g,9.5,0.19,0,38.8,ciqual-2025-11-03
ciqual,20230,"Courgette, chair et peau, surgelée, crue",fr,"Courgette or zucchini, flesh and skin, frozen, raw","Cucurbita pepo L. fruits, légumes, légumineuses et oléagineux fruits, vegetables, legumes and nuts",100,g,2,1.08,0.13,16.5,ciqual-2025-11-03
ciqual,20231,"Crosne, surgelé, cru",fr,"Chinese or Japanese artichokes, frozen, raw","Stachys affinis Bunge fruits, légumes, légumineuses et oléagineux fruits, vegetables, legumes and nuts",100,g,5.51,7.38,0.03,51.8,ciqual-2025-11-03
ciqual,20232,"Artichaut, fond, surgelé, cru",fr,"Artichoke globe, base, frozen, raw","Cynara cardunculus L. fruits, légumes, légumineuses et oléagineux fruits, vegetables, legumes and nuts",100,g,7.02,1.89,0.42,54.5,ciqual-2025-11-03
ciqual,20233,"Maïs doux, surgelé, cru",fr,"Corn, frozen, raw","Zea mays L. convar. saccharata fruits, légumes, légumineuses et oléagineux fruits, vegetables, legumes and nuts",100,g,19.8,3.28,0.78,105,ciqual-2025-11-03
ciqual,20234,"Navet, surgelé, cru",fr,"Turnip, frozen, raw","Brassica rapa subsp. rapa L. fruits, légumes, légumineuses et oléagineux fruits, vegetables, legumes and nuts",100,g,2.8,1.04,0.16,20.4,ciqual-2025-11-03
ciqual,20235,"Oignon, surgelé, cru",fr,"Onion, frozen, raw","Allium cepa L. fruits, légumes, légumineuses et oléagineux fruits, vegetables, legumes and nuts",100,g,5.22,0.89,0.06,30.3,ciqual-2025-11-03
ciqual,20236,"Poireau, surgelé, cru",fr,"Leek, frozen, raw","Allium porrum fruits, légumes, légumineuses et oléagineux fruits, vegetables, legumes and nuts",100,g,3.37,1.48,0.26,26.6,ciqual-2025-11-03
ciqual,20237,"Salsifis, surgelé, cru",fr,"Salsify, frozen, raw","Scorzonera hispanica fruits, légumes, légumineuses et oléagineux fruits, vegetables, legumes and nuts",100,g,4.68,2.34,0.16,41.1,ciqual-2025-11-03
ciqual,20238,"Oignon rouge, cru",fr,"Red onion, raw","Allium cepa L. fruits, légumes, légumineuses et oléagineux fruits, vegetables, legumes and nuts",100,g,5.63,1.31,0.4,35,ciqual-2025-11-03
ciqual,20239,"Oignon jaune, cru",fr,"Yellow onion, raw","Allium cepa L. fruits, légumes, légumineuses et oléagineux fruits, vegetables, legumes and nuts",100,g,6.39,1.19,0,35.9,ciqual-2025-11-03
ciqual,2024,"Jus de fruit de la passion ou maracudja, frais",fr,"Passion fruit juice, fresh",eaux et autres boissons beverages,100,g,14.3,0.67,0.18,61.7,ciqual-2025-11-03
ciqual,20240,"Piperade basquaise, préemballée",fr,"Piperade, Basque-style (fondue of sweet peppers and tomatoes with onions and garlic), prepacked",entrées et plats composés starters and dishes,100,g,5.38,1.1,3.8,67.8,ciqual-2025-11-03
ciqual,20241,"Cardon, cuit",fr,"Cardoon, cooked","Cynara cardunculus L. fruits, légumes, légumineuses et oléagineux fruits, vegetables, legumes and nuts",100,g,3.63,0.76,0.11,22,ciqual-2025-11-03
ciqual,20242,"Tomate, chair et peau, bouillie/cuite à l'eau",fr,"Tomato, flesh and skin, boiled/cooked in water","Solanum lycopersicum L. fruits, légumes, légumineuses et oléagineux fruits, vegetables, legumes and nuts",100,g,2.8,0.95,0.11,17.4,ciqual-2025-11-03
ciqual,20243,"Pois mange-tout ou pois gourmands, cuits",fr,"Snow pea, cooked","Pisum sativum var. sachhamatum or var.macrocarpon fruits, légumes, légumineuses et oléagineux fruits, vegetables, legumes and nuts",100,g,5.92,3.5,0.38,47.3,ciqual-2025-11-03
ciqual,20246,"Petit pot légumes, dès 4-6 mois",fr,"Baby food jar with vegetables, from 4-6 months",aliments infantiles baby food,100,g,3.8,0.9,0,24,ciqual-2025-11-03
ciqual,20247,"Petit pot légumes, avec féculent, dès 4/6 mois",fr,"Baby food jar with vegetables and starchy food, from 4-6 months",aliments infantiles baby food,100,g,6.45,1.3,0.8,41.7,ciqual-2025-11-03
ciqual,20248,"Plat légumes, avec féculent, dès 6-8 mois",fr,"Baby meal, vegetables and starchy food, from 6-8 months",aliments infantiles baby food,100,g,6.9,1.2,0.7,42.9,ciqual-2025-11-03
ciqual,20249,"Plat légumes, avec féculent et lait/crème, dès 6/8 mois",fr,"Baby meal, vegetable with milk/cream and starchy food, from 6-8 months",aliments infantiles baby food,100,g,9.12,2.38,2.3,70.2,ciqual-2025-11-03
ciqual,2025,"Jus de pamplemousse (pomélo), frais",fr,"Grapefruit juice, fresh",eaux et autres boissons beverages,100,g,9.1,0.5,0.1,43.7,ciqual-2025-11-03
ciqual,20250,"Plat légumes, avec féculent et lait/crème, dès 8/12 mois",fr,"Baby meal, vegetable with milk/cream and starchy food, from 8-12 months",aliments infantiles baby food,100,g,8.1,2.1,3.5,77.5,ciqual-2025-11-03
ciqual,20251,"Plat légumes, avec féculent et lait/crème, dès 12 mois",fr,"Baby meal, vegetable with milk/cream and starchy food, from 12 months",aliments infantiles baby food,100,g,8.53,2.88,2.3,71.6,ciqual-2025-11-03
ciqual,20252,Soupe pour bébé légumes et pomme de terre,fr,"Baby soup, with vegetables and potatoes",aliments infantiles baby food,100,g,5.88,1,0.91,38.1,ciqual-2025-11-03
ciqual,20253,"Soupe pour bébé légumes, céréales et lait",fr,"Baby soup, with vegetables, cereals and milk",aliments infantiles baby food,100,g,7.19,1.5,2.5,59.5,ciqual-2025-11-03
ciqual,20254,"Plat légumes, avec féculent et lait/crème, dès 18 mois",fr,"Baby meal, vegetable with milk/cream and starchy food, from 18 months",aliments infantiles baby food,100,g,8.59,2.56,2.4,70.3,ciqual-2025-11-03
ciqual,20255,"Échalote, cuite",fr,"Shallot, cooked","Allium cepa var. aggregatum fruits, légumes, légumineuses et oléagineux fruits, vegetables, legumes and nuts",100,g,13.5,2.13,0,69.3,ciqual-2025-11-03
ciqual,20256,"Tomate, séchée, à l'huile",fr,"Tomato, dried, in oil","fruits, légumes, légumineuses et oléagineux fruits, vegetables, legumes and nuts",100,g,7.98,5.06,13.2,,ciqual-2025-11-03
ciqual,20257,"Haricots verts, purée",fr,"French bean, puree","Phaseolus vulgaris L. fruits, légumes, légumineuses et oléagineux fruits, vegetables, legumes and nuts",100,g,4.2,1.7,2.9,56.3,ciqual-2025-11-03
ciqual,20258,"Légumes (3-4 sortes en mélange), purée",fr,"Vegetables (3-4 types), mashed","(Genus and species unknown or multiple) fruits, légumes, légumineuses et oléagineux fruits, vegetables, legumes and nuts",100,g,4.25,1.94,3.4,61.2,ciqual-2025-11-03
ciqual,20259,"Brocoli, purée",fr,"Broccoli, puree","Brassica oleracea L. var. italica Plenck fruits, légumes, légumineuses et oléagineux fruits, vegetables, legumes and nuts",100,g,2.75,2.5,0.38,29,ciqual-2025-11-03
ciqual,2026,"Jus de tomate, pur jus, salé à 3 g/L",fr,"Tomato juice, pure juice, 3 g salt/L",eaux et autres boissons beverages,100,g,4.13,0.88,0.17,23.2,ciqual-2025-11-03
ciqual,20260,"Tomate, coulis, appertisé (purée de tomates mi-réduite à 11%)",fr,"Tomato coulis, canned (tomato puree semi-reduced 11%)","Solanum lycopersicum L. fruits, légumes, légumineuses et oléagineux fruits, vegetables, legumes and nuts",100,g,7.57,2.05,0.2,45.5,ciqual-2025-11-03
ciqual,20261,"Carotte, purée",fr,"Carrots, puree","Daucus carota L. subsp. Sativus fruits, légumes, légumineuses et oléagineux fruits, vegetables, legumes and nuts",100,g,5.06,0.88,0,30.1,ciqual-2025-11-03
ciqual,20262,"Poêlée de légumes assaisonnés sans champignon, surgelée, crue",fr,"Vegetables, pan-fried without mushrooms, seasonned, frozen, raw",entrées et plats composés starters and dishes,100,g,5,2.6,1.5,50.4,ciqual-2025-11-03
ciqual,20263,"Légumes pour potages, surgelés, crus",fr,"Mixed vegetables for soups, frozen, raw","(Genus and species unknown or multiple) fruits, légumes, légumineuses et oléagineux fruits, vegetables, legumes and nuts",100,g,5.83,1.33,0,33.9,ciqual-2025-11-03
ciqual,20264,"Courgette, purée",fr,"Courgette or zucchini, puree","Cucurbita pepo L. fruits, légumes, légumineuses et oléagineux fruits, vegetables, legumes and nuts",100,g,6.5,2.8,1.9,57.3,ciqual-2025-11-03
ciqual,20265,"Julienne ou brunoise de légumes, surgelée, crue",fr,"Thinly-shredded or diced vegetables, frozen, raw","(Genus and species unknown or multiple) fruits, légumes, légumineuses et oléagineux fruits, vegetables, legumes and nuts",100,g,4.08,1.19,0.25,27.9,ciqual-2025-11-03
ciqual,20266,"Légumes pour ratatouille, surgelés",fr,"Mixed vegetables for ratatouille, frozen","(Genus and species unknown or multiple) fruits, légumes, légumineuses et oléagineux fruits, vegetables, legumes and nuts",100,g,3.23,1.01,0.089,21,ciqual-2025-11-03
ciqual,20267,"Printanière ou jardinière de légumes, surgelée, crue (petits pois, pommes de terre, haricots verts, carottes, oignon)",fr,"Spring vegetables, frozen, raw (green peas, potatoes, green beans, carrots, onions)","(Genus and species unknown or multiple) fruits, légumes, légumineuses et oléagineux fruits, vegetables, legumes and nuts",100,g,8.48,2.4,0.078,51.3,ciqual-2025-11-03
ciqual,20268,"Tomate, double concentré, appertisé",fr,"Tomato paste, double concentrate, canned","fruits, légumes, légumineuses et oléagineux fruits, vegetables, legumes and nuts",100,g,19.3,3.75,0.47,99.5,ciqual-2025-11-03
ciqual,20269,"Haricot plat, cru",fr,"Flat bean, raw","Phaseolus vulgaris L. fruits, légumes, légumineuses et oléagineux fruits, vegetables, legumes and nuts",100,g,4.47,1.93,0.12,32.4,ciqual-2025-11-03
ciqual,2027,"Jus de pamplemousse (pomelo), pur jus",fr,"Grapefruit juice, pure juice",eaux et autres boissons beverages,100,g,8.89,0.49,0.083,42.5,ciqual-2025-11-03
ciqual,20270,"Épinard, jeunes pousses pour salades, cru",fr,"Spinach, young leaves for salad, raw","Spinacia oleracea L. fruits, légumes, légumineuses et oléagineux fruits, vegetables, legumes and nuts",100,g,0,2.06,0.4,17,ciqual-2025-11-03
ciqual,20271,"Macédoine de légumes, précuite, à finir de cuire, surgelée",fr,"Mixed diced vegetables, pre-cooked, to be recooked, frozen","(Genus and species unknown or multiple) fruits, légumes, légumineuses et oléagineux fruits, vegetables, legumes and nuts",100,g,7.5,4,0.5,62.4,ciqual-2025-11-03
ciqual,20272,"Mesclun ou salade, mélange de jeunes pousses",fr,"Mesclun or salads, mix of baby leaves","(Genus and species unknown or multiple) fruits, légumes, légumineuses et oléagineux fruits, vegetables, legumes and nuts",100,g,2.5,2,0,22,ciqual-2025-11-03
ciqual,20273,"Poêlée de légumes assaisonnés à l'asiatiques ou wok de légumes, surgelée, crue",fr,"Vegetables, pan-fried or stir-fried, seasonned, Asian-style, frozen, raw",entrées et plats composés starters and dishes,100,g,4,1.75,5,73.5,ciqual-2025-11-03
ciqual,20274,"Poêlée de légumes assaisonnés grillée, méridionale ou méditerranéenne, surgelée, crue",fr,"Vegetables, pan-fried or stir-fried, seasonned, Mediterranean-style, frozen, raw",entrées et plats composés starters and dishes,100,g,4.33,1.61,1.77,48,ciqual-2025-11-03
ciqual,20275,"Poivron rouge, appertisé, égoutté",fr,"Sweet pepper, red, canned, drained","Capsicum annuum fruits, légumes, légumineuses et oléagineux fruits, vegetables, legumes and nuts",100,g,4.5,0.96,0.2,26.3,ciqual-2025-11-03
ciqual,20276,"Tomate ronde, crue",fr,"Tomato, round, raw","Solanum lycopersicum L. fruits, légumes, légumineuses et oléagineux fruits, vegetables, legumes and nuts",100,g,3.42,0.5,0,17.5,ciqual-2025-11-03
ciqual,20277,"Asperge blanche, bouillie/cuite à l'eau",fr,"Asparagus, white, boiled/cooked in water","Asparagus officinalis L. fruits, légumes, légumineuses et oléagineux fruits, vegetables, legumes and nuts",100,g,1.63,1.44,0.3,17.3,ciqual-2025-11-03
ciqual,20278,"Céleri-rave, purée",fr,"Celeriac, puree","Apium graveolens L. var. rapaceum (Mill.) Gaudin fruits, légumes, légumineuses et oléagineux fruits, vegetables, legumes and nuts",100,g,2.83,1.37,0.18,26.2,ciqual-2025-11-03
ciqual,20279,"Asperge, verte, crue",fr,"Asparagus, green, raw","Asparagus officinalis L. fruits, légumes, légumineuses et oléagineux fruits, vegetables, legumes and nuts",100,g,2.03,2.46,0.27,24.7,ciqual-2025-11-03
ciqual,2028,"Jus de citron, pur jus",fr,"Lemon juice, pure juice",eaux et autres boissons beverages,100,g,6.1,0.4,0.29,29.4,ciqual-2025-11-03
ciqual,20280,"Chou romanesco ou brocoli à pomme, cru",fr,"Romanesco cauliflower or romanesco broccoli, raw","Brassica oleracea var. botrytis fruits, légumes, légumineuses et oléagineux fruits, vegetables, legumes and nuts",100,g,2.2,2.95,0.3,29.7,ciqual-2025-11-03
ciqual,20282,"Asperge, blanche ou violette, pelée, crue",fr,"Asparagus, white or purple, peeled, raw","Asparagus officinalis L. fruits, légumes, légumineuses et oléagineux fruits, vegetables, legumes and nuts",100,g,1.62,2.2,0.12,21,ciqual-2025-11-03
ciqual,20283,"Salicorne (Salicornia sp.), crue",fr,"Glasswort (Salicornia sp.), fresh, raw","Salicornia sp. fruits, légumes, légumineuses et oléagineux fruits, vegetables, legumes and nuts",100,g,0.98,1.02,0.17,13.1,ciqual-2025-11-03
ciqual,20284,"Petits pois, purée",fr,"Garden peas, puree","Pisum sativum fruits, légumes, légumineuses et oléagineux fruits, vegetables, legumes and nuts",100,g,8,4.8,2.8,86,ciqual-2025-11-03
ciqual,20288,"Salade sucrine, crue",fr,"Lettuce, sucrine, raw","Lactuca sativa L. fruits, légumes, légumineuses et oléagineux fruits, vegetables, legumes and nuts",100,g,2.58,1.13,0,16.6,ciqual-2025-11-03
ciqual,20289,"Tomate, chair et peau, rôtie/cuite au four",fr,"Tomato, flesh and skin, roasted/baked","Solanum lycopersicum L. fruits, légumes, légumineuses et oléagineux fruits, vegetables, legumes and nuts",100,g,3.53,1,0.4,24,ciqual-2025-11-03
ciqual,20290,"Chou romanesco ou brocoli à pomme, cuit",fr,"Romanesco cauliflower or romanesco broccoli, cooked","Brassica oleracea var. botrytis fruits, légumes, légumineuses et oléagineux fruits, vegetables, legumes and nuts",100,g,2.03,3,0.8,34.5,ciqual-2025-11-03
ciqual,20291,"Potimarron, chair sans peau, cuit à l'étouffée",fr,"Red kuri squash, flesh without skin, braised","Cucurbita maxima fruits, légumes, légumineuses et oléagineux fruits, vegetables, legumes and nuts",100,g,7.05,1.31,0.5,44.2,ciqual-2025-11-03
ciqual,20292,"Courge butternut (doubeurre), chair sans peau, cuite",fr,"Pumpkin (cucurbita moschata), flesh without skin, cooked","Curcubita moschata fruits, légumes, légumineuses et oléagineux fruits, vegetables, legumes and nuts",100,g,5.24,1.06,0,28.9,ciqual-2025-11-03
ciqual,20293,"Haricot coco, bouilli/cuit à l'eau",fr,"Coco bean, boiled/cooked in water","fruits, légumes, légumineuses et oléagineux fruits, vegetables, legumes and nuts",100,g,13.7,9.63,0.5,130,ciqual-2025-11-03
ciqual,20295,"Salade feuille de chêne, crue",fr,"Lettuce, oak-leaf, raw","Lactuca sativa L. fruits, légumes, légumineuses et oléagineux fruits, vegetables, legumes and nuts",100,g,1.03,1.13,0,10.7,ciqual-2025-11-03
ciqual,20296,"Brèdes chou de Chine ou bok choy ou pak choï, tiges et feuilles, cuites à la vapeur, prélevées à La Réunion (Brassica rapa subsp. Chinensis)",fr,"Chinese cabbageor bok choï bredes, rods and leafs, steamed, from the island La Réunion (Brassica rapa subsp. Chinensis)","Brassica rapa subsp. Chinensis fruits, légumes, légumineuses et oléagineux fruits, vegetables, legumes and nuts",100,g,1.7,1.69,0,16.4,ciqual-2025-11-03
ciqual,20297,"Chayote ou christophine ou chouchou, chair sans peau, sans noyau, cuite à la vapeur, prélevée à La Réunion (Sechium edule)",fr,"Chayote, without skin, pitted, steamed, sampled in the island La Réunion (Sechium edule)","Sechium edule fruits, légumes, légumineuses et oléagineux fruits, vegetables, legumes and nuts",100,g,3.5,0.63,0,20.9,ciqual-2025-11-03
ciqual,20298,"Carotte, purée cuisinée à la crème, préemballée",fr,"Carrots, , seasoned puree with cream, prepacked","Daucus carota L. subsp. Sativus fruits, légumes, légumineuses et oléagineux fruits, vegetables, legumes and nuts",100,g,4.57,1.44,1.6,43.7,ciqual-2025-11-03
ciqual,20299,"Asperge verte, bouillie/cuite à l'eau",fr,"Asparagus, green, boiled/cooked in water","Asparagus officinalis L. fruits, légumes, légumineuses et oléagineux fruits, vegetables, legumes and nuts",100,g,1.73,2.69,0.3,25.3,ciqual-2025-11-03
ciqual,2030,"Jus de citron vert, frais",fr,"Lime juice, fresh",eaux et autres boissons beverages,100,g,1.69,0.42,0.07,9.87,ciqual-2025-11-03
ciqual,20300,"Aubergine, chair et peau, rôtie/cuite au four",fr,"Eggplant, flesh and skin, roasted/baked","Solanum melongena L. fruits, légumes, légumineuses et oléagineux fruits, vegetables, legumes and nuts",100,g,3.83,1.31,0,31.1,ciqual-2025-11-03
ciqual,20301,"Bette ou blette, côte et feuille, bouillie/cuite à l'eau",fr,"Swiss chard, leaf and stalk, boiled/cooked in water","Beta vulgaris var. cycla L. fruits, légumes, légumineuses et oléagineux fruits, vegetables, legumes and nuts",100,g,1.43,0.88,0.3,15.6,ciqual-2025-11-03
ciqual,20302,"Brocoli, bouilli/cuit à l'eau, croquant",fr,"Broccoli, boiled/cooked in water, crunchy","Brassica oleracea L. var. italica Plenck fruits, légumes, légumineuses et oléagineux fruits, vegetables, legumes and nuts",100,g,1.23,2.5,0.4,22.2,ciqual-2025-11-03
ciqual,20303,"Brocoli, bouilli/cuit à l'eau, fondant",fr,"Broccoli, boiled/cooked in water, tender","Brassica oleracea L. var. italica Plenck fruits, légumes, légumineuses et oléagineux fruits, vegetables, legumes and nuts",100,g,1.03,2.19,0.5,21.8,ciqual-2025-11-03
ciqual,20304,"Brocoli, cuit à la vapeur",fr,"Broccoli, steamed","Brassica oleracea L. var. italica Plenck fruits, légumes, légumineuses et oléagineux fruits, vegetables, legumes and nuts",100,g,2.53,4.13,0.7,38,ciqual-2025-11-03
ciqual,20305,"Carotte, bouillie/cuite à l'eau, croquante",fr,"Carrot, boiled/cooked in water, crunchy","Daucus carota L. subsp. Sativus fruits, légumes, légumineuses et oléagineux fruits, vegetables, legumes and nuts",100,g,6.33,0.75,0,33.1,ciqual-2025-11-03
ciqual,20306,"Carotte, bouillie/cuite à l'eau, fondante",fr,"Carrot, boiled/cooked in water, tender","Daucus carota L. subsp. Sativus fruits, légumes, légumineuses et oléagineux fruits, vegetables, legumes and nuts",100,g,5.73,0.25,0,29.6,ciqual-2025-11-03
ciqual,20307,"Carotte, cuite à la vapeur",fr,"Carrot, steamed","Daucus carota L. subsp. Sativus fruits, légumes, légumineuses et oléagineux fruits, vegetables, legumes and nuts",100,g,7.33,0.63,0.3,40.3,ciqual-2025-11-03
ciqual,20308,"Chou blanc, bouilli/cuit à l'eau",fr,"White cabbage, boiled/cooked in water","Brassica oleracea L. convar. capitata L. var. alba fruits, légumes, légumineuses et oléagineux fruits, vegetables, legumes and nuts",100,g,3.23,1,0,20.8,ciqual-2025-11-03
ciqual,20309,"Chou de Bruxelles, bouilli/cuit à l'eau",fr,"Brussels sprout, boiled/cooked in water","Brassica oleracea L. var. Gemnifera (DC.) Zenker fruits, légumes, légumineuses et oléagineux fruits, vegetables, legumes and nuts",100,g,5.4,3.19,0,44.4,ciqual-2025-11-03
ciqual,2031,"Jus de citron vert, pur jus",fr,"Lime juice, pure juice",eaux et autres boissons beverages,100,g,1.69,0.25,0.23,25.7,ciqual-2025-11-03
ciqual,20310,"Chou rouge, cuit à l'étouffée",fr,"Red cabbage, braised","Brassica oleracea L. convar. capitata L. var. rubra fruits, légumes, légumineuses et oléagineux fruits, vegetables, legumes and nuts",100,g,5.7,1.19,0,33.9,ciqual-2025-11-03
ciqual,20311,"Chou vert, bouilli/cuit à l'eau",fr,"Green cabbage, boiled/cooked in water","Brassica oleracea var. capitata fruits, légumes, légumineuses et oléagineux fruits, vegetables, legumes and nuts",100,g,1.83,1.63,0,19,ciqual-2025-11-03
ciqual,20312,"Chou-fleur, cuit à la vapeur",fr,"Cauliflower, steamed","Brassica oleracea L. var. botrytis L. fruits, légumes, légumineuses et oléagineux fruits, vegetables, legumes and nuts",100,g,3.41,2.56,0.3,30.5,ciqual-2025-11-03
ciqual,20313,"Courgette, chair et peau, rôtie/cuite au four",fr,"Courgette or zucchini, flesh and skin, roasted/baked","Cucurbita pepo L. fruits, légumes, légumineuses et oléagineux fruits, vegetables, legumes and nuts",100,g,3.13,1.5,0,20.3,ciqual-2025-11-03
ciqual,20314,"Céleri branche, cuit à l'étouffée",fr,"Celery stalk, braised","Apium graveolens fruits, légumes, légumineuses et oléagineux fruits, vegetables, legumes and nuts",100,g,2.48,0.75,0,14.7,ciqual-2025-11-03
ciqual,20315,"Céleri rave, bouilli/cuit à l'eau",fr,"Celeriac, boiled/cooked in water","Apium graveolens L. var. rapaceum (Mill.) Gaudin fruits, légumes, légumineuses et oléagineux fruits, vegetables, legumes and nuts",100,g,4.32,0.94,0.3,26.2,ciqual-2025-11-03
ciqual,20316,"Endive, rôtie/cuite au four",fr,"Chicory, roasted/baked","Cichorium intybus var. foliosum fruits, légumes, légumineuses et oléagineux fruits, vegetables, legumes and nuts",100,g,4.38,1.13,0,22,ciqual-2025-11-03
ciqual,20317,"Fenouil, cuit à l'étouffée",fr,"Fennel, braised","Foeniculum vulgare subsp. sativum fruits, légumes, légumineuses et oléagineux fruits, vegetables, legumes and nuts",100,g,1.94,0.25,0,11.8,ciqual-2025-11-03
ciqual,20318,"Haricot beurre, bouilli/cuit à l'eau",fr,"Butter bean or yellow bean, boiled/cooked in water","Phaseolus vulgaris fruits, légumes, légumineuses et oléagineux fruits, vegetables, legumes and nuts",100,g,4.45,2.19,0.3,35,ciqual-2025-11-03
ciqual,2032,"Jus de tomate, pur jus, salé à 6 g/L",fr,"Tomato juice, pure juice, 6 g salt/L",eaux et autres boissons beverages,100,g,3.32,0.88,0.11,20.1,ciqual-2025-11-03
ciqual,20320,"Haricot vert, bouilli/cuit à l'eau",fr,"French bean, boiled/cooked in water","Phaseolus vulgaris L. fruits, légumes, légumineuses et oléagineux fruits, vegetables, legumes and nuts",100,g,3.39,1.75,0,27,ciqual-2025-11-03
ciqual,20321,"Navet, bouilli/cuit à l'eau",fr,"Turnip, boiled/cooked in water","Brassica rapa subsp. rapa L. fruits, légumes, légumineuses et oléagineux fruits, vegetables, legumes and nuts",100,g,3.23,0.75,0,18.4,ciqual-2025-11-03
ciqual,20322,"Oignon blanc ou jaune, sauté/poêlé sans matière grasse",fr,"Onion, white or yellow, sautéed/pan-fried, without added fat","Allium cepa L. fruits, légumes, légumineuses et oléagineux fruits, vegetables, legumes and nuts",100,g,6.73,1.56,0,39.2,ciqual-2025-11-03
ciqual,20323,"Oignon nouveau ou oignon frais ou cébette, sauté/poêlé sans matière grasse",fr,"Spring onion, sautéed/pan-fried, without added fat","Allium cepa L. fruits, légumes, légumineuses et oléagineux fruits, vegetables, legumes and nuts",100,g,3.56,1.13,0.3,28,ciqual-2025-11-03
ciqual,20324,"Oignon rouge, sauté/poêlé",fr,"Onion, red, sautéed/pan-fried, without added fat","Allium cepa L. fruits, légumes, légumineuses et oléagineux fruits, vegetables, legumes and nuts",100,g,7.55,1.69,0,41.5,ciqual-2025-11-03
ciqual,20325,"Panais, cuit à l'étouffée",fr,"Parsnip, braised","Pastinaca sativa L. fruits, légumes, légumineuses et oléagineux fruits, vegetables, legumes and nuts",100,g,16.6,1.94,0.5,91.2,ciqual-2025-11-03
ciqual,20326,"Petits pois, bouillis/cuits à l'eau",fr,"Garden peas, boiled/cooked in water","Pisum sativum fruits, légumes, légumineuses et oléagineux fruits, vegetables, legumes and nuts",100,g,9.93,6.38,0.6,80.7,ciqual-2025-11-03
ciqual,20327,"Poireau, bouilli/cuit à l'eau",fr,"Leek, boiled/cooked in water","Allium porrum fruits, légumes, légumineuses et oléagineux fruits, vegetables, legumes and nuts",100,g,2.23,2.56,0,24.7,ciqual-2025-11-03
ciqual,20328,"Poivron jaune, sauté/poêlé",fr,"Sweet pepper, yellow, sautéed/pan-fried, without added fat","Capsicum annuum fruits, légumes, légumineuses et oléagineux fruits, vegetables, legumes and nuts",100,g,5.33,1,0.6,34.5,ciqual-2025-11-03
ciqual,20329,"Poivron rouge, sauté/poêlé",fr,"Sweet pepper, red, sautéed/pan-fried, without added fat","Capsicum annuum fruits, légumes, légumineuses et oléagineux fruits, vegetables, legumes and nuts",100,g,6.53,0.94,0,33,ciqual-2025-11-03
ciqual,2033,"Jus multifruit, à base de jus et purée de fruits",fr,"Multifruit juice, juice and fruit puree",eaux et autres boissons beverages,100,g,11.5,0.46,0.11,49.1,ciqual-2025-11-03
ciqual,20330,"Poivron vert, sauté/poêlé",fr,"Sweet pepper, green, sautéed/pan-fried, without added fat","Capsicum annuum fruits, légumes, légumineuses et oléagineux fruits, vegetables, legumes and nuts",100,g,3.53,1.25,0.3,27.3,ciqual-2025-11-03
ciqual,20331,"Potimarron, chair sans peau, bouilli/cuit à l'eau",fr,"Red kuri squash, flesh without skin, boiled/cooked in water","Cucurbita maxima fruits, légumes, légumineuses et oléagineux fruits, vegetables, legumes and nuts",100,g,6.88,1.06,0.3,38.6,ciqual-2025-11-03
ciqual,20332,"Potiron, rôti/cuit au four",fr,"Pumpkin, roasted/baked","Cucurbita maxima fruits, légumes, légumineuses et oléagineux fruits, vegetables, legumes and nuts",100,g,5.66,0.25,0,28.2,ciqual-2025-11-03
ciqual,20333,"Salsifis, bouilli/cuit à l'eau",fr,"Salsify, boiled/cooked in water","Scorzonera hispanica fruits, légumes, légumineuses et oléagineux fruits, vegetables, legumes and nuts",100,g,9.29,2.63,0,56.9,ciqual-2025-11-03
ciqual,20335,"Échalote, sautée/poêlée sans matière grasse",fr,"Shallot, sautéed/pan-fried, without added fat","Allium cepa var. aggregatum fruits, légumes, légumineuses et oléagineux fruits, vegetables, legumes and nuts",100,g,12.3,2,0.4,67.3,ciqual-2025-11-03
ciqual,20336,"Épinard, bouilli/cuit à l'eau",fr,"Spinach, boiled/cooked in water","Spinacia oleracea L. fruits, légumes, légumineuses et oléagineux fruits, vegetables, legumes and nuts",100,g,0,3.38,0.7,26.8,ciqual-2025-11-03
ciqual,20337,"Saucisse végétale au tofu (convient aux véganes ou végétaliens), préemballée",fr,"Plant-based sausage with tofu (vegan), prepacked","viandes, oeufs, poissons meat, egg and fish",100,g,5.69,14.6,16.3,228,ciqual-2025-11-03
ciqual,20338,"Quenelle au tofu (ne convient pas aux véganes ou végétaliens), préemballée",fr,"Plant-based sausage with tofu (not vegan), prepacked","viandes, oeufs, poissons meat, egg and fish",100,g,4.97,12.1,7.2,133,ciqual-2025-11-03
ciqual,20339,"Chou chinois pak choï ou pak choy (feuilles vertes ressemblant à des blettes), cuit",fr,"Chinese cabbage, pak choï ou pak choy, cooked","Brassica rapa L. subsp. Chinensis fruits, légumes, légumineuses et oléagineux fruits, vegetables, legumes and nuts",100,g,0.78,1.56,0.16,12.8,ciqual-2025-11-03
ciqual,2034,"Jus de clémentine ou mandarine, pur jus",fr,"Mandarin or clementine juice, pure juice",eaux et autres boissons beverages,100,g,10.4,0.66,0.14,46.7,ciqual-2025-11-03
ciqual,20340,"Chou chinois pak choï ou pak choy (feuilles vertes ressemblant à des blettes), cru",fr,"Chinese cabbage, pak choï ou pak choy, raw","Brassica rapa L. subsp. Chinensis fruits, légumes, légumineuses et oléagineux fruits, vegetables, legumes and nuts",100,g,1.2,1.5,0.2,14.6,ciqual-2025-11-03
ciqual,20346,"Chou kale, cru",fr,"Kale, raw","Brassica oleracea var. sabellica L. fruits, légumes, légumineuses et oléagineux fruits, vegetables, legumes and nuts",100,g,0.32,2.92,1.49,34.6,ciqual-2025-11-03
ciqual,20347,"Moringa, gousse, cru",fr,"Drumstick or moringa pods, raw","Moringa spp. fruits, légumes, légumineuses et oléagineux fruits, vegetables, legumes and nuts",100,g,5.33,2.1,0.2,,ciqual-2025-11-03
ciqual,20348,"Moringa, feuille, cru",fr,"Drumstick or moringaleaves, raw","Moringa spp. fruits, légumes, légumineuses et oléagineux fruits, vegetables, legumes and nuts",100,g,6.28,9.4,1.4,,ciqual-2025-11-03
ciqual,20349,"Asperge, bouillie/cuite à l'eau (aliment moyen)",fr,"Asparagus, boiled/cooked in water (average)","Asparagus officinalis L. fruits, légumes, légumineuses et oléagineux fruits, vegetables, legumes and nuts",100,g,1.67,1.97,0.3,20.7,ciqual-2025-11-03
ciqual,2035,"Jus multifruit, pur jus, standard",fr,"Multifruit juice, pure juice, standard",eaux et autres boissons beverages,100,g,11.2,0.25,0,46.5,ciqual-2025-11-03
ciqual,20350,"Brocoli, bouilli/cuit à l'eau (aliment moyen)",fr,"Broccoli, boiled/cooked in water (average)","Brassica oleracea L. var. italica Plenck fruits, légumes, légumineuses et oléagineux fruits, vegetables, legumes and nuts",100,g,1.03,2.19,0.5,21.8,ciqual-2025-11-03
ciqual,20351,"Brocoli, cuit (aliment moyen)",fr,"Broccoli, cooked (average)","Brassica oleracea L. var. italica Plenck fruits, légumes, légumineuses et oléagineux fruits, vegetables, legumes and nuts",100,g,1.79,3.17,0.6,30,ciqual-2025-11-03
ciqual,20352,"Carotte, bouillie/cuite à l'eau (aliment moyen)",fr,"Carrot, boiled/cooked in water (average)","Daucus carota L. subsp. Sativus fruits, légumes, légumineuses et oléagineux fruits, vegetables, legumes and nuts",100,g,5.73,0.25,0,29.6,ciqual-2025-11-03
ciqual,20353,"Carotte, cuite (aliment moyen)",fr,"Carrot, cooked (average)","Daucus carota L. subsp. Sativus fruits, légumes, légumineuses et oléagineux fruits, vegetables, legumes and nuts",100,g,6.24,0.37,0.2,33,ciqual-2025-11-03
ciqual,20354,"Céleri branche, cuit (aliment moyen)",fr,"Celery stalk, cooked (average)","Apium graveolens fruits, légumes, légumineuses et oléagineux fruits, vegetables, legumes and nuts",100,g,1.38,0.63,0.15,13.1,ciqual-2025-11-03
ciqual,20355,"Chou rouge, cuit (aliment moyen)",fr,"Red cabbage, cooked (average)","Brassica oleracea L. convar. capitata L. var. rubra fruits, légumes, légumineuses et oléagineux fruits, vegetables, legumes and nuts",100,g,5.13,1.26,0.14,31.8,ciqual-2025-11-03
ciqual,20356,"Fenouil, cuit (aliment moyen)",fr,"Fennel, cooked (average)","Foeniculum vulgare subsp. sativum fruits, légumes, légumineuses et oléagineux fruits, vegetables, legumes and nuts",100,g,1.8,0.36,0,11.8,ciqual-2025-11-03
ciqual,20357,"Potimarron, chair sans peau, cuit (aliment moyen)",fr,"Red kuri squash, flesh without skin, cooked (average)","Cucurbita maxima fruits, légumes, légumineuses et oléagineux fruits, vegetables, legumes and nuts",100,g,6.88,1.06,0.3,38.6,ciqual-2025-11-03
ciqual,20358,"Tomate, chair et peau, cuite (aliment moyen)",fr,"Tomato, flesh and skin, cooked (average)","Solanum lycopersicum L fruits, légumes, légumineuses et oléagineux fruits, vegetables, legumes and nuts",100,g,3.06,0.97,0.21,19.8,ciqual-2025-11-03
ciqual,20359,"Lentille, sèche (aliment moyen)",fr,"Lentil, dried (average)","fruits, légumes, légumineuses et oléagineux fruits, vegetables, legumes and nuts",100,g,44.5,25.1,1.8,327,ciqual-2025-11-03
ciqual,2036,"Jus multifruit, base raisin, standard",fr,"Multifruit juice, grape base, standard",eaux et autres boissons beverages,100,g,13,0.5,0,54.6,ciqual-2025-11-03
ciqual,20360,"Lentille, bouillie/cuite à l'eau (aliment moyen)",fr,"Lentil, boiled/cooked in water (average)","fruits, légumes, légumineuses et oléagineux fruits, vegetables, legumes and nuts",100,g,16.2,10.1,0.57,125,ciqual-2025-11-03
ciqual,2038,"Jus multifruit, base orange, standard",fr,"Multifruit juice, orange base, standard",eaux et autres boissons beverages,100,g,10.4,0.7,0.16,46.8,ciqual-2025-11-03
ciqual,20385,"Tomate sans précision, crue (aliment moyen)",fr,"Tomato, raw (average)","Solanum lycopersicum L. fruits, légumes, légumineuses et oléagineux fruits, vegetables, legumes and nuts",100,g,3.69,0.6,0,19.2,ciqual-2025-11-03
ciqual,2039,"Jus de grenade, frais",fr,"Pomegranate juice, fresh",eaux et autres boissons beverages,100,g,11.6,0.2,0,47.2,ciqual-2025-11-03
ciqual,2040,"Jus de cerise des Antilles ou d'acérola, frais",fr,"Acerola juice, fresh",eaux et autres boissons beverages,100,g,4.5,0.4,0.3,22.9,ciqual-2025-11-03
ciqual,2043,Nectar d'abricot,fr,Apricot nectar,eaux et autres boissons beverages,100,g,13.7,0.21,0.03,58.6,ciqual-2025-11-03
ciqual,2045,Nectar de papaye,fr,Papaya nectar,eaux et autres boissons beverages,100,g,13.9,0.17,0.15,58.9,ciqual-2025-11-03
ciqual,2048,"Jus multifruit, base pomme, standard",fr,"Multifruit juice, apple base, standard",eaux et autres boissons beverages,100,g,12.2,0.33,0,49.9,ciqual-2025-11-03
ciqual,20496,"Légumes pour couscous, surgelés, crus",fr,"Mixed vegetables for couscous, frozen, raw","(Genus and species unknown or multiple) fruits, légumes, légumineuses et oléagineux fruits, vegetables, legumes and nuts",100,g,6.47,1.93,0.63,44.3,ciqual-2025-11-03
ciqual,20497,"Légumes pour couscous, cuits",fr,"Mixed vegetables for couscous, cooked","(Genus and species unknown or multiple) fruits, légumes, légumineuses et oléagineux fruits, vegetables, legumes and nuts",100,g,3.87,1.58,0.42,29.6,ciqual-2025-11-03
ciqual,20498,"Poêlée de légumes assaisonnés aux champignons (""champêtre""), surgelée",fr,"Vegetables with mushrooms, pan-fried or stir-fried, seasonned, country-style, frozen",entrées et plats composés starters and dishes,100,g,4,1.5,0.5,31.5,ciqual-2025-11-03
ciqual,20499,Légume cuit (aliment moyen),fr,"Vegetable, cooked (average)","(Genus and species unknown or multiple) fruits, légumes, légumineuses et oléagineux fruits, vegetables, legumes and nuts",100,g,3.67,1.68,0.3,28.7,ciqual-2025-11-03
ciqual,2050,"Jus multifruit, base pomme, multivitaminé",fr,"Multifruit juice, apple base, multivitamin",eaux et autres boissons beverages,100,g,10.1,0.33,0,41.9,ciqual-2025-11-03
ciqual,20500,"Fève, bouillie/cuite à l'eau",fr,"Broad bean, boiled/cooked in water","fruits, légumes, légumineuses et oléagineux fruits, vegetables, legumes and nuts",100,g,9.35,8.06,0.8,83.3,ciqual-2025-11-03
ciqual,20501,"Haricot blanc, sec",fr,"Haricot bean, dried","fruits, légumes, légumineuses et oléagineux fruits, vegetables, legumes and nuts",100,g,43.9,23.4,0.85,307,ciqual-2025-11-03
ciqual,20502,"Haricot blanc, bouilli/cuit à l'eau",fr,"Haricot bean, boiled/cooked in water","fruits, légumes, légumineuses et oléagineux fruits, vegetables, legumes and nuts",100,g,12,6.75,1.1,112,ciqual-2025-11-03
ciqual,20503,"Haricot rouge, bouilli/cuit à l'eau",fr,"Red kidney bean, boiled/cooked in water","fruits, légumes, légumineuses et oléagineux fruits, vegetables, legumes and nuts",100,g,12.3,9.63,0.6,116,ciqual-2025-11-03
ciqual,20506,"Pois cassé, bouilli/cuit à l'eau",fr,"Split pea, boiled/cooked in water","fruits, légumes, légumineuses et oléagineux fruits, vegetables, legumes and nuts",100,g,16.3,8.6,1.49,129,ciqual-2025-11-03
ciqual,20507,"Pois chiche, bouilli/cuit à l'eau",fr,"Chick pea, boiled/cooked in water","fruits, légumes, légumineuses et oléagineux fruits, vegetables, legumes and nuts",100,g,17.7,8.31,3,148,ciqual-2025-11-03
ciqual,20508,"Haricot flageolet, appertisé, égoutté",fr,"Flageolet bean, canned, drained","fruits, légumes, légumineuses et oléagineux fruits, vegetables, legumes and nuts",100,g,12.2,6.1,0.79,92.9,ciqual-2025-11-03
ciqual,20510,"Lentille, cuisinée, appertisée, égouttée",fr,"Lentil, seasoned, canned, drained","fruits, légumes, légumineuses et oléagineux fruits, vegetables, legumes and nuts",100,g,12.3,6.83,0.64,90.4,ciqual-2025-11-03
ciqual,20511,"Haricot blanc, appertisé, égoutté",fr,"Haricot bean, canned, drained","fruits, légumes, légumineuses et oléagineux fruits, vegetables, legumes and nuts",100,g,10.9,5.88,0.5,85.5,ciqual-2025-11-03
ciqual,20513,"Haricot flageolet, bouilli/cuit à l'eau",fr,"Flageolet bean, boiled/cooked in water","fruits, légumes, légumineuses et oléagineux fruits, vegetables, legumes and nuts",100,g,12,6.75,1.1,112,ciqual-2025-11-03
ciqual,20515,"Pois cassé, sec",fr,"Split pea, dried","fruits, légumes, légumineuses et oléagineux fruits, vegetables, legumes and nuts",100,g,47.5,23.8,1.16,347,ciqual-2025-11-03
ciqual,20516,"Pois chiche, sec",fr,"Chick pea, dried","fruits, légumes, légumineuses et oléagineux fruits, vegetables, legumes and nuts",100,g,47.5,20.5,6.04,350,ciqual-2025-11-03
ciqual,20517,"Fève à écosser, fraîche, crue",fr,"Broad bean, to shell, fresh, raw","fruits, légumes, légumineuses et oléagineux fruits, vegetables, legumes and nuts",100,g,4.2,6.76,0.67,61.5,ciqual-2025-11-03
ciqual,20518,"Fève, sèche",fr,"Broad bean, dried","fruits, légumes, légumineuses et oléagineux fruits, vegetables, legumes and nuts",100,g,33.3,26.1,1.53,301,ciqual-2025-11-03
ciqual,2052,"Jus de fruit(s) et de légume(s), pur jus",fr,"Fruit and vegetable juice, pure juice",eaux et autres boissons beverages,100,g,9.5,0.85,0,42.8,ciqual-2025-11-03
ciqual,20521,"Graine germée de lentille, fraîche, crue",fr,"Lentils seeds, sprouted, fresh, raw","fruits, légumes, légumineuses et oléagineux fruits, vegetables, legumes and nuts",100,g,19,8.96,0.55,123,ciqual-2025-11-03
ciqual,20524,"Haricot rouge, appertisé, égoutté",fr,"Red kidney bean, canned, drained","fruits, légumes, légumineuses et oléagineux fruits, vegetables, legumes and nuts",100,g,13,8.31,0.97,108,ciqual-2025-11-03
ciqual,20525,"Haricot rouge, sec",fr,"Red kidney bean, dried","fruits, légumes, légumineuses et oléagineux fruits, vegetables, legumes and nuts",100,g,46.1,22.5,1.06,314,ciqual-2025-11-03
ciqual,20527,"Pois d'Angole vert, frais, cru",fr,"Pigeon-pea, immature, fresh, raw","fruits, légumes, légumineuses et oléagineux fruits, vegetables, legumes and nuts",100,g,18.8,7.2,1.64,129,ciqual-2025-11-03
ciqual,20529,"Haricot de Lima ou pois savon ou pois du Cap ou pois souche, cru",fr,"Lima bean, raw","fruits, légumes, légumineuses et oléagineux fruits, vegetables, legumes and nuts",100,g,15.3,6.84,0.86,105,ciqual-2025-11-03
ciqual,2053,"Jus de tomate, pur jus (aliment moyen)",fr,"Tomato juice, pure juice (average)",eaux et autres boissons beverages,100,g,3.73,0.88,0.14,21.7,ciqual-2025-11-03
ciqual,20530,"Haricot mungo, sec",fr,"Beans, mung, mature, seeds, dried","fruits, légumes, légumineuses et oléagineux fruits, vegetables, legumes and nuts",100,g,47.6,25.2,1.64,343,ciqual-2025-11-03
ciqual,20531,"Haricot mungo, frais, bouilli/cuit à l'eau",fr,"Mung bean, fresh, boiled/cooked in water","fruits, légumes, légumineuses et oléagineux fruits, vegetables, legumes and nuts",100,g,11.9,7.54,0.55,95.7,ciqual-2025-11-03
ciqual,20532,"Pois chiche, appertisé, égoutté",fr,"Chick pea, canned, drained","fruits, légumes, légumineuses et oléagineux fruits, vegetables, legumes and nuts",100,g,15,6.74,2.68,122,ciqual-2025-11-03
ciqual,20534,"Lupin, graine, sec",fr,"Lupin, seed, dried","fruits, légumes, légumineuses et oléagineux fruits, vegetables, legumes and nuts",100,g,21.5,36.2,9.74,356,ciqual-2025-11-03
ciqual,20535,"Lentille corail, sèche",fr,"Lentil, pink or red, dried","fruits, légumes, légumineuses et oléagineux fruits, vegetables, legumes and nuts",100,g,44.9,27.7,0.8,328,ciqual-2025-11-03
ciqual,20537,"Haricot flageolet, frais, surgelé, cru",fr,"flageolet bean, fresh, frozen, raw","fruits, légumes, légumineuses et oléagineux fruits, vegetables, legumes and nuts",100,g,25.6,9.32,0.52,153,ciqual-2025-11-03
ciqual,20539,"Haricot flageolet, vert, sec",fr,"Flageolet bean, green, dried","fruits, légumes, légumineuses et oléagineux fruits, vegetables, legumes and nuts",100,g,42.1,19.1,2.6,315,ciqual-2025-11-03
ciqual,2054,Nectar de poire,fr,Pear nectar,eaux et autres boissons beverages,100,g,14.8,0.19,0.043,62.5,ciqual-2025-11-03
ciqual,20540,"Haricot flageolet, vert, bouilli/cuit à l'eau",fr,"Flageolet bean, green, boiled/cooked in water","fruits, légumes, légumineuses et oléagineux fruits, vegetables, legumes and nuts",100,g,13,8.5,0.91,115,ciqual-2025-11-03
ciqual,20541,"Fève, pelée, fraîche, surgelée, crue",fr,"Broad bean, peeled, fresh, frozen, raw","fruits, légumes, légumineuses et oléagineux fruits, vegetables, legumes and nuts",100,g,12.2,9.55,0.26,99.3,ciqual-2025-11-03
ciqual,20542,"Fève, pelée, fraîche, surgelée, bouillie/cuite à l'eau",fr,"Broad bean, peeled, fresh, frozen, boiled/cooked in water","fruits, légumes, légumineuses et oléagineux fruits, vegetables, legumes and nuts",100,g,9,6.4,0.5,71.9,ciqual-2025-11-03
ciqual,20543,"Fève, fraîche, surgelée, bouillie/cuite à l'eau",fr,"Broad bean, fresh, frozen, boiled/cooked in water","fruits, légumes, légumineuses et oléagineux fruits, vegetables, legumes and nuts",100,g,7.4,5.6,0,63.6,ciqual-2025-11-03
ciqual,20584,"Tomate grappe, crue",fr,"Tomato, bunch, raw","Solanum lycopersicum L. fruits, légumes, légumineuses et oléagineux fruits, vegetables, legumes and nuts",100,g,3.67,0.5,0,19.8,ciqual-2025-11-03
ciqual,20585,"Lentille verte, sèche",fr,"Lentil, green, dried","fruits, légumes, légumineuses et oléagineux fruits, vegetables, legumes and nuts",100,g,44.5,25.1,1.8,327,ciqual-2025-11-03
ciqual,20586,"Lentille blonde, sèche",fr,"Lentil, blond, dried","fruits, légumes, légumineuses et oléagineux fruits, vegetables, legumes and nuts",100,g,48.3,26.1,1.9,339,ciqual-2025-11-03
ciqual,20587,"Lentille verte, bouillie/cuite à l'eau",fr,"Lentil, green, boiled/cooked in water","fruits, légumes, légumineuses et oléagineux fruits, vegetables, legumes and nuts",100,g,16.2,10.1,0.58,125,ciqual-2025-11-03
ciqual,20588,"Lentille blonde, bouillie/cuite à l'eau",fr,"Lentil, blond, boiled/cooked in water","fruits, légumes, légumineuses et oléagineux fruits, vegetables, legumes and nuts",100,g,16.3,9.7,0.7,122,ciqual-2025-11-03
ciqual,20589,"Lentille corail, bouillie/cuite à l'eau",fr,"Lentil, pink or red, boiled/cooked in water","fruits, légumes, légumineuses et oléagineux fruits, vegetables, legumes and nuts",100,g,15,10.6,0.5,123,ciqual-2025-11-03
ciqual,20590,"Crosne, cuit",fr,"Chinese or Japanese artichokes, cooked","Stachys affinis Bunge fruits, légumes, légumineuses et oléagineux fruits, vegetables, legumes and nuts",100,g,9.11,2.13,0,49,ciqual-2025-11-03
ciqual,20591,"Protéine de soja texturée, réhydratée",fr,"Soy protein, textured, rehydrated",aides culinaires et ingrédients divers miscellaneous,100,g,7.03,20.4,2.9,150,ciqual-2025-11-03
ciqual,2060,"Nectar multifruit, multivitaminé",fr,"Multifruit nectar, multivitamin",eaux et autres boissons beverages,100,g,11.3,0.24,0.1,47.2,ciqual-2025-11-03
ciqual,2061,"Nectar multifruit, standard",fr,"Multifruit nectar, standard",eaux et autres boissons beverages,100,g,11.5,0.3,0.089,49.7,ciqual-2025-11-03
ciqual,2062,"Nectar multifruit, base orange, multivitaminé",fr,"Multifruit nectar, orange base, multivitamin",eaux et autres boissons beverages,100,g,10.3,0.4,0,42.6,ciqual-2025-11-03
ciqual,2063,"Nectar multifruit, base orange, standard",fr,"Multifruit nectar, orange base, standard",eaux et autres boissons beverages,100,g,11.9,0.25,0.1,50.2,ciqual-2025-11-03
ciqual,2064,"Nectar, avec édulcorants, allégé en sucres",fr,"Fruit nectar, with sweetener(s), reduced sugar",eaux et autres boissons beverages,100,g,5.49,0.17,0.037,23.2,ciqual-2025-11-03
ciqual,2069,"Jus multifruit, à base de concentré, standard",fr,"Multifruit juice, from concentrate, standard",eaux et autres boissons beverages,100,g,11.2,0.52,0.15,49.6,ciqual-2025-11-03
ciqual,2070,"Jus d'orange, pur jus",fr,"Orange juice, pure juice",eaux et autres boissons beverages,100,g,9.61,0.61,0.11,45.4,ciqual-2025-11-03
ciqual,20700,"Légume sec, cuit (aliment moyen)",fr,"Legume, cooked (average)","fruits, légumes, légumineuses et oléagineux fruits, vegetables, legumes and nuts",100,g,13.8,8.22,0.78,113,ciqual-2025-11-03
ciqual,2071,"Jus multifruit, à base de concentré, multivitaminé",fr,"Multifruit juice, from concentrate, multivitamin",eaux et autres boissons beverages,100,g,10.8,0.29,0.091,45.5,ciqual-2025-11-03
ciqual,2072,"Jus de fruits, pur jus (aliment moyen)",fr,"Fruit juice, pure juice (average)",eaux et autres boissons beverages,100,g,10.2,0.51,0.11,46.6,ciqual-2025-11-03
ciqual,2073,"Jus d'ananas, pur jus",fr,"Pineapple juice, pure juice",eaux et autres boissons beverages,100,g,12.1,0.41,0.074,52.9,ciqual-2025-11-03
ciqual,2074,"Jus de pomme, pur jus",fr,"Apple juice, pure juice",eaux et autres boissons beverages,100,g,11.4,0.17,0.14,48.9,ciqual-2025-11-03
ciqual,2075,"Jus de légumes, pur jus (aliment moyen)",fr,"Vegetable juice, pure juice (average)",eaux et autres boissons beverages,100,g,4.69,0.72,0.13,24.3,ciqual-2025-11-03
ciqual,2076,Nectar de pomme,fr,Apple nectar,eaux et autres boissons beverages,100,g,10.9,0.14,0.075,44.9,ciqual-2025-11-03
ciqual,2077,"Jus de fruits, à base de concentré (aliment moyen)",fr,"Fruit juice, from concentrate (average)",eaux et autres boissons beverages,100,g,10.4,0.55,0.13,47.6,ciqual-2025-11-03
ciqual,20804,"Chayote ou christophine ou chouchou à peau blanche, chair sans peau, sans noyau, cuite à la vapeur, prélevée à la Martinique",fr,"Chayote, white skin, flesh without skin, pitted, steamed, sampled in the island of La Martinique","Sechium edule fruits, légumes, légumineuses et oléagineux fruits, vegetables, legumes and nuts",100,g,5.93,1.21,0.033,,ciqual-2025-11-03
ciqual,20805,"Chayote ou christophine ou chouchou à peau verte, chair sans peau, sans noyau, cuite à la vapeur, prélevée à la Martinique",fr,"Chayote, green skin, flesh without skin, pitted, steamed, sampled in the island of La Martinique","Sechium edule fruits, légumes, légumineuses et oléagineux fruits, vegetables, legumes and nuts",100,g,4.6,1.23,0.023,,ciqual-2025-11-03
ciqual,20810,"Cresson, feuille, cru, prélevé à la Martinique",fr,"Watercress, leaf, raw, sampled in the island of La Martinique","Nasturtium officinale fruits, légumes, légumineuses et oléagineux fruits, vegetables, legumes and nuts",100,g,0,2.25,0.1,,ciqual-2025-11-03
ciqual,20813,"Fruit à pain, chair sans peau, cuit à la vapeur, prélevé à la Martinique",fr,"Breadfruit, flesh without skin, steamed, sampled in the island of La Martinique","Artocarpus altilis fruits, légumes, légumineuses et oléagineux fruits, vegetables, legumes and nuts",100,g,21,1.29,0.11,,ciqual-2025-11-03
ciqual,20814,"Giraumon (variété locale), chair sans peau, cuit à la vapeur, prélevé à la Martinique",fr,"Pumpkin (local variety), flesh without skin, steamed, sampled in the island of La Martinique","Cucurbita moschata fruits, légumes, légumineuses et oléagineux fruits, vegetables, legumes and nuts",100,g,4.51,1.1,0.097,,ciqual-2025-11-03
ciqual,20817,"Giraumon (variété phoenix), chair sans peau, cuit à la vapeur, prélevé à la Martinique",fr,"Pumpkin (phoenix variety), flesh without skin, steamed, sampled in the island of La Martinique","Cucurbita moschata Phoenix var. fruits, légumes, légumineuses et oléagineux fruits, vegetables, legumes and nuts",100,g,5.62,1.03,0.05,,ciqual-2025-11-03
ciqual,20821,"Gombo, entier, cuit à la vapeur, prélevé à la Martinique",fr,"Okra, whole, canned, steamed, sampled in the island of La Martinique","Abelmoschus esculentus fruits, légumes, légumineuses et oléagineux fruits, vegetables, legumes and nuts",100,g,4.69,1.8,0.3,,ciqual-2025-11-03
ciqual,20822,"Gombo, sans pédoncule, blanchi, surgelé, prélevé à la Martinique",fr,"Okra, flesh without peduncle, blanched, frozen, sampled in the island of La Martinique","Abelmoschus esculentus fruits, légumes, légumineuses et oléagineux fruits, vegetables, legumes and nuts",100,g,5.28,0.24,0.1,,ciqual-2025-11-03
ciqual,20823,"Igname cousse-couche, pulpe, cuit à la vapeur, prélevé à la Martinique",fr,"Yam cousse-couche, pulp, steamed, sampled in the island of La Martinique","fruits, légumes, légumineuses et oléagineux fruits, vegetables, legumes and nuts",100,g,17.9,1.65,0.3,88.9,ciqual-2025-11-03
ciqual,20824,"Igname jaune, pulpe, cuit à la vapeur, prélevé à la Martinique",fr,"Yam yellow, pulp, steamed, sampled in the island of La Martinique","fruits, légumes, légumineuses et oléagineux fruits, vegetables, legumes and nuts",100,g,27.6,2.04,0.37,127,ciqual-2025-11-03
ciqual,20825,"Igname saint martin, pulpe, cuit à la vapeur, prélevé à la Martinique",fr,"Yam St Martin, pulp, steamed, sampled in the island of La Martinique","fruits, légumes, légumineuses et oléagineux fruits, vegetables, legumes and nuts",100,g,18.4,2.25,0.3,93.3,ciqual-2025-11-03
ciqual,20832,"Patate douce, pulpe, cuite à la vapeur, prélevée à la Martinique",fr,"Sweet potatoes, pulp, steamed, sampled in the island of La Martinique","fruits, légumes, légumineuses et oléagineux fruits, vegetables, legumes and nuts",100,g,25.2,1.48,0.067,126,ciqual-2025-11-03
ciqual,20833,"Pois d'Angole, entier, cuit à la vapeur, prélevé à la Martinique",fr,"Pigeon pea, whole, steamed, sampled in the island of La Martinique","fruits, légumes, légumineuses et oléagineux fruits, vegetables, legumes and nuts",100,g,11.1,16.3,0.74,,ciqual-2025-11-03
ciqual,20901,"Soja, graine entière",fr,"Soybean, seed, whole","fruits, légumes, légumineuses et oléagineux fruits, vegetables, legumes and nuts",100,g,20.9,40,19.9,441,ciqual-2025-11-03
ciqual,20903,Isolat de soja,fr,Soy protein,aides culinaires et ingrédients divers miscellaneous,100,g,1.76,88.3,3.39,402,ciqual-2025-11-03
ciqual,20904,"Tofu nature, préemballé",fr,"Tofu, plain, prepacked",aides culinaires et ingrédients divers miscellaneous,100,g,2.87,14.7,8.5,147,ciqual-2025-11-03
ciqual,20906,"Tofu soyeux, préemballé",fr,"Tofu, silky, prepacked",aides culinaires et ingrédients divers miscellaneous,100,g,1.53,5,2.9,54.3,ciqual-2025-11-03
ciqual,20911,"Dessert au soja, aromatisé, sucré, enrichi en calcium, rayon frais",fr,"Soy dessert, flavoured, with sugar(s), fortified with calcium, refrigerated",produits laitiers milk and milk products,100,g,15.3,3.56,1.9,95,ciqual-2025-11-03
ciqual,20912,"Tofu fumé, préemballé",fr,"Tofu, smoked, prepacked",aides culinaires et ingrédients divers miscellaneous,100,g,2.91,16.4,9.5,164,ciqual-2025-11-03
ciqual,20914,Galette ou pavé au soja,fr,Plant-based burger or steak from soybean,entrées et plats composés starters and dishes,100,g,8.5,17,14.7,252,ciqual-2025-11-03
ciqual,20915,Farine de soja complète,fr,"Soya flour, wholegrain",produits céréaliers cereal products,100,g,25.7,37.8,20.7,457,ciqual-2025-11-03
ciqual,20916,Miso,fr,Miso,aides culinaires et ingrédients divers miscellaneous,100,g,18.1,12.8,6.01,188,ciqual-2025-11-03
ciqual,20917,Tempeh,fr,Tempeh,aides culinaires et ingrédients divers miscellaneous,100,g,7.89,17.6,4.7,157,ciqual-2025-11-03
ciqual,20918,Sirop pour fruits appertisés au sirop,fr,Syrup for canned fruits,aides culinaires et ingrédients divers miscellaneous,100,g,17.7,0.25,0,73,ciqual-2025-11-03
ciqual,20919,Sirop léger pour fruits appertisés au sirop,fr,Light syrup for canned fruits,aides culinaires et ingrédients divers miscellaneous,100,g,14.3,0.34,0,58.9,ciqual-2025-11-03
ciqual,20921,"Dessert au soja, aromatisé, sucré, non enrichi, rayon frais",fr,"Soy dessert, flavoured, with sugar(s), not fortified, refrigerated",produits laitiers milk and milk products,100,g,16,3,1.7,93.1,ciqual-2025-11-03
ciqual,20922,"Dessert végétal sans soja (amande, avoine, chanvre, coco, riz), aromatisé, sucré, non enrichi, rayon frais",fr,"Plant-based dessert (almond, oat, hemp, coconut, rice), flavoured, with sugar(s), not fortified, refrigerated",produits laitiers milk and milk products,100,g,15.8,2,8,148,ciqual-2025-11-03
ciqual,20923,"Dessert végétal sans soja (coco, riz), aux fruits, sucré, enrichi en calcium, fermenté, rayon frais",fr,"Plant-based dessert (coconut, rice), with fruits, with sugar(s), fortified with calcium, fermented, refrigerated",produits laitiers milk and milk products,100,g,16,0.25,1,75.1,ciqual-2025-11-03
ciqual,20924,Sirop léger pour poire appertisée,fr,Light syrup for canned pears,aides culinaires et ingrédients divers miscellaneous,100,g,14.6,0.25,0,57.9,ciqual-2025-11-03
ciqual,20925,"Dessert au soja, aromatisé, sucré, enrichi en calcium et vitamine D, rayon frais",fr,"Soy dessert, flavoured, with sugar(s), fortified with calcium and vitamin D, refrigerated",produits laitiers milk and milk products,100,g,15.3,3.25,2.05,95.6,ciqual-2025-11-03
ciqual,20926,"Dessert au soja, aux fruits, sucré, enrichi en calcium et vitamine D, fermenté, rayon frais",fr,"Soy dessert, with fruits, with sugar(s), fortified with calcium and vitamin D, fermented, refrigerated",produits laitiers milk and milk products,100,g,13.8,3.03,1.68,85.1,ciqual-2025-11-03
ciqual,20927,"Dessert végétal sans soja (amande, avoine, chanvre, coco, riz), nature, sans sucres ajoutés, non enrichi, rayon frais",fr,"Plant-based dessert (almond, oat, hemp, coconut, rice), plain, no added  sugars, not fortified, refrigerated",produits laitiers milk and milk products,100,g,6.7,1.45,13,150,ciqual-2025-11-03
ciqual,20928,"Dessert végétal sans soja, rayon frais (aliment moyen)",fr,"Plant-based dessert without soy, refrigerated (average)",produits laitiers milk and milk products,100,g,15.8,2,8,148,ciqual-2025-11-03
ciqual,20929,"Dessert au soja, rayon frais (aliment moyen)",fr,"Soy dessert, refrigerated (average)",produits laitiers milk and milk products,100,g,8.19,3.71,1.8,67.2,ciqual-2025-11-03
ciqual,20982,"Spiruline (algue), fraîche, crue",fr,"Seaweed, Spirulina (spirulina sp.), fresh, raw",Spirulina sp. aides culinaires et ingrédients divers miscellaneous,100,g,2.02,5.92,0.39,36.1,ciqual-2025-11-03
ciqual,20983,"Criste marine, fraîche, crue",fr,"Seaweed, Sea fennel, fresh, raw",Crithmum maritimum aides culinaires et ingrédients divers miscellaneous,100,g,3.43,2.57,0.66,39.4,ciqual-2025-11-03
ciqual,20985,"Laitue de mer (Ulva sp.), séchée ou déshydratée",fr,"Sea lettuce (Ulva sp.), dried or dehydrated",Ulva sp. aides culinaires et ingrédients divers miscellaneous,100,g,13.8,15.7,1.95,203,ciqual-2025-11-03
ciqual,20986,"Kombu royal (Saccharina latissima), séché ou déshydraté",fr,"Sea belt (Saccharina latissima), dried or dehydrated",Saccharina latissima aides culinaires et ingrédients divers miscellaneous,100,g,23.1,9.94,1.39,205,ciqual-2025-11-03
ciqual,20987,"Nori (Porphyra sp., Pyropia), séchée ou déshydratée",fr,"Laver (Porphyra sp.), dried or dehydrated",Porphyra sp. aides culinaires et ingrédients divers miscellaneous,100,g,11.7,30.2,1.77,257,ciqual-2025-11-03
ciqual,20988,"Dulse (Palmaria palmata), séchée ou déshydratée",fr,"Dulse (Palmaria palmata), dried or dehydrated",Palmaria palmata aides culinaires et ingrédients divers miscellaneous,100,g,20.8,16.9,1.35,221,ciqual-2025-11-03
ciqual,20990,"Kombu ou kombu japonais (Saccharina japonica), séché ou déshydraté",fr,"Kombu or Japanese kelp (Saccharina japonica), dried or dehydrated",Saccharina japonica aides culinaires et ingrédients divers miscellaneous,100,g,24.9,7.89,2.56,222,ciqual-2025-11-03
ciqual,20991,"Kombu breton (Laminaria digitata), séché ou déshydraté",fr,"Tangle (Laminaria digitata), dried or dehydrated",Laminaria digitata aides culinaires et ingrédients divers miscellaneous,100,g,22.9,8.89,1.01,211,ciqual-2025-11-03
ciqual,20992,"Haricot de mer (Himanthalia elongata), séchée ou déshydratée",fr,"Sea thong (Himanthalia elongata), dried or dehydrated",Himanthalia elongata aides culinaires et ingrédients divers miscellaneous,100,g,26.4,9.9,2.28,227,ciqual-2025-11-03
ciqual,20993,"Gracilaire ou ogonori (Gracilaria verrucosa), séchée ou déshydratée",fr,"Gracilaria seaweeds (Gracilaria sp.), dried or dehydrated",Gracilaria verrucosa aides culinaires et ingrédients divers miscellaneous,100,g,23.4,17.8,1.75,232,ciqual-2025-11-03
ciqual,20994,"Fucus vésiculeux (Fucus serratus ou Fucus vesiculosus), séché ou déshydraté",fr,"Toothed wrack or bladder wrack (Fucus serratus et vesiculosus), dried or dehydrated",Fucus spp aides culinaires et ingrédients divers miscellaneous,100,g,12.4,9.11,1.71,194,ciqual-2025-11-03
ciqual,20995,"Ao-nori (Ulva sp., ex Enteromorpha sp.), séchée ou déshydratée",fr,"Gut weed (Ulva sp.), dried or dehydrated",Ulva sp. aides culinaires et ingrédients divers miscellaneous,100,g,19.5,13.6,2.5,225,ciqual-2025-11-03
ciqual,20996,"Lichen de mer ou pioca ou goémon rouge (Chondrus crispus), séché ou déshydraté",fr,"Carragheen mosses (Chondrus crispus), dried or dehydrated",Chondrus crispus aides culinaires et ingrédients divers miscellaneous,100,g,15,16.7,1.95,215,ciqual-2025-11-03
ciqual,20997,"Chlorelle (chlorella), séchée ou déshydratée",fr,"Chlorella, dried or dehydrated",Chlorella aides culinaires et ingrédients divers miscellaneous,100,g,30.9,48.5,11.4,,ciqual-2025-11-03
ciqual,20998,"Ascophylle noueux ou goémon noir (Ascophyllum nodosum), séché ou déshydraté",fr,"North Atlantic rockweed (Ascophyllum nodosum), dried or dehydrated",Ascophyllum nodosum aides culinaires et ingrédients divers miscellaneous,100,g,16.3,7.4,2.7,206,ciqual-2025-11-03
ciqual,20999,"Wakamé atlantique (Alaria esculenta), séché ou déshydraté",fr,"Atlantic wakame (Alaria esculenta), dried or dehydrated",Alaria esculenta aides culinaires et ingrédients divers miscellaneous,100,g,13.3,12.2,1.5,201,ciqual-2025-11-03
ciqual,21001,"Mouton, viande crue",fr,"Mutton, meat, raw","viandes, oeufs, poissons meat, egg and fish",100,g,0,20.6,6.11,137,ciqual-2025-11-03
ciqual,21003,"Mouton, épaule crue",fr,"Mutton, shoulder, raw","viandes, oeufs, poissons meat, egg and fish",100,g,0.1,17.3,17.6,228,ciqual-2025-11-03
ciqual,21004,"Mouton, pied cru",fr,"Sheep, foot, raw","viandes, oeufs, poissons meat, egg and fish",100,g,0,18.1,14.6,204,ciqual-2025-11-03
ciqual,21005,"Mouton, tête crue",fr,"Sheep, head, raw","viandes, oeufs, poissons meat, egg and fish",100,g,0,18.1,14.6,204,ciqual-2025-11-03
ciqual,21006,"Mouton, gigot cru",fr,"Mutton, leg, raw","viandes, oeufs, poissons meat, egg and fish",100,g,0,18,17,225,ciqual-2025-11-03
ciqual,21500,"Agneau, côtelette crue",fr,"Lamb, cutlet, raw","viandes, oeufs, poissons meat, egg and fish",100,g,0,15.4,30.1,333,ciqual-2025-11-03
ciqual,21501,"Agneau, côtelette grillée/poêlée",fr,"Lamb cutlet, grilled/pan-fried","viandes, oeufs, poissons meat, egg and fish",100,g,0,25.7,15.2,240,ciqual-2025-11-03
ciqual,21502,"Agneau, gigot cru",fr,"Lamb, leg, raw","viandes, oeufs, poissons meat, egg and fish",100,g,0.48,20,5.13,128,ciqual-2025-11-03
ciqual,21503,"Agneau, gigot rôti/cuit au four",fr,"Lamb, leg, roasted/baked","viandes, oeufs, poissons meat, egg and fish",100,g,0,26.8,6.85,169,ciqual-2025-11-03
ciqual,21504,"Agneau, épaule crue",fr,"Lamb, shoulder, raw","viandes, oeufs, poissons meat, egg and fish",100,g,0.45,18.3,10.6,170,ciqual-2025-11-03
ciqual,21505,"Agneau, épaule maigre crue",fr,"Lamb, shoulder, lean, raw","viandes, oeufs, poissons meat, egg and fish",100,g,0,19.6,6.76,139,ciqual-2025-11-03
ciqual,21506,"Agneau, épaule rôtie/cuite au four",fr,"Lamb, shoulder, roasted/baked","viandes, oeufs, poissons meat, egg and fish",100,g,0,30.5,14.5,252,ciqual-2025-11-03
ciqual,21507,"Agneau, épaule maigre rôtie/cuite au four",fr,"Lamb, shoulder, lean, roasted/baked","viandes, oeufs, poissons meat, egg and fish",100,g,0,24.9,10.8,197,ciqual-2025-11-03
ciqual,21508,"Agneau, collier braisé ou bouilli",fr,"Lamb, neck, braised or boiled","viandes, oeufs, poissons meat, egg and fish",100,g,0,33.6,25.6,365,ciqual-2025-11-03
ciqual,21509,"Agneau, côte filet grillée/poêlée",fr,"Lamb, chop fillet, grilled/pan-fried","viandes, oeufs, poissons meat, egg and fish",100,g,0,26.3,5.78,157,ciqual-2025-11-03
ciqual,21512,"Agneau, côte première grillée/poêlée",fr,"Lamb, rib chop, grilled/pan-fried","viandes, oeufs, poissons meat, egg and fish",100,g,0,26.1,9.01,185,ciqual-2025-11-03
ciqual,21513,"Agneau, selle, partie maigre rôtie/cuite au four",fr,"Lamb, saddle, lean, roasted/baked","viandes, oeufs, poissons meat, egg and fish",100,g,0,26.1,5.45,153,ciqual-2025-11-03
ciqual,21514,"Agneau, collier cru",fr,"Lamb, neck, raw","viandes, oeufs, poissons meat, egg and fish",100,g,0,18,13.7,195,ciqual-2025-11-03
ciqual,21515,"Agneau, selle crue",fr,"Lamb, saddle, raw","viandes, oeufs, poissons meat, egg and fish",100,g,0,17.5,18.4,236,ciqual-2025-11-03
ciqual,21516,"Agneau, côte filet crue",fr,"Lamb, chop fillet, raw","viandes, oeufs, poissons meat, egg and fish",100,g,0,17.6,18,232,ciqual-2025-11-03
ciqual,21517,"Agneau, côte première crue",fr,"Lamb, rib chop, raw","viandes, oeufs, poissons meat, egg and fish",100,g,0,16.9,23.1,276,ciqual-2025-11-03
ciqual,21518,"Agneau, gigot grillé/poêlé",fr,"Lamb, leg, grilled/pan-fried","viandes, oeufs, poissons meat, egg and fish",100,g,0,27.6,7.08,174,ciqual-2025-11-03
ciqual,21519,"Agneau, gigot braisé",fr,"Lamb, leg, braised","viandes, oeufs, poissons meat, egg and fish",100,g,0,35.2,9.03,222,ciqual-2025-11-03
ciqual,21520,"Agneau, selle, partie maigre grillée/poêlée",fr,"Lamb, saddle, lean, grilled/pan-fried","viandes, oeufs, poissons meat, egg and fish",100,g,0,26.1,5.45,153,ciqual-2025-11-03
ciqual,21521,"Agneau, côte ou côtelette, crue (aliment moyen)",fr,"Lamb, chop, raw (average)","viandes, oeufs, poissons meat, egg and fish",100,g,0.35,16.6,21.5,262,ciqual-2025-11-03
ciqual,21522,"Agneau, côte ou côtelette, cuite (aliment moyen)",fr,"Lamb, chop, cooked (average)","viandes, oeufs, poissons meat, egg and fish",100,g,0,26.3,5.78,157,ciqual-2025-11-03
ciqual,21523,"Agneau, viande, cuite (aliment moyen)",fr,"Lamb, meat, cooked (average)","viandes, oeufs, poissons meat, egg and fish",100,g,0,28.5,8.78,193,ciqual-2025-11-03
ciqual,21524,"Agneau, côte ou côtelette, grillée/poêlée (aliment moyen)",fr,"Lamb, chop, grilled/pan-fried (average)","viandes, oeufs, poissons meat, egg and fish",100,g,0,26.3,5.78,157,ciqual-2025-11-03
ciqual,21525,"Agneau, côte découverte crue",fr,"Lamb, spare rib, raw","viandes, oeufs, poissons meat, egg and fish",100,g,1.38,16.3,15,205,ciqual-2025-11-03
ciqual,21800,"Chevreau, viande crue",fr,"Kid meat, raw","viandes, oeufs, poissons meat, egg and fish",100,g,0,20.6,2.31,103,ciqual-2025-11-03
ciqual,21801,"Chevreau, viande cuite",fr,"Kid meat, cooked","viandes, oeufs, poissons meat, egg and fish",100,g,0,27.1,3.03,136,ciqual-2025-11-03
ciqual,22000,Oeuf cru,fr,"Egg, raw","viandes, oeufs, poissons meat, egg and fish",100,g,0.06,12.8,9.83,140,ciqual-2025-11-03
ciqual,22001,"Oeuf, blanc (blanc d'oeuf), cru",fr,"Egg white, raw","viandes, oeufs, poissons meat, egg and fish",100,g,0.73,10.9,0.17,48.1,ciqual-2025-11-03
ciqual,22002,"Oeuf, jaune (jaune d'oeuf), cru",fr,"Egg yolk, raw","viandes, oeufs, poissons meat, egg and fish",100,g,1.09,15.5,26.7,307,ciqual-2025-11-03
ciqual,22003,"Oeuf, jaune (jaune d'oeuf), en poudre",fr,"Egg yolk, powder","viandes, oeufs, poissons meat, egg and fish",100,g,2.11,33.7,58.1,667,ciqual-2025-11-03
ciqual,22004,"Oeuf, blanc (blanc d'oeuf), en poudre",fr,"Egg white, powder","viandes, oeufs, poissons meat, egg and fish",100,g,7.8,81.1,0,356,ciqual-2025-11-03
ciqual,22008,"Oeuf, blanc (blanc d'oeuf), cuit",fr,"Egg white, cooked","viandes, oeufs, poissons meat, egg and fish",100,g,1.12,10.3,0.17,47.3,ciqual-2025-11-03
ciqual,22009,"Oeuf, jaune (jaune d'oeuf), cuit",fr,"Egg yolk, cooked","viandes, oeufs, poissons meat, egg and fish",100,g,1.31,16,30.1,340,ciqual-2025-11-03
ciqual,22010,Oeuf dur,fr,"Egg, hard-boiled","viandes, oeufs, poissons meat, egg and fish",100,g,0.52,13.5,8.62,134,ciqual-2025-11-03
ciqual,22011,Oeuf poché,fr,"Egg, poached","viandes, oeufs, poissons meat, egg and fish",100,g,0.89,12.5,9.47,139,ciqual-2025-11-03
ciqual,22013,"Oeuf, en poudre",fr,"Egg, powder","viandes, oeufs, poissons meat, egg and fish",100,g,1.52,48.4,43,587,ciqual-2025-11-03
ciqual,22014,Oeuf à la coque,fr,"Egg, soft-boiled","viandes, oeufs, poissons meat, egg and fish",100,g,1.08,12.2,9.82,142,ciqual-2025-11-03
ciqual,22050,"Oeuf de caille, cru",fr,"Quail egg, raw","viandes, oeufs, poissons meat, egg and fish",100,g,0.41,13.1,11.1,154,ciqual-2025-11-03
ciqual,22060,"Oeuf de cane, cru",fr,"Duck egg, raw","viandes, oeufs, poissons meat, egg and fish",100,g,1.45,12.8,13.8,181,ciqual-2025-11-03
ciqual,22070,"Oeuf d'oie, cru",fr,"Goose egg, raw","viandes, oeufs, poissons meat, egg and fish",100,g,1.35,13.9,13.3,180,ciqual-2025-11-03
ciqual,22080,"Oeuf de dinde, cru",fr,"Turkey egg, raw","viandes, oeufs, poissons meat, egg and fish",100,g,1.13,13.7,11.9,166,ciqual-2025-11-03
ciqual,22500,"Omelette nature, faite maison",fr,"Omelette, plain, homemade","viandes, oeufs, poissons meat, egg and fish",100,g,0.9,13.8,15.3,196,ciqual-2025-11-03
ciqual,22502,"Oeuf brouillé, avec matière grasse",fr,"Egg, scrambled, with added fat","viandes, oeufs, poissons meat, egg and fish",100,g,0.44,11.9,13,167,ciqual-2025-11-03
ciqual,22505,"Oeuf au plat, sans matière grasse",fr,"Egg, fried, without added fat","viandes, oeufs, poissons meat, egg and fish",100,g,1.4,14.6,10.4,157,ciqual-2025-11-03
ciqual,22506,"Omelette au fromage, faite maison",fr,"Omelette with cheese, homemade","viandes, oeufs, poissons meat, egg and fish",100,g,2.56,17.7,19.3,255,ciqual-2025-11-03
ciqual,22507,"Omelette aux lardons, faite maison",fr,"Omelette with lardoons, homemade","viandes, oeufs, poissons meat, egg and fish",100,g,1.46,12.5,23.5,267,ciqual-2025-11-03
ciqual,22508,"Omelette aux champignons, faite maison",fr,"Omelette with mushrooms, homemade","viandes, oeufs, poissons meat, egg and fish",100,g,2.28,8.09,9.2,125,ciqual-2025-11-03
ciqual,22509,"Omelette à la ciboulette, faite maison",fr,"Omelette with herbs, homemade","viandes, oeufs, poissons meat, egg and fish",100,g,1.98,9.5,11.2,147,ciqual-2025-11-03
ciqual,22510,"Tortilla espagnole aux oignons (omelette aux pommes de terre et oignons), préemballée",fr,"Spanish-style tortilla with onions (omelette with potatoes and onions), prepacked","viandes, oeufs, poissons meat, egg and fish",100,g,11.7,5.56,9.9,165,ciqual-2025-11-03
ciqual,22511,"Omelette, garnitures diverses : légumes, fromages, viandes... (aliment moyen)",fr,"Omelette with vegetables, cheese or meat (average)","viandes, oeufs, poissons meat, egg and fish",100,g,4.83,9.61,13.2,179,ciqual-2025-11-03
ciqual,23000,Gâteau (aliment moyen),fr,Cake (average),produits sucrés sugar and confectionery,100,g,51.8,5.49,19.6,410,ciqual-2025-11-03
ciqual,23001,"Cheesecake, préemballé",fr,"Cheesecake, prepacked",produits sucrés sugar and confectionery,100,g,34.1,5.44,19.7,337,ciqual-2025-11-03
ciqual,23005,Gâteau Paris-Brest (pâte à choux crème mousseline praliné),fr,Chou pastry with praline flavoured custard,produits sucrés sugar and confectionery,100,g,29.1,5.42,20.5,327,ciqual-2025-11-03
ciqual,23006,"Forêt noire, pâtisserie type génoise au chocolat et crème multi-couches, avec ou sans cerises",fr,"Sponge cake with chocolate with or without cherry ""black forest cake""",produits sucrés sugar and confectionery,100,g,39.1,3.66,14.8,317,ciqual-2025-11-03
ciqual,23007,"Gâteau mousse de fruits sur génoise, type miroir, bavarois",fr,Sponge cake with fruit mousse,produits sucrés sugar and confectionery,100,g,30.8,2.79,14.5,265,ciqual-2025-11-03
ciqual,23008,Entremets type Opéra,fr,"Dessert, Opera cake type",produits sucrés sugar and confectionery,100,g,37.6,5.19,24,392,ciqual-2025-11-03
ciqual,23009,Fraisier ou framboisier,fr,Sponge sandwich cake filled and topped with strawberries or raspberries,produits sucrés sugar and confectionery,100,g,25,2.6,12,221,ciqual-2025-11-03
ciqual,23021,"Baba au rhum, artisanal",fr,"Rum baba, from bakery",produits sucrés sugar and confectionery,100,g,36.3,2.25,9.9,,ciqual-2025-11-03
ciqual,23022,Canelé,fr,Canelé cake,produits sucrés sugar and confectionery,100,g,61,4.9,3.2,298,ciqual-2025-11-03
ciqual,23023,"Kouign amann, préemballé",fr,"Kouign amann, Buttered and caramelized milkbread cake, prepacked",produits sucrés sugar and confectionery,100,g,53.2,3.64,28.8,489,ciqual-2025-11-03
ciqual,23024,Macaron moelleux fourré à la confiture ou à la crème,fr,Macaroon filled with jam or cream,produits sucrés sugar and confectionery,100,g,56.5,11,19,448,ciqual-2025-11-03
ciqual,23027,Macaron sec,fr,"Macaroon, biscuit, dry",produits sucrés sugar and confectionery,100,g,77.7,6.9,10.2,436,ciqual-2025-11-03
ciqual,23030,Bûche de Noël pâtissière,fr,Christmas log cake,produits sucrés sugar and confectionery,100,g,39.8,4.25,20.4,363,ciqual-2025-11-03
ciqual,23031,"Brownie au chocolat et aux fruits à coques, préemballé",fr,"Brownie (chocolate cake), with nuts, prepacked",produits sucrés sugar and confectionery,100,g,45.9,6.58,27.7,466,ciqual-2025-11-03
ciqual,23032,"Brownie au chocolat, préemballé",fr,"Brownie (chocolate cake), prepacked",produits sucrés sugar and confectionery,100,g,50.6,5.94,25.4,458,ciqual-2025-11-03
ciqual,23033,"Rocher coco ou congolais (petit gâteau à la noix de coco), préemballé",fr,"Rock-shaped coconut cake, prepacked",produits sucrés sugar and confectionery,100,g,56.1,3.98,23,459,ciqual-2025-11-03
ciqual,23050,Biscuit de Savoie,fr,Savoy-style sponge cake,produits sucrés sugar and confectionery,100,g,56.3,6.05,0.8,260,ciqual-2025-11-03
ciqual,23080,"Quatre-quarts (beurre, oeufs, sucre, farine), artisanal",fr,"Butter pound cake, traditional",produits sucrés sugar and confectionery,100,g,46,5.94,25.6,440,ciqual-2025-11-03
ciqual,23081,"Quatre-quarts (beurre, oeufs, sucre, farine), préemballé",fr,"Butter pound cake, prepacked",produits sucrés sugar and confectionery,100,g,48.2,5.94,23.9,434,ciqual-2025-11-03
ciqual,23082,"Barre pâtissière, préemballée",fr,"Pound cake, prepacked",produits sucrés sugar and confectionery,100,g,54.7,5.38,14.9,378,ciqual-2025-11-03
ciqual,23103,"Gâteau moelleux au citron, préemballé",fr,"Soft cake, with lemon, prepacked",produits sucrés sugar and confectionery,100,g,49.6,6.81,20.4,411,ciqual-2025-11-03
ciqual,23120,"Gâteau breton fourré à la crème de pruneaux, préemballé",fr,"Breton pudding cake with prunes filling, prepacked",produits sucrés sugar and confectionery,100,g,59.3,5.17,21.3,453,ciqual-2025-11-03
ciqual,23121,Far breton aux pruneaux,fr,Breton pudding cake with prunes,produits sucrés sugar and confectionery,100,g,32,5.13,8,229,ciqual-2025-11-03
ciqual,23122,"Kouign Amann, artisanal",fr,"Kouign amann, Buttered and caramelized milkbread cake, from bakery",produits sucrés sugar and confectionery,100,g,48.7,5.81,25.1,449,ciqual-2025-11-03
ciqual,23200,"Pain d'épices, préemballé",fr,"Gingerbread, prepacked",produits sucrés sugar and confectionery,100,g,71.8,3.14,1.15,318,ciqual-2025-11-03
ciqual,23220,"Pain d'épices fourré aux fruits ou nonnette, préemballé",fr,"Gingerbread with filling, prepacked",produits sucrés sugar and confectionery,100,g,75,3.85,2.15,338,ciqual-2025-11-03
ciqual,23300,Baklava ou baklawa (pâtisserie orientale aux amandes et sirop),fr,Baklava (oriental pastry with almonds and syrup),produits sucrés sugar and confectionery,100,g,49.2,10.4,24.5,459,ciqual-2025-11-03
ciqual,23301,Corne de gazelle (pâtisserie orientale aux amandes en forme de croissant recouverte de sucre glace),fr,"Gazelle horn (oriental pastry with almonds, crescent shaped and covered with icing sugar)",produits sucrés sugar and confectionery,100,g,60.2,8.55,22.1,474,ciqual-2025-11-03
ciqual,23399,"Pâte brisée, préemballée, cuite (aliment moyen)",fr,"Short crust pastry, prepacked, cooked (average)",produits céréaliers cereal products,100,g,46.4,8.19,26.4,473,ciqual-2025-11-03
ciqual,23402,"Pâte à pizza fine, préemballée, crue",fr,"Thin-crust pizza dough, prepacked, raw",produits céréaliers cereal products,100,g,47.4,8.3,6.6,285,ciqual-2025-11-03
ciqual,23410,"Pâte brisée, matière grasse végétale, préemballée, crue",fr,"Short crust pastry, with vegetal fat, prepacked, raw",produits céréaliers cereal products,100,g,42.7,5.67,21.7,392,ciqual-2025-11-03
ciqual,23412,"Pâte brisée, matière grasse végétale, préemballée, cuite",fr,"Short crust pastry, with vegetal fat, prepacked, cooked",produits céréaliers cereal products,100,g,46.4,8.19,26.4,473,ciqual-2025-11-03
ciqual,23414,"Pâte brisée, pur beurre, préemballée, crue",fr,"Short crust pastry, pure butter, prepacked, raw",produits céréaliers cereal products,100,g,45,6.5,20,390,ciqual-2025-11-03
ciqual,23415,"Pâte brisée, pur beurre, surgelée, préemballée, crue",fr,"Short crust pastry, pure butter, frozen, prepacked, raw",produits céréaliers cereal products,100,g,43.3,6.2,20.7,387,ciqual-2025-11-03
ciqual,23416,"Pâte brisée, pur beurre, préemballée, cuite",fr,"Short crust pastryt, pure butter, prepacked, cooked",produits céréaliers cereal products,100,g,61.1,8.31,23.9,497,ciqual-2025-11-03
ciqual,23420,"Pâte feuilletée, matière grasse végétale, crue",fr,"Puff pastry, with vegetal fat, prepacked, raw",produits céréaliers cereal products,100,g,41,6.3,21.4,385,ciqual-2025-11-03
ciqual,23424,"Pâte feuilletée, pur beurre, préemballée, crue",fr,"Puff pastry, pure butter, prepacked, raw",produits céréaliers cereal products,100,g,40,6,20,370,ciqual-2025-11-03
ciqual,23425,"Pâte feuilletée, pur beurre, surgelée, préemballée, crue",fr,"Puff pastry, pure butter, frozen, prepacked, raw",produits céréaliers cereal products,100,g,35.3,5.47,25.8,398,ciqual-2025-11-03
ciqual,23426,"Pâte feuilletée, pur beurre, préemballée, cuite",fr,"Puff pastry, pure butter, prepacked, cooked",produits céréaliers cereal products,100,g,42,6.28,40.5,560,ciqual-2025-11-03
ciqual,23430,"Feuille de brick ou khatfa, préemballée, cuite à sec sans matière grasse",fr,"Khatfa (phyllo or filo pastry sheets), prepacked, dry cooked, without fat",produits céréaliers cereal products,100,g,57.1,6.75,1.76,277,ciqual-2025-11-03
ciqual,23440,"Pâte sablée, préemballée, crue",fr,"Shortbread dough, prepacked, raw",produits céréaliers cereal products,100,g,50,5.31,21.8,419,ciqual-2025-11-03
ciqual,23442,"Pâte sablée, préemballée, cuite",fr,"Shortbread dough, prepacked, cooked",produits céréaliers cereal products,100,g,64.3,5.7,24.6,504,ciqual-2025-11-03
ciqual,23444,"Pâte sablée, pur beurre, préemballée, crue",fr,"Shortbread dough, pure butter, prepacked, raw",produits céréaliers cereal products,100,g,53.6,5.95,15.8,383,ciqual-2025-11-03
ciqual,23445,"Pâte phyllo ou pâte filo, crue",fr,"Phyllo or filo dough, raw",produits céréaliers cereal products,100,g,50.7,7.1,6,289,ciqual-2025-11-03
ciqual,23446,"Pâte sablée, pur beurre, surgelée, préemballée, crue",fr,"Shortbread dough, pure butter, frozen, prepacked, raw",produits céréaliers cereal products,100,g,60.9,4.9,17.5,423,ciqual-2025-11-03
ciqual,23448,"Pâte sablée, pur beurre, préemballée, cuite",fr,"Shortbread dough, pure butter, prepacked, cooked",produits céréaliers cereal products,100,g,63,6.2,20.9,469,ciqual-2025-11-03
ciqual,23455,"Chou à la crème, sans précision (chantilly ou pâtissière)",fr,Chou pastry filled cream (whipped or custard),produits sucrés sugar and confectionery,100,g,25.1,4.5,22.9,325,ciqual-2025-11-03
ciqual,23456,"Chou à la crème chantilly, Saint-honoré",fr,Chou pastry filled with whipped cream,produits sucrés sugar and confectionery,100,g,22.9,4.63,25,337,ciqual-2025-11-03
ciqual,23457,Chou à la crème pâtissière,fr,Chou pastry filled with custard cream,produits sucrés sugar and confectionery,100,g,34.9,4.31,7.3,225,ciqual-2025-11-03
ciqual,23467,Chouquette,fr,"Chou pastry, sugar coated",produits sucrés sugar and confectionery,100,g,40.6,9.13,22.9,408,ciqual-2025-11-03
ciqual,23472,Profiterole avec glace vanille et sauce chocolat,fr,"Profiteroles (chou pastry), with vanilla ice cream and chocolate sauce",glaces et sorbets ice cream and sorbet,100,g,31.4,5.38,14.9,286,ciqual-2025-11-03
ciqual,23474,"Profiteroles (crème pâtissière et sauce chocolat), rayon frais",fr,"Profiteroles (chou pastry) with custard and chocolate sauce, refrigerated",produits laitiers milk and milk products,100,g,31.1,5.06,11.4,251,ciqual-2025-11-03
ciqual,23477,Éclair,fr,Eclair,produits sucrés sugar and confectionery,100,g,31.6,5.78,11.8,264,ciqual-2025-11-03
ciqual,23479,Tarte aux fruits et crème pâtissière,fr,Fruit pie with custard cream,produits sucrés sugar and confectionery,100,g,30,2.94,7.7,205,ciqual-2025-11-03
ciqual,23480,Chausson aux pommes,fr,Apple turnover,produits sucrés sugar and confectionery,100,g,42.2,4.17,18.7,360,ciqual-2025-11-03
ciqual,23481,"Tarte normande aux pommes (garniture farine, oeufs, crème, sucre, calvados), artisanale",fr,"Apple pie with custard (flour, eggs, cream, sugar, apple alcohol), from bakery",produits sucrés sugar and confectionery,100,g,38.7,4.44,15,313,ciqual-2025-11-03
ciqual,23485,Tarte au citron,fr,Lemon tart,produits sucrés sugar and confectionery,100,g,43.1,5.56,13.6,319,ciqual-2025-11-03
ciqual,23490,Tarte ou tartelette aux pommes,fr,Apple tart,produits sucrés sugar and confectionery,100,g,32.7,2.52,8.79,227,ciqual-2025-11-03
ciqual,23491,"Tarte aux fraises, artisanale",fr,"Strawberries tart, from bakery",produits sucrés sugar and confectionery,100,g,31,3.19,19.8,318,ciqual-2025-11-03
ciqual,23493,"Crumble aux pommes, préemballé",fr,"Apple crumble, prepacked",produits sucrés sugar and confectionery,100,g,35.4,1.71,8.17,226,ciqual-2025-11-03
ciqual,23494,Tarte aux abricots,fr,Apricots tart,produits sucrés sugar and confectionery,100,g,41,3.18,10.7,285,ciqual-2025-11-03
ciqual,23495,Tarte aux fruits rouges,fr,Red berries tart,produits sucrés sugar and confectionery,100,g,36.5,3.5,6.87,231,ciqual-2025-11-03
ciqual,23496,Tarte tatin aux pommes,fr,Tatin tart (caramelized upside-down apple tart),produits sucrés sugar and confectionery,100,g,38.1,1.76,9.25,245,ciqual-2025-11-03
ciqual,23497,"Tarte au chocolat, fabrication artisanale",fr,"Chocolate tart, from bakery",produits sucrés sugar and confectionery,100,g,40.9,5.94,30.7,469,ciqual-2025-11-03
ciqual,23498,Tarte ou tartelette aux fruits (aliment moyen),fr,Fruit tart (average),produits sucrés sugar and confectionery,100,g,34.1,3.18,9.99,245,ciqual-2025-11-03
ciqual,23525,Flan pâtissier aux oeufs ou à la parisienne,fr,Flan tart with eggs,produits sucrés sugar and confectionery,100,g,33.2,3.89,6.85,211,ciqual-2025-11-03
ciqual,23531,Charlotte aux fruits,fr,Fruit charlotte,produits sucrés sugar and confectionery,100,g,28.2,5.16,6.64,200,ciqual-2025-11-03
ciqual,23534,"Gâteau de semoule aux raisins et caramel, rayon frais",fr,"Semolina pudding with raisins and caramel sauce, refrigerated",produits laitiers milk and milk products,100,g,24.5,3.79,3.57,146,ciqual-2025-11-03
ciqual,23536,"Gâteau de riz au caramel, rayon frais",fr,"Rice pudding with caramel sauce, refrigerated",produits laitiers milk and milk products,100,g,25.4,3.3,3.17,144,ciqual-2025-11-03
ciqual,23540,Gâteau moka ou gâteau au café,fr,Moka cake,produits sucrés sugar and confectionery,100,g,23,4.1,30.8,386,ciqual-2025-11-03
ciqual,23585,"Gâteau au chocolat, préemballé",fr,"Chocolate cake, prepacked",produits sucrés sugar and confectionery,100,g,51,5.88,24,445,ciqual-2025-11-03
ciqual,23586,"Gâteau au chocolat type fondant ou mi-cuit, préemballé",fr,"Chocolate soft cake, prepacked",produits sucrés sugar and confectionery,100,g,43,6,29.7,467,ciqual-2025-11-03
ciqual,23588,"Gâteau ou cake au yaourt, préemballé",fr,"Yogurt cake, prepacked",produits sucrés sugar and confectionery,100,g,52,5.88,19.1,409,ciqual-2025-11-03
ciqual,23594,"Gâteau moelleux nature type génoise, préemballé",fr,"Soft cake, plain, sponge cake type, prepacked",produits sucrés sugar and confectionery,100,g,57.6,6.7,13.2,378,ciqual-2025-11-03
ciqual,2365,Nectar de fruit de la passion ou maracuja,fr,Passion fruit nectar,eaux et autres boissons beverages,100,g,15.2,0.3,0.1,68,ciqual-2025-11-03
ciqual,2366,Nectar de banane,fr,Banana nectar,eaux et autres boissons beverages,100,g,12.8,0.23,0.048,53.8,ciqual-2025-11-03
ciqual,2367,Nectar de goyave,fr,Guava nectar,eaux et autres boissons beverages,100,g,10.9,0.14,0.23,48,ciqual-2025-11-03
ciqual,23680,"Galette des rois feuilletée, fourrée à la pomme",fr,Twelfth Night cake (puff pastry filled with applesauce),produits sucrés sugar and confectionery,100,g,29.1,3.4,17.2,289,ciqual-2025-11-03
ciqual,23684,"Galette des rois feuilletée, fourrée frangipane, et Pithiviers",fr,Twelfth Night cake (puff pastry filled with almond paste),produits sucrés sugar and confectionery,100,g,33.4,7.6,30,438,ciqual-2025-11-03
ciqual,2370,Nectar de mangue,fr,Mango nectar,eaux et autres boissons beverages,100,g,11.3,0.21,0.08,52.1,ciqual-2025-11-03
ciqual,2371,Nectar de pêche,fr,Peach nectar,eaux et autres boissons beverages,100,g,12.1,0.22,0.05,50.3,ciqual-2025-11-03
ciqual,2374,Nectar d'ananas,fr,Pineapple nectar,eaux et autres boissons beverages,100,g,13,0.1,0,52.4,ciqual-2025-11-03
ciqual,2375,Nectar d'orange,fr,Orange nectar,eaux et autres boissons beverages,100,g,9.19,0.32,0.086,41.6,ciqual-2025-11-03
ciqual,2377,"Jus d'orange sanguine, pur jus",fr,"Blood orange juice, pure juice",eaux et autres boissons beverages,100,g,10.2,0.63,0.1,45.6,ciqual-2025-11-03
ciqual,23799,"Crêpe, nature, préemballée, rayon frais",fr,"Crepe, plain, prepacked, refrigerated",produits sucrés sugar and confectionery,100,g,41.6,6.31,6.8,257,ciqual-2025-11-03
ciqual,23800,"Crêpe, nature, préemballée, rayon température ambiante",fr,"Crepe, plain, prepacked, room temperature",produits sucrés sugar and confectionery,100,g,59.9,7.65,12.8,389,ciqual-2025-11-03
ciqual,23801,"Galette de sarrasin, nature, souple (à garnir) préemballée",fr,"Buckwheat crepe, plain,  to be filled, prepacked",produits sucrés sugar and confectionery,100,g,30.5,5.83,1.74,161,ciqual-2025-11-03
ciqual,23802,Gâteau basque à la crème pâtissière,fr,"Basque cake (shortbread), with custard cream",produits sucrés sugar and confectionery,100,g,51.5,3.75,13,340,ciqual-2025-11-03
ciqual,23803,Gâteau basque aux cerises,fr,"Basque cake (shortbread), with cherries",produits sucrés sugar and confectionery,100,g,63.3,4.3,13.5,395,ciqual-2025-11-03
ciqual,23804,"Crêpe fourrée au chocolat et aux billes de céréales croustillantes, préemballée",fr,"Crepe filled chocolate and cerels balls, prepacked",produits sucrés sugar and confectionery,100,g,58.3,6.81,20.3,448,ciqual-2025-11-03
ciqual,23805,Blinis,fr,Blinis,produits céréaliers cereal products,100,g,34.6,5.94,11.5,270,ciqual-2025-11-03
ciqual,23815,"Crêpe fourrée au sucre, préemballée",fr,"Crepe filled with sugar, prepacked",produits sucrés sugar and confectionery,100,g,58.7,6.62,15.8,406,ciqual-2025-11-03
ciqual,23820,"Crêpe fourrée à la confiture, faite maison",fr,"Crepe filled with jam, home-made",produits sucrés sugar and confectionery,100,g,54,6.51,5.74,296,ciqual-2025-11-03
ciqual,23821,"Crêpe fourrée au chocolat ou à la pâte à tartiner chocolat et noisettes, faite maison",fr,"Crepe filled with chocolate or chocolate and hazelnut spread, home-made",produits sucrés sugar and confectionery,100,g,54.3,7.76,15.1,388,ciqual-2025-11-03
ciqual,23827,"Pancake (petite crêpe épaisse), sucrée, préemballée",fr,"Pancake, with sugar(s), prepacked",produits sucrés sugar and confectionery,100,g,45.3,5.5,16.6,358,ciqual-2025-11-03
ciqual,23828,"Pancake (petite crêpe épaisse), fourrée à la pâte à tartiner chocolat noisette, préemballée",fr,"Pancake filled with chocolate and hazelnut spread, prepacked",produits sucrés sugar and confectionery,100,g,50.1,6.83,11,331,ciqual-2025-11-03
ciqual,23829,"Crêpe fourrée au chocolat, préemballée",fr,"Crepe filled with chocolate, prepacked",produits sucrés sugar and confectionery,100,g,58.6,6.83,19.1,439,ciqual-2025-11-03
ciqual,23830,"Crêpe fourrée fraise, préemballée",fr,"Crepe with strawberry filling, prepacked",produits sucrés sugar and confectionery,100,g,64.3,4.96,7.91,351,ciqual-2025-11-03
ciqual,23849,"Gaufre fine fourrée au miel, au caramel ou à la vergeoise, préemballée",fr,"Wafer biscuit, thin, filled with honey, caramel or soft brown sugar, prepacked",produits sucrés sugar and confectionery,100,g,67,4.56,18.3,455,ciqual-2025-11-03
ciqual,23850,"Gaufre bruxelloise ou liégeoise nature, artisanale",fr,"Waffle, from bakery, plain, from bakery",produits sucrés sugar and confectionery,100,g,36.1,8,13.4,301,ciqual-2025-11-03
ciqual,23851,"Gaufre moelleuse (type bruxelloise ou liégeoise), nature ou sucrée, préemballée",fr,"Soft waffle (Brussels-style), plain or with sugar(s), prepacked",produits sucrés sugar and confectionery,100,g,52.1,6.19,24.1,455,ciqual-2025-11-03
ciqual,23852,"Gaufre moelleuse (type bruxelloise ou liégeoise), au chocolat, préemballée",fr,"Soft waffle (Brussels-style), with chocolate, prepacked",produits sucrés sugar and confectionery,100,g,54.4,5.59,23.9,460,ciqual-2025-11-03
ciqual,23853,"Gaufre croustillante (fine ou sèche), nature ou sucrée, préemballée",fr,"Wafer biscuit, crunchy (thin or dried), plain or with sugar(s), prepacked",produits sucrés sugar and confectionery,100,g,67.6,6.22,19.7,477,ciqual-2025-11-03
ciqual,23880,"Beignet ou donut rond moelleux, sans fourrage, saupoudré de sucre",fr,"Doughnut, plain, sprinkled with sugar",produits sucrés sugar and confectionery,100,g,39.4,7.25,23.7,404,ciqual-2025-11-03
ciqual,23881,"Beignet ou donut fourré aux fruits (fourrage type confiture), préemballé",fr,"Doughnut filled with fruit filling (e.g. jam), prepacked-> ARCHIVE",produits sucrés sugar and confectionery,100,g,49.5,5.1,19,391,ciqual-2025-11-03
ciqual,23885,"Beignet ou donut fourré ou nappé goût chocolat ou chocolat noisette, préemballé",fr,"Doughnut filled or covered with chocolate or with chocolate and hazelut paste, prepacked",produits sucrés sugar and confectionery,100,g,48,5.3,21,407,ciqual-2025-11-03
ciqual,23900,Pâtisserie (aliment moyen),fr,Pastry (average),produits sucrés sugar and confectionery,100,g,35.5,4.15,12.9,279,ciqual-2025-11-03
ciqual,23909,"Cake aux fruits (confits et/ou raisins secs), préemballé",fr,"Fruit cake (candied fruits and/or raisins), prepacked",produits sucrés sugar and confectionery,100,g,55.2,4.19,12.6,360,ciqual-2025-11-03
ciqual,23925,"Gâteau marbré au chocolat, préemballé",fr,"Marble cake, prepacked",produits sucrés sugar and confectionery,100,g,50.5,5.68,23.2,438,ciqual-2025-11-03
ciqual,23935,"Gâteau moelleux nature, préemballé",fr,"Soft cake, plain, prepacked",produits sucrés sugar and confectionery,100,g,53.1,5.42,22.4,438,ciqual-2025-11-03
ciqual,23937,"Gâteau moelleux aux fruits, préemballé",fr,"Soft cake, with fruits, prepacked",produits sucrés sugar and confectionery,100,g,69,3,10,382,ciqual-2025-11-03
ciqual,23938,"Gâteau moelleux aux fruits à coque, type gâteau creusois, préemballé",fr,"Soft cake with nuts, prepacked",produits sucrés sugar and confectionery,100,g,48.8,6.35,21.5,418,ciqual-2025-11-03
ciqual,23939,"Gâteau moelleux fourré au chocolat, type mini-cake, mini-roulé, ourson…, préemballé",fr,"Soft cake filled with chocolate, prepacked",produits sucrés sugar and confectionery,100,g,55.4,5.44,18.2,414,ciqual-2025-11-03
ciqual,23941,"Gâteau moelleux fourré aux fruits type mini-roulé ou mini-cake fourré, préemballé",fr,"Soft cake filled with fruits, mini sponge roll type, prepacked",produits sucrés sugar and confectionery,100,g,57.7,4.63,12.8,374,ciqual-2025-11-03
ciqual,23943,"Gâteau moelleux aux pépites de chocolat, type mini-cake, préemballé",fr,"Soft cake, with chocolate chips, prepacked",produits sucrés sugar and confectionery,100,g,50.2,5.38,23.6,442,ciqual-2025-11-03
ciqual,23944,"Gâteau moelleux fourré au chocolat et enrobé ou nappé de chocolat, préemballé",fr,"Soft cake filled with chocolate and with chocolate coating, prepacked",produits sucrés sugar and confectionery,100,g,53.8,5,21.8,440,ciqual-2025-11-03
ciqual,23945,"Gâteau moelleux fourré au chocolat et au lait, enrobé de chocolat, préemballé",fr,"Soft cake filled with chocolate and milk, with chocolate coating prepacked",produits sucrés sugar and confectionery,100,g,52.9,5.81,23.1,446,ciqual-2025-11-03
ciqual,23951,"Muffin, aux fruits (myrtilles et autres), préemballé",fr,"Muffin, with fruits (e.g. blueberries), prepacked",produits sucrés sugar and confectionery,100,g,49.1,4.81,19.9,397,ciqual-2025-11-03
ciqual,23952,"Muffin, au chocolat, préemballé",fr,"Muffin, with chocolate, prepacked",produits sucrés sugar and confectionery,100,g,52.5,5.58,23,444,ciqual-2025-11-03
ciqual,24000,"Biscuit sec, sans précision",fr,Biscuit (cookie),produits sucrés sugar and confectionery,100,g,67.8,7.83,13.8,433,ciqual-2025-11-03
ciqual,24001,Biscuit sec nature,fr,"Biscuit (cookie), plain",produits sucrés sugar and confectionery,100,g,74.9,7.13,11.5,438,ciqual-2025-11-03
ciqual,24002,Biscuit sec à teneur garantie en vitamines,fr,"Biscuit (cookie), vitamin content guaranteed",produits sucrés sugar and confectionery,100,g,72.3,9.63,14.2,457,ciqual-2025-11-03
ciqual,24003,Biscuit sec à teneur garantie en vitamines et minéraux,fr,"Biscuit (cookie), vitamin and mineral content guaranteed",produits sucrés sugar and confectionery,100,g,61.1,10.8,19.8,472,ciqual-2025-11-03
ciqual,24004,"Biscuit sec aux fruits, hyposodé ou à teneur réduite en sel",fr,"Biscuit (cookie) with fruits, low salt",produits sucrés sugar and confectionery,100,g,64,8.88,16,448,ciqual-2025-11-03
ciqual,24006,"Biscuit sec au soja, enrichi en vitamines et minéraux",fr,"Soja biscuit, fortified with vitamins and minerals",produits sucrés sugar and confectionery,100,g,60.3,10.9,16.1,444,ciqual-2025-11-03
ciqual,24008,"Biscuit sec fourré aux fruits, allégé en matière grasse",fr,"Biscuit (cookie) filled with fruits, reduced fat",produits sucrés sugar and confectionery,100,g,75.3,4.69,7.2,391,ciqual-2025-11-03
ciqual,24009,Spéculoos,fr,Speculoos biscuit,produits sucrés sugar and confectionery,100,g,71.2,5.63,18.1,476,ciqual-2025-11-03
ciqual,24010,"Biscuit sec, avec matière grasse végétale",fr,"Biscuit (cookie), with vegetal fat",produits sucrés sugar and confectionery,100,g,74,7.23,11.7,436,ciqual-2025-11-03
ciqual,24011,"Biscuit sec, assortiment",fr,"Biscuit (cookie), assortment",produits sucrés sugar and confectionery,100,g,61.4,6.44,26.4,515,ciqual-2025-11-03
ciqual,24012,"Biscuit sec au chocolat, sans sucres ajoutés, avec édulcorants, enrichi en vitamines",fr,"Biscuit (cookie), with chocolate, no added sugars and with sweetener(s), fortified with vitamins",produits sucrés sugar and confectionery,100,g,64.6,6.78,21.8,448,ciqual-2025-11-03
ciqual,24013,"Biscuit sec, sans sucres ajoutés, avec édulcorant",fr,"Biscuit (cookie), no added sugars and with sweetener(s)",produits sucrés sugar and confectionery,100,g,72.1,6.23,15.7,429,ciqual-2025-11-03
ciqual,24014,Biscuit sec avec tablette de chocolat et fourrage au lait,fr,"Biscuit (cookie), with a chocolate bar covering, milk filling",produits sucrés sugar and confectionery,100,g,62.3,6.75,25.6,512,ciqual-2025-11-03
ciqual,24015,Biscuit sec petit beurre,fr,Butter biscuit (cookie),produits sucrés sugar and confectionery,100,g,73.4,7.78,13.3,450,ciqual-2025-11-03
ciqual,24016,Biscuit sec avec tablette de chocolat,fr,"Biscuit (cookie),  with a chocolate bar covering",produits sucrés sugar and confectionery,100,g,68.8,5.56,20,485,ciqual-2025-11-03
ciqual,24017,Biscuit sec petit beurre au chocolat (tablette ou pépites),fr,"Butter biscuit (cookie), with chocolate (chocolate chips or covering)",produits sucrés sugar and confectionery,100,g,63.8,6.88,22.8,496,ciqual-2025-11-03
ciqual,24018,"Biscuit sec sans gluten, petit beurre",fr,"Butter biscuit (cookie), gluten free",produits sucrés sugar and confectionery,100,g,79.3,3.8,14,460,ciqual-2025-11-03
ciqual,24019,"Biscuit sec sans gluten, au chocolat",fr,"Biscuit, with chocolate, gluten free",produits sucrés sugar and confectionery,100,g,64,5.04,24.7,504,ciqual-2025-11-03
ciqual,24020,Biscuit sec aux céréales complètes,fr,Biscuit (cookie) from whole grain cereals,produits sucrés sugar and confectionery,100,g,63,7.75,18.4,462,ciqual-2025-11-03
ciqual,24021,Biscuit sec petit beurre au blé complet,fr,"Butter biscuit (cookie), whole wheat",produits sucrés sugar and confectionery,100,g,66.6,9.25,13.4,439,ciqual-2025-11-03
ciqual,24028,"Biscuit sec au sésame, non enrichi",fr,"Biscuit (cookie), with sesame, not fortified",produits sucrés sugar and confectionery,100,g,60,9.19,23.3,496,ciqual-2025-11-03
ciqual,24029,"Biscuit sec au sésame, enrichi en vitamines et minéraux",fr,"Biscuit (cookie), with sesame, fortifed with vitamins and minerals",produits sucrés sugar and confectionery,100,g,60,11.5,21,485,ciqual-2025-11-03
ciqual,24031,"Biscuit sec sans chocolat, allégé en matière grasse",fr,"Biscuit (cookie), without chocolate, reduced fat",produits sucrés sugar and confectionery,100,g,71,6,6,388,ciqual-2025-11-03
ciqual,24034,"Biscuit sec pour petit déjeuner, sans chocolat, non enrichi",fr,"Breakfast biscuit (cookie), without chocolate, not fortified",produits sucrés sugar and confectionery,100,g,65.8,7.81,16.3,452,ciqual-2025-11-03
ciqual,24035,"Biscuit sec pour petit déjeuner, allégé en sucres",fr,"Breakfast biscuit (cookie), reduced sugar",produits sucrés sugar and confectionery,100,g,66.2,7.78,15,444,ciqual-2025-11-03
ciqual,24036,"Biscuit sec au chocolat, non enrichi",fr,"Biscuit (cookie), with chocolate, not fortified",produits sucrés sugar and confectionery,100,g,59.5,7.75,25.6,507,ciqual-2025-11-03
ciqual,24037,Biscuit sec fourré à la pâte ou purée de fruits (ex : figue),fr,Biscuit (cookie) filled with fruit paste or fruit puree,produits sucrés sugar and confectionery,100,g,71.6,4.93,12.3,421,ciqual-2025-11-03
ciqual,24038,"Biscuit sec, sablé, nappé de chocolat",fr,"Biscuit (cookie), with chocolate covering",produits sucrés sugar and confectionery,100,g,63.5,6.56,22.9,495,ciqual-2025-11-03
ciqual,24040,"Biscuit sec pour petit déjeuner, au chocolat, non enrichi",fr,"Breakfast biscuit (cookie), with chocolate, not fortified",produits sucrés sugar and confectionery,100,g,62.9,8.06,16.4,447,ciqual-2025-11-03
ciqual,24041,"Biscuit sec pour petit déjeuner, tous parfums, enrichi en vitamines et minéraux",fr,"Breakfast biscuit (cookie), fortified with vitamins and minerals",produits sucrés sugar and confectionery,100,g,67.3,7.06,16.1,454,ciqual-2025-11-03
ciqual,24042,"Biscuit sec au chocolat, enrichi en vitamines et minéraux",fr,"Biscuit (cookie) with cereals, fortified with vitamins and minerals",produits sucrés sugar and confectionery,100,g,61.9,8.96,18.3,461,ciqual-2025-11-03
ciqual,24048,"Biscuit sec, sablé, galette ou palet, autre que pur beurre",fr,"Biscuit (cookie), shortbread, commercial, whith vegetal fat",produits sucrés sugar and confectionery,100,g,64.5,5.71,23.1,495,ciqual-2025-11-03
ciqual,24049,"Biscuit sec, sablé, galette ou palet, au beurre",fr,"Biscuit shortbread, with butter",produits sucrés sugar and confectionery,100,g,66.8,6.81,20,481,ciqual-2025-11-03
ciqual,24050,"Biscuit sec, sablé, galette ou palet, au beurre, au chocolat",fr,"Biscuit shortbread, with butter and chocolate",produits sucrés sugar and confectionery,100,g,63.5,6.33,23.7,499,ciqual-2025-11-03
ciqual,24051,"Biscuit (génoise), nappé de chocolat, type barquette",fr,"Biscuit sponge cake, with chocolate covering, pre-packed",produits sucrés sugar and confectionery,100,g,59.5,7.38,23.9,489,ciqual-2025-11-03
ciqual,24052,"Biscuit sec (tartelette), nappé au chocolat, préemballé",fr,"Biscuit (small tart), with chocolate covering, prepacked",produits sucrés sugar and confectionery,100,g,59.7,6.58,25.6,504,ciqual-2025-11-03
ciqual,24054,"Biscuit sec, sablé, galette ou palet, aux fruits",fr,"Biscuit shortbread, with fruits",produits sucrés sugar and confectionery,100,g,66.3,5.8,21,482,ciqual-2025-11-03
ciqual,24056,Florentin (biscuit sec au chocolat et aux amandes),fr,Florentine biscuit (chocolate biscuit or cookie with almonds),produits sucrés sugar and confectionery,100,g,50.7,9.31,28.7,514,ciqual-2025-11-03
ciqual,24057,"Biscuit sec, sablé, fourré aux fruits type lunette de Romans",fr,"Biscuit shortbread, with fruit filling, ""lunette"" type",produits sucrés sugar and confectionery,100,g,69.2,6.06,16,449,ciqual-2025-11-03
ciqual,24061,"Biscuit meringué fourré (chocolat, noisette, noix de coco…), nappé ou sur base de chocolat",fr,"biscuit with meringue, filled (chocolate, hazelut, coconut…) with chocolate covering or chocolate base",produits sucrés sugar and confectionery,100,g,54.5,7.65,31.5,540,ciqual-2025-11-03
ciqual,24070,Biscuit sec à la noix de coco,fr,Biscuit (cookie) with coconut,produits sucrés sugar and confectionery,100,g,65.4,6.32,22.1,493,ciqual-2025-11-03
ciqual,24071,"Sablé pâtissier, artisanal",fr,"Shortbread pastry biscuit, from bakery",produits sucrés sugar and confectionery,100,g,59.4,8.38,22.9,484,ciqual-2025-11-03
ciqual,24224,"Biscuit au chocolat fourré (""sandwiché"") parfum vanille, rond, noir et blanc",fr,"Chocolate biscuit (cookie),  with vanilla filling, round, black and white",produits sucrés sugar and confectionery,100,g,69.2,5.06,19.6,480,ciqual-2025-11-03
ciqual,24225,"Goûter sec fourré (""sandwiché"") parfum lait ou vanille",fr,"Biscuit (cookie), snack with dairy or vanilla filling",produits sucrés sugar and confectionery,100,g,70,5,19,478,ciqual-2025-11-03
ciqual,24230,"Goûter sec fourré (""sandwiché"") parfum chocolat, au blé complet",fr,"Biscuit (cookie), snack with chocolate filling, whole wheat
whole wheat",produits sucrés sugar and confectionery,100,g,69.3,5.94,17.2,465,ciqual-2025-11-03
ciqual,24231,"Goûter sec fourré (""sandwiché"") parfum chocolat",fr,"Biscuit (cookie), snack with chocolate filling",produits sucrés sugar and confectionery,100,g,67.5,6.31,18.5,471,ciqual-2025-11-03
ciqual,24240,"Goûter sec fourré (""sandwiché"") parfum fruits",fr,"Biscuit (cookie), snack with fruits filling",produits sucrés sugar and confectionery,100,g,73.6,5.13,9.4,407,ciqual-2025-11-03
ciqual,24300,"Gaufrette (éventail, cigarette…), sans fourrage",fr,Wafer biscuit without filling,produits sucrés sugar and confectionery,100,g,80,6.51,9.7,437,ciqual-2025-11-03
ciqual,24311,Gaufrette fourrée et/ou enrobée de chocolat,fr,"Wafer biscuit, filled or coated with chocolate",produits sucrés sugar and confectionery,100,g,56.6,6.63,30.5,534,ciqual-2025-11-03
ciqual,24312,"Gaufrette fourrée, aux fruits à coque (noisette, amande, praliné, etc.), avec ou sans chocolat",fr,"Wafer biscuit, with nuts (hazelnut, almond, praliné, etc.) filling, with chocolate or not, prepacked",produits sucrés sugar and confectionery,100,g,49,9,36.1,562,ciqual-2025-11-03
ciqual,24313,"Gaufrette, fourrée vanille",fr,"Wafer biscuit, with vanilla filling",produits sucrés sugar and confectionery,100,g,60.1,5.75,30.1,538,ciqual-2025-11-03
ciqual,24320,"Gaufrette fourrée, aux fruits",fr,"Wafer biscuit, with fruit filling",produits sucrés sugar and confectionery,100,g,81,4.13,0.8,355,ciqual-2025-11-03
ciqual,24370,Crêpe dentelle nature,fr,"Wafer cookie or crepe dentelle, plain",produits sucrés sugar and confectionery,100,g,73.1,6.37,16.2,467,ciqual-2025-11-03
ciqual,24371,"Crêpe dentelle, nappée de chocolat",fr,"Wafer cookie, crepe dentelle, with chocolate covering",produits sucrés sugar and confectionery,100,g,67.4,5.75,22.1,498,ciqual-2025-11-03
ciqual,24430,Biscuit sec aux oeufs à la cuillère (cuiller) ou boudoir,fr,"Biscuit (cookie), sponge fingers or lady fingers",produits sucrés sugar and confectionery,100,g,74.5,7.75,3.4,366,ciqual-2025-11-03
ciqual,24441,"Biscuit sec, type langue de chat ou cigarette russe",fr,"Biscuit (cookie), cat tongue type",produits sucrés sugar and confectionery,100,g,72.7,5.27,17.8,475,ciqual-2025-11-03
ciqual,24520,Meringue,fr,Meringue,produits sucrés sugar and confectionery,100,g,93.2,4.77,0.52,396,ciqual-2025-11-03
ciqual,24614,Biscuit sec croquant aux amandes (ex. canistrelli),fr,"Biscuit (cookie), hard, with almonds (e.g. canistrelli)",produits sucrés sugar and confectionery,100,g,68.2,9.04,15.4,454,ciqual-2025-11-03
ciqual,24615,"Biscuit sec fin ou tuile, aux amandes",fr,"Biscuit (cookie), thin, with almonds",produits sucrés sugar and confectionery,100,g,68,7.8,18.1,471,ciqual-2025-11-03
ciqual,24616,"Biscuit sec fin ou tuile, saveur citron ou orange",fr,"Biscuit (cookie), thin, lemon or orange lavour",produits sucrés sugar and confectionery,100,g,69.7,6.37,9.73,419,ciqual-2025-11-03
ciqual,24630,"Madeleine, pur beurre, préemballée",fr,"Madeleine cake, pure butter, prepacked",produits sucrés sugar and confectionery,100,g,52.4,5.88,24.1,453,ciqual-2025-11-03
ciqual,24631,"Madeleine au chocolat (nappage, pépites ou fourrage…), préemballée",fr,"Madeleine cake, with chocolate, prepacked",produits sucrés sugar and confectionery,100,g,53.7,5.45,22.7,447,ciqual-2025-11-03
ciqual,24632,"Madeleine ordinaire, préemballée",fr,"Madeleine cake, prepacked",produits sucrés sugar and confectionery,100,g,55.3,5.55,21.6,441,ciqual-2025-11-03
ciqual,24654,"Biscuit sec ou galette à l'avoine, nappée de chocolat",fr,"Biscuit, oat, with chocolate covering",produits sucrés sugar and confectionery,100,g,61.3,5.73,26,509,ciqual-2025-11-03
ciqual,24655,Biscuit sec ou galette à l'avoine,fr,"Biscuit, oat, plain",produits sucrés sugar and confectionery,100,g,63.9,5.64,22.9,491,ciqual-2025-11-03
ciqual,24656,"Cookie aux cranberries et au chocolat blanc, préemballé",fr,"Biscuit, cookie, cranberries and white chocolate, prepacked",produits sucrés sugar and confectionery,100,g,65.9,4.76,22.4,488,ciqual-2025-11-03
ciqual,24657,"Biscuit sec, type batonnet, stick, vrille ou torsade, nappé de chocolat",fr,"Biscuit, stick, with chocolate covering",produits sucrés sugar and confectionery,100,g,63.1,6.86,25.1,510,ciqual-2025-11-03
ciqual,24658,"Biscuit sec feuilleté, type palmier ou autres, nappé de chocolat",fr,"Biscuit puff pastry, with chocolate covering",produits sucrés sugar and confectionery,100,g,59.7,5.93,29.4,532,ciqual-2025-11-03
ciqual,24659,"Biscuit sec feuilleté, type palmier ou autres, préemballé",fr,"Biscuit puff pastry, prepacked",produits sucrés sugar and confectionery,100,g,56.8,6.06,30,528,ciqual-2025-11-03
ciqual,24660,"Biscuit sec feuilleté, type palmier ou autres, artisanal",fr,"Biscuit (puff pastry), palmier, from bakery",produits sucrés sugar and confectionery,100,g,47.8,5.93,30.4,499,ciqual-2025-11-03
ciqual,24663,Tarte aux poires amandine,fr,Pear tart with almonds,produits sucrés sugar and confectionery,100,g,37.7,4.9,14.9,310,ciqual-2025-11-03
ciqual,24664,"Gâteau aux amandes type financier, préemballé",fr,"Almond cake, financier, prepacked",produits sucrés sugar and confectionery,100,g,44.3,8.26,25.7,447,ciqual-2025-11-03
ciqual,24666,Mille-feuille,fr,Mille-feuille pastry,produits sucrés sugar and confectionery,100,g,43.7,3.88,11.3,292,ciqual-2025-11-03
ciqual,24674,"Gâteau moelleux sans gluten (cake, madeleine…), préemballé",fr,"Soft cake, without chocolate, gluten free, prepacked",produits sucrés sugar and confectionery,100,g,50.7,4.74,24.2,443,ciqual-2025-11-03
ciqual,24675,"Gâteau moelleux sans gluten (cake, brownie…), au chocolat, préemballé",fr,"Soft cake, with chocolate, gluten free, prepacked",produits sucrés sugar and confectionery,100,g,49.6,5.38,24.4,434,ciqual-2025-11-03
ciqual,24676,"Cookie au chocolat et aux fruits à coque (noisettes, amandes, noix de pécan…), préemballé",fr,"Biscuit (cookie), with chocolate and nuts, prepacked",produits sucrés sugar and confectionery,100,g,57,6.78,27.1,507,ciqual-2025-11-03
ciqual,24678,"Biscuit (génoise), nappé aux fruits, type barquette",fr,"Biscuit sponge cake with fruits covering, pre-packed",produits sucrés sugar and confectionery,100,g,74.4,4.44,2.1,341,ciqual-2025-11-03
ciqual,24679,"Biscuit sec (tartelette), nappé aux fruits, préemballé",fr,"Biscuit (small tart), with fruit covering, prepacked",produits sucrés sugar and confectionery,100,g,71.3,4.63,13,424,ciqual-2025-11-03
ciqual,24680,Biscuit moelleux fourré à l'orange et enrobé de sucre glace,fr,"Soft cake, filled with orange paste and sugar icing coating",produits sucrés sugar and confectionery,100,g,80,4.1,2.1,359,ciqual-2025-11-03
ciqual,24684,"Cookie au chocolat, préemballé",fr,"Biscuit (cookie), with chocolate, prepacked",produits sucrés sugar and confectionery,100,g,61,6.44,23.8,493,ciqual-2025-11-03
ciqual,24685,"Cône ou cornet classique, pour glace",fr,"Cone, wafer for ice cream",produits sucrés sugar and confectionery,100,g,80.4,7.5,5,401,ciqual-2025-11-03
ciqual,24686,"Biscuit (génoise), fourré aux fruits (ex : orange, cerise…), nappé de chocolat",fr,"Biscuit sponge cake, filled with fruits and with chocolate covering",produits sucrés sugar and confectionery,100,g,66.6,3.88,11.7,395,ciqual-2025-11-03
ciqual,24687,"Cookie aux pépites de chocolat et à la noix de coco, préemballé",fr,"Biscuit (cookie), with chocolate chips and coconut, prepacked",produits sucrés sugar and confectionery,100,g,54.5,5.93,29.8,519,ciqual-2025-11-03
ciqual,24689,Biscuit pour bébé,fr,Baby biscuit,aliments infantiles baby food,100,g,73.3,7.5,12.3,439,ciqual-2025-11-03
ciqual,24998,"Poisson blanc en sauce, préemballé (aliment moyen)",fr,"White fish with sauce, prepacked (average)",entrées et plats composés starters and dishes,100,g,4.67,13.2,8.1,147,ciqual-2025-11-03
ciqual,24999,Dessert (aliment moyen),fr,Dessert (average),,100,g,32.9,4.39,11.3,255,ciqual-2025-11-03
ciqual,2500,"Smoothie, sans précision sur la teneur en fruits et les ingrédients autres que fruits",fr,"Smoothie, no precision on fruit content and other ingredients",eaux et autres boissons beverages,100,g,12.9,0.62,0.26,60.2,ciqual-2025-11-03
ciqual,25001,"Blanquette de veau, préemballée",fr,"Veal stew in white sauce, prepacked",entrées et plats composés starters and dishes,100,g,3.1,15.4,4,113,ciqual-2025-11-03
ciqual,25002,"Cassoulet, appertisé",fr,"White bean stew, canned",entrées et plats composés starters and dishes,100,g,9.41,8.06,5.77,129,ciqual-2025-11-03
ciqual,25003,"Choucroute garnie, préemballée",fr,"Sauerkraut, with garnish (cooked meats), prepacked",entrées et plats composés starters and dishes,100,g,2.8,5.06,8.06,109,ciqual-2025-11-03
ciqual,25009,"Hachis parmentier à la viande, préemballé",fr,"Shepherd's pie or cottage pie with meat, prepacked",entrées et plats composés starters and dishes,100,g,9.39,5.99,8.22,138,ciqual-2025-11-03
ciqual,25010,"Petit salé ou saucisse aux lentilles, préemballé",fr,"Salt-cured pork belly with lentils, prepacked",entrées et plats composés starters and dishes,100,g,8.89,8.24,4.87,118,ciqual-2025-11-03
ciqual,25013,"Pot-au-feu, préemballé",fr,"Boiled meat with vegetables, prepacked",entrées et plats composés starters and dishes,100,g,3.2,10.9,2.02,77.5,ciqual-2025-11-03
ciqual,25018,"Ratatouille cuisinée, préemballée",fr,"Ratatouille, seasoneded, prepacked",entrées et plats composés starters and dishes,100,g,4.97,1.22,3.15,57.1,ciqual-2025-11-03
ciqual,25019,"Ravioli au boeuf, sauce tomate, appertisé",fr,"Ravioli filled with meat, in tomato sauce, canned",entrées et plats composés starters and dishes,100,g,12.5,4.22,2.83,95.3,ciqual-2025-11-03
ciqual,25020,Soufflé au fromage,fr,Cheese soufflé,entrées et plats composés starters and dishes,100,g,4.75,10.9,13.4,185,ciqual-2025-11-03
ciqual,25026,"Épinard à la crème, préemballé",fr,"Spinach with cream sauce, prepacked",entrées et plats composés starters and dishes,100,g,4.1,2.5,2.9,57.3,ciqual-2025-11-03
ciqual,25029,Couscous au mouton,fr,Couscous with mutton,entrées et plats composés starters and dishes,100,g,12.2,8.31,7.2,149,ciqual-2025-11-03
ciqual,25031,"Paëlla, préemballée",fr,"Paëlla, prepacked",entrées et plats composés starters and dishes,100,g,17.1,7.86,4.9,148,ciqual-2025-11-03
ciqual,25033,"Boeuf bourguignon, préemballé",fr,"Burgundy-style beef stew, prepacked",entrées et plats composés starters and dishes,100,g,4.17,10.3,2.61,84.3,ciqual-2025-11-03
ciqual,25037,"Gratin ou cassolette de poisson et / ou fruits de mer,  préemballé, cru",fr,"Fish or seafood au gratin, intended to be cooked, prepacked, raw",entrées et plats composés starters and dishes,100,g,8.39,6.13,5.1,105,ciqual-2025-11-03
ciqual,25038,"Gratin ou cassolette de poisson et / ou fruits de mer, préemballé, cuit",fr,"Fish and shrimp au gratin, prepacked, cooked",entrées et plats composés starters and dishes,100,g,5.28,6.69,7.5,117,ciqual-2025-11-03
ciqual,25043,"Couscous à la viande ou au poulet, allégé en matière grasse, préemballé,",fr,"Couscous with meat or chicken, reduced fat, prepacked",entrées et plats composés starters and dishes,100,g,11.5,5.9,1.9,90.7,ciqual-2025-11-03
ciqual,25052,"Gratin d'aubergine, préemballé",fr,"Eggplant au gratin, prepacked",entrées et plats composés starters and dishes,100,g,5.5,1.5,8,105,ciqual-2025-11-03
ciqual,25056,"Gratin dauphinois, préemballé",fr,"Dauphiné-style creamed potatoes au gratin, prepacked",entrées et plats composés starters and dishes,100,g,14.5,3.38,4.2,113,ciqual-2025-11-03
ciqual,25057,"Poêlée de pommes de terre préfrites, lardons ou poulet, et autres, sans légumes verts, préemballée",fr,"Pre-fried potatoes, pan-fried, with bacon bits or chicken, without green vegetables, prepacked",entrées et plats composés starters and dishes,100,g,17,3.2,9.6,171,ciqual-2025-11-03
ciqual,25058,"Canard en sauce (poivre vert, chasseur, etc.), préemballé",fr,"Duck with sauce (green pepper sauce, hunter-style sauce, etc.) , prepacked",entrées et plats composés starters and dishes,100,g,10.2,9.55,7.3,145,ciqual-2025-11-03
ciqual,25063,"Lapin à la moutarde, préemballé",fr,"Rabbit with mustard sauce, prepacked",entrées et plats composés starters and dishes,100,g,0.5,14.9,5,108,ciqual-2025-11-03
ciqual,25065,"Boeuf aux carottes, préemballé",fr,"Beef stew with carrots, prepacked",entrées et plats composés starters and dishes,100,g,2.91,13.2,3.15,95,ciqual-2025-11-03
ciqual,25071,Potée auvergnate (chou et porc),fr,"Pork sausage stew with cabbage, carrots and potatoes",entrées et plats composés starters and dishes,100,g,4.85,7.28,6.9,115,ciqual-2025-11-03
ciqual,25073,"Endive au jambon, préemballée",fr,"Chicory with ham in sauce, prepacked",entrées et plats composés starters and dishes,100,g,4.71,7.44,6.3,109,ciqual-2025-11-03
ciqual,25077,"Saumon sauce à l'oseille, préemballé",fr,"Salmon with sorrel, prepacked",entrées et plats composés starters and dishes,100,g,8.23,9.5,9.5,157,ciqual-2025-11-03
ciqual,25081,"Lasagnes ou canellonis à la viande (bolognaise), préemballés",fr,"Lasagna or cannelloni with meat (bolognese sauce), prepacked",entrées et plats composés starters and dishes,100,g,13.5,6.29,5.72,134,ciqual-2025-11-03
ciqual,25085,"Pâtes à la bolognaise (spaghetti, tagliatelles…), préemballées",fr,"Bolognese-style pasta (spaghetti, tagliatelle…), prepacked",entrées et plats composés starters and dishes,100,g,13.6,5.32,4.07,116,ciqual-2025-11-03
ciqual,25086,"Poisson blanc à la bordelaise (chapelure, huile…), préemballé",fr,"White fish with bordelaise sauce, prepacked",entrées et plats composés starters and dishes,100,g,5.3,14.8,10.4,176,ciqual-2025-11-03
ciqual,25088,"Riz cantonais, préemballé",fr,"Cantonese rice, prepacked",entrées et plats composés starters and dishes,100,g,23.6,5.46,4.94,164,ciqual-2025-11-03
ciqual,25089,"Cordon bleu de volaille, préemballé",fr,"Veal escalope cordon bleu (escalope topped with a ham slice and cheese, breaded, prepacked",entrées et plats composés starters and dishes,100,g,14.6,14,12.2,226,ciqual-2025-11-03
ciqual,25098,"Cassoulet au porc, appertisé",fr,"White bean stew, with pork, canned",entrées et plats composés starters and dishes,100,g,8.6,8.3,6.3,132,ciqual-2025-11-03
ciqual,25099,"Cassoulet au canard ou oie, appertisé",fr,"White bean stew, with duck or goose, canned",entrées et plats composés starters and dishes,100,g,10.1,10.5,7.86,161,ciqual-2025-11-03
ciqual,25101,"Gratin de chou-fleur, préemballé",fr,"Cauliflower au gratin, prepacked",entrées et plats composés starters and dishes,100,g,3.3,3,6.5,86.3,ciqual-2025-11-03
ciqual,25103,"Tomate farcie, préemballée",fr,"Stuffed tomatoes, prepacked",entrées et plats composés starters and dishes,100,g,2.95,6,9.67,127,ciqual-2025-11-03
ciqual,25106,"Chou farci, préemballé",fr,"Stuffed cabbage, prepacked",entrées et plats composés starters and dishes,100,g,2,5.3,6.6,94.9,ciqual-2025-11-03
ciqual,25107,Couscous au poisson,fr,Couscous with fish,entrées et plats composés starters and dishes,100,g,14.2,7.5,1.6,105,ciqual-2025-11-03
ciqual,25108,"Samossa ou samoussa ou brick garni, préemballé, cuit",fr,"Samosas or samoosas or filled filo pastry, prepacked, cooked",entrées et plats composés starters and dishes,100,g,16.5,9.33,13.7,230,ciqual-2025-11-03
ciqual,25110,"Ravioli chinois à la vapeur à la crevette, cuit",fr,"Dumplings, steamed, with shrimps, cooked",entrées et plats composés starters and dishes,100,g,23.2,5.5,5.5,172,ciqual-2025-11-03
ciqual,25111,"Chili con carne, préemballé",fr,"Chili con carne, prepacked",entrées et plats composés starters and dishes,100,g,13,7.13,3.35,118,ciqual-2025-11-03
ciqual,25121,Coq au vin,fr,Cockerel in red wine sauce,entrées et plats composés starters and dishes,100,g,4,13,7,133,ciqual-2025-11-03
ciqual,25122,"Gratin de pâtes au jambon, préemballé",fr,"Pasta with ham au gratin, prepacked",entrées et plats composés starters and dishes,100,g,16.4,7.06,9.2,179,ciqual-2025-11-03
ciqual,25123,"Moussaka, préemballée",fr,"Moussaka, prepacked",entrées et plats composés starters and dishes,100,g,5.16,5.82,10.8,147,ciqual-2025-11-03
ciqual,25124,Navarin d'agneau aux légumes,fr,Stewed lamb garnished with potatoes and other vegetables,entrées et plats composés starters and dishes,100,g,3.85,9.72,8.61,135,ciqual-2025-11-03
ciqual,25125,Paupiette de veau,fr,Veal paupiette,entrées et plats composés starters and dishes,100,g,4.67,14.6,11.3,181,ciqual-2025-11-03
ciqual,25126,Paupiette de volaille,fr,Poultry paupiette,entrées et plats composés starters and dishes,100,g,8.8,17.4,6.19,163,ciqual-2025-11-03
ciqual,25127,"Couscous royal (avec plusieurs viandes), préemballé",fr,"Couscous royal (with different meats), prepacked",entrées et plats composés starters and dishes,100,g,14,7.69,4.53,132,ciqual-2025-11-03
ciqual,25128,"Poisson blanc à la provençale ou niçoise (sauce tomate), préemballé",fr,"White fish with Provencal-style sauce (tomato sauce), prepacked",entrées et plats composés starters and dishes,100,g,3.1,9.31,2.3,73.4,ciqual-2025-11-03
ciqual,25131,"Lasagnes ou cannellonis aux légumes, préemballées, cuits",fr,"Lasagna or cannelloni with vegetables, prepacked",entrées et plats composés starters and dishes,100,g,10.1,4.38,5.9,120,ciqual-2025-11-03
ciqual,25135,"Pâtes à la carbonara (spaghetti, tagliatelles…), préemballées",fr,"Carbonara-style pasta (spaghetti, tagliatelle…), prepacked",entrées et plats composés starters and dishes,100,g,14.2,5.91,8.7,161,ciqual-2025-11-03
ciqual,25137,"Tartiflette (pommes de terre, reblochon, lardons…), préemballée",fr,"Tartiflette (cheese fondue with potatoes, reblochon cheese, bacon bits…), prepacked",entrées et plats composés starters and dishes,100,g,13.5,6,8.9,161,ciqual-2025-11-03
ciqual,25138,Couscous au poulet,fr,Couscous with chicken,entrées et plats composés starters and dishes,100,g,15.6,7.5,3.85,130,ciqual-2025-11-03
ciqual,25139,"Lasagnes ou cannellonis au poisson, préemballées",fr,"Lasagna or cannelloni with fish, prepacked",entrées et plats composés starters and dishes,100,g,13,7.28,7.1,148,ciqual-2025-11-03
ciqual,25140,"Poisson blanc à la florentine (sauce aux épinards), préemballé",fr,"White fish with Florentine-style sauce (spinach sauce), prepacked",entrées et plats composés starters and dishes,100,g,2,12,4,96,ciqual-2025-11-03
ciqual,25141,"Poisson blanc à la marinière (sauce aux oignons, vin blanc, moules), préemballé",fr,"White fish with shallots, mussels and white wine sauce, prepacked",entrées et plats composés starters and dishes,100,g,2.2,11.5,2.8,80,ciqual-2025-11-03
ciqual,25142,"Poisson blanc à la sauce moutarde, préemballé",fr,"White fish with mustard sauce, prepacked",entrées et plats composés starters and dishes,100,g,5.4,9.2,3.6,90.8,ciqual-2025-11-03
ciqual,25143,"Poisson blanc à la parisienne (sauce aux champignons), préemballé",fr,"White fish with Parisian-style sauce (mushrooms sauce), prepacked",entrées et plats composés starters and dishes,100,g,3,9,3.5,81.5,ciqual-2025-11-03
ciqual,25145,"Poisson blanc à l'estragon, préemballé",fr,"White fish with tarragon sauce, prepacked",entrées et plats composés starters and dishes,100,g,4.2,8.8,2.8,77.2,ciqual-2025-11-03
ciqual,25146,"Poisson blanc sauce oseille, préemballé",fr,"White fish with sorrel sauce, prepacked",entrées et plats composés starters and dishes,100,g,3,11.8,5.5,111,ciqual-2025-11-03
ciqual,25149,"Pâtes fraîches farcies (ex : raviolis, tortellinis, ravioles du Dauphiné), au fromage, préemballées, cuites",fr,"Fresh pasta, stuffed with cheese (e.g. ravioli), prepacked, cooked",entrées et plats composés starters and dishes,100,g,26.8,10,8.3,226,ciqual-2025-11-03
ciqual,25150,"Couscous de légumes, préemballé",fr,"Couscous with vegetables, prepacked",entrées et plats composés starters and dishes,100,g,16.4,4.32,2.25,108,ciqual-2025-11-03
ciqual,25151,"Feuilleté ou friand au poisson et/ou fruits de mer, préemballé, à cuire",fr,"Fish or seafood in puff pastry, prepacked, to cook",entrées et plats composés starters and dishes,100,g,27.9,6.55,13,260,ciqual-2025-11-03
ciqual,25152,"Couscous à la viande, préemballé",fr,"Couscous with meat, prepacked",entrées et plats composés starters and dishes,100,g,12.5,7.59,4.73,128,ciqual-2025-11-03
ciqual,25154,"Gratin de poisson et purée ou brandade aux pommes de terre ou parmentier de poisson, préemballé",fr,"Fish brandade or fish shepherd's pie, prepacked",entrées et plats composés starters and dishes,100,g,8.57,6.39,6.15,117,ciqual-2025-11-03
ciqual,25155,"Pâtes fraîches farcies (ex : raviolis, tortellinis), au fromage et aux légumes, préemballées, cuites",fr,"Fresh pasta, stuffed with cheese and vegetables (e.g. ravioli), cooked, prepacked",entrées et plats composés starters and dishes,100,g,27.8,7.94,7.5,219,ciqual-2025-11-03
ciqual,25157,"Pâtes fraîches farcies (ex : raviolis, tortellinis), au boeuf (ex : bolognaise), préemballées, crues",fr,"Fresh pasta, stuffed with meat (e.g. bolognese-style ravioli), prepacked, raw",entrées et plats composés starters and dishes,100,g,40.3,11.4,5.79,265,ciqual-2025-11-03
ciqual,25158,"Pâtes fraîches farcies (ex : raviolis, tortellinis), au boeuf (ex : bolognaise), préemballées, cuites",fr,"Fresh pasta, stuffed with meat (e.g. bolognese-style ravioli), prepacked, cooked",entrées et plats composés starters and dishes,100,g,25.1,6.94,4.65,174,ciqual-2025-11-03
ciqual,25159,"Tajine de mouton, préemballé",fr,"Mutton tagine, prepacked",entrées et plats composés starters and dishes,100,g,4.5,12.8,6.83,131,ciqual-2025-11-03
ciqual,25162,"Gratin de légumes, préemballé",fr,"Vegetables au gratin, prepacked",entrées et plats composés starters and dishes,100,g,6.91,3.44,6.7,106,ciqual-2025-11-03
ciqual,25163,"Boulettes au boeuf, cuites",fr,"Meat balls, beef, cooked",entrées et plats composés starters and dishes,100,g,5.65,18.5,13.3,217,ciqual-2025-11-03
ciqual,25164,"Osso buco de veau à la milanaise (jarret de porc , légumes, vin blanc)",fr,"Osso buco from veal (with vegetables and white wine), homemade",entrées et plats composés starters and dishes,100,g,3.5,12.5,4.06,102,ciqual-2025-11-03
ciqual,25169,"Spécialité chinoise type bouchée à la vapeur, préemballée, cuite",fr,"Chinese specialty or dumplings, prepacked",entrées et plats composés starters and dishes,100,g,28,5.9,1.4,149,ciqual-2025-11-03
ciqual,25172,Viande en sauce (aliment moyen),fr,Meat in sauce (average),entrées et plats composés starters and dishes,100,g,4.23,11.7,4.7,109,ciqual-2025-11-03
ciqual,25173,"Escalope panée, viennoise ou milanaise, veau, cuite",fr,Milanese-style veal escalope or breaded veal escalope,entrées et plats composés starters and dishes,100,g,12.6,22.9,14.1,271,ciqual-2025-11-03
ciqual,25174,"Poulet au curry et au lait de coco, préemballé",fr,"Chicken with curry and coconut milk sauce, prepacked",entrées et plats composés starters and dishes,100,g,4.07,10.6,6.9,125,ciqual-2025-11-03
ciqual,25175,"Meloukhia, plat à base de boeuf et corète, fait maison",fr,"Molokhia,beef-based mdish with jute mallow (or nalta jute), home-made",entrées et plats composés starters and dishes,100,g,1.2,10.6,14.7,189,ciqual-2025-11-03
ciqual,25181,"Pâtes fraîches farcies (ex : raviolis, tortellinis, ravioles du Dauphiné), au fromage, préemballées, crues",fr,"Fresh pasta, stuffed with cheese (e.g. ravioli, prepacked, raw",entrées et plats composés starters and dishes,100,g,37.3,11.3,7.69,268,ciqual-2025-11-03
ciqual,25182,"Pâtes fraîches farcies (ex : raviolis, tortellinis), au fromage et aux légumes, préemballées, crues",fr,"Fresh pasta, stuffed with cheese and vegetables (e.g. ravioli), prepacked, raw",entrées et plats composés starters and dishes,100,g,41.4,9.98,5.69,262,ciqual-2025-11-03
ciqual,25183,"Nouilles aux crevettes, préemballées, sautées/poêlées",fr,"Noodles with shrimps, prepacked, sautéed/pan-fried, without added fat",entrées et plats composés starters and dishes,100,g,12.6,4.88,3.4,104,ciqual-2025-11-03
ciqual,25186,"Boulettes au porc et au boeuf (à la suédoise), préemballées, crues",fr,"Meat balls, pork and beef (Swedish-style), prepacked, raw",entrées et plats composés starters and dishes,100,g,4.8,17.4,18.2,254,ciqual-2025-11-03
ciqual,25187,"Risotto, aux légumes, préemballé",fr,"Risotto, with vegetables, prepacked",entrées et plats composés starters and dishes,100,g,18.4,2.88,3.8,120,ciqual-2025-11-03
ciqual,25188,"Risotto, aux fruits de mer, préemballé",fr,"Risotto, with seafood, prepacked",entrées et plats composés starters and dishes,100,g,12.5,5.75,6.07,130,ciqual-2025-11-03
ciqual,25189,"Risotto, aux fromages, préemballé",fr,"Risotto, with cheeses, prepacked",entrées et plats composés starters and dishes,100,g,30.9,5.93,5.16,195,ciqual-2025-11-03
ciqual,25190,"Poulet basquaise, préemballé",fr,"Chicken, Basque-style, prepacked",entrées et plats composés starters and dishes,100,g,2.5,9.3,6.4,107,ciqual-2025-11-03
ciqual,25192,"Ravioli aux légumes, à la sauce tomate, appertisés",fr,"Ravioli filled with vegetables, in tomato sauce, canned",entrées et plats composés starters and dishes,100,g,13.5,2.88,2.45,91.1,ciqual-2025-11-03
ciqual,25193,"Pâtes fraîches farcies (ex : raviolis, tortellinis), aux légumes, préemballées, cuites",fr,"Fresh pasta, stuffed with vegetables (e.g. ravioli), prepacked, cooked",entrées et plats composés starters and dishes,100,g,20.9,5.19,4.9,156,ciqual-2025-11-03
ciqual,25194,"Boulettes au boeuf et à l'agneau (type kefta), préemballées, crues",fr,"Meat balls, beef and lamb (kefta type), prepacked, raw",entrées et plats composés starters and dishes,100,g,9.7,14.9,13.3,220,ciqual-2025-11-03
ciqual,25195,"Parmentier de canard, préemballé, à cuire",fr,"Shepherd's pie with duck, prepacked, to cook",entrées et plats composés starters and dishes,100,g,8.51,6.82,9.06,146,ciqual-2025-11-03
ciqual,25196,"Riste d'aubergines (aubergines, tomates, oignons), préemballée",fr,"Riste (Eggplant, tomatoes, onions), prepacked",entrées et plats composés starters and dishes,100,g,10.6,1.05,10.4,145,ciqual-2025-11-03
ciqual,25198,"Pâtes en sauce aux fromages (spaghetti, tagliatelles…), préemballées",fr,"Pasta with cheese sauce (spaghetti, tagliatelle…), prepacked",entrées et plats composés starters and dishes,100,g,15.9,7.17,7.4,163,ciqual-2025-11-03
ciqual,25199,"Palet ou galette de légumes, préfrit, surgelé",fr,"Vegetable rosti, pre-fried, frozen",entrées et plats composés starters and dishes,100,g,8.67,2.33,5.67,101,ciqual-2025-11-03
ciqual,25200,"Palette à la diable, préemballée",fr,"Devilled pork shoulder in mustard sauce, prepacked",entrées et plats composés starters and dishes,100,g,1,13,4.5,102,ciqual-2025-11-03
ciqual,25201,"Langue de boeuf sauce madère, préemballée",fr,"Beef tongue with Madeira wine sauce, prepacked",entrées et plats composés starters and dishes,100,g,4.5,9.5,13.5,180,ciqual-2025-11-03
ciqual,25203,"Pâtes fraîches farcies (ex : raviolis, tortellinis), aux légumes, préemballées, crues",fr,"Fresh pasta, stuffed with vegetables (e.g. ravioli), prepacked, raw",entrées et plats composés starters and dishes,100,g,41.4,9.4,5.06,255,ciqual-2025-11-03
ciqual,25204,"Tajine de poulet, préemballé",fr,"Chicken tagine, prepacked",entrées et plats composés starters and dishes,100,g,14.4,7.54,3.7,127,ciqual-2025-11-03
ciqual,25205,"Chop suey (porc ou poulet, légumes), préemballé",fr,"Chop suey (pork or chicken, vegetables), prepacked",entrées et plats composés starters and dishes,100,g,7.8,5,3,78.2,ciqual-2025-11-03
ciqual,25207,"Porc au caramel, préemballé",fr,"Pork with caramel sauce, prepacked",entrées et plats composés starters and dishes,100,g,11.4,10,5.4,136,ciqual-2025-11-03
ciqual,25208,"Palet ou galette de légumes, préfrit, surgelé, cuit",fr,"Vegetable rosti, pre-fried, frozen, cooked",entrées et plats composés starters and dishes,100,g,8.45,3.31,5.7,105,ciqual-2025-11-03
ciqual,25210,"Saumon farci, préemballé",fr,"Stuffed salmon, prepacked",entrées et plats composés starters and dishes,100,g,0.4,18.8,16.2,227,ciqual-2025-11-03
ciqual,25211,"Boulettes au boeuf, à la sauce tomate, préemballées",fr,"Meat balls, beef, with tomato sauce, prepacked",entrées et plats composés starters and dishes,100,g,5.5,9,6.5,117,ciqual-2025-11-03
ciqual,25213,"Paupiette de veau, préemballée, rôtie/cuite au four",fr,"Veal paupiette, prepacked,  roasted/baked",entrées et plats composés starters and dishes,100,g,0.48,22,20.5,276,ciqual-2025-11-03
ciqual,25216,"Pâtes fraîches farcies (ex : raviolis, tortellinis), cuites (aliment moyen)",fr,"Pasta (e.g. ravioli), filled, cooked (average)",entrées et plats composés starters and dishes,100,g,25.6,7.97,6.48,198,ciqual-2025-11-03
ciqual,25217,"Feuille de vigne farcie au riz ou dolmas, égouttée, préemballée",fr,"Vine leaf stuffed wih rice or dolmas, drained, prepacked",entrées et plats composés starters and dishes,100,g,18.6,2.63,6.5,150,ciqual-2025-11-03
ciqual,25219,"Lasagnes ou cannellonis aux légumes et au fromage de chèvre, préemballés, cuits",fr,"Lasagna or cannelloni with vegetables and goat cheese, prepacked, cooked",entrées et plats composés starters and dishes,100,g,14,7,10.2,179,ciqual-2025-11-03
ciqual,25220,"Choucroute cuisinée aux lardons, sans garniture, égouttée, cuite",fr,"Sauerkraut, seasoned and cooked with bacon bits, without garnish, drained, cooked",entrées et plats composés starters and dishes,100,g,0,1.38,6.6,75.5,ciqual-2025-11-03
ciqual,25221,"Boulettes au boeuf et à l'agneau (type kefta), préemballées, cuites",fr,"Meat balls, beef and lamb (kefta type), prepacked cooked",entrées et plats composés starters and dishes,100,g,7.5,15.7,15.7,235,ciqual-2025-11-03
ciqual,25222,"Boulettes au porc et au boeuf (à la suédoise), préemballées, cuites",fr,"Meat balls, pork and beef (Swedish-style), prepacked, cooked",entrées et plats composés starters and dishes,100,g,7.7,14.4,18.6,258,ciqual-2025-11-03
ciqual,25223,"Bouchées ou émincé végétal au soja et blé (convient aux véganes ou végétaliens), préemballé",fr,"Soy and wheat burger or bite (vegan), prepacked",entrées et plats composés starters and dishes,100,g,6.76,21.3,3.7,157,ciqual-2025-11-03
ciqual,25224,"Bouchées ou émincé au soja et blé  (ne convient pas aux véganes ou végétaliens), préemballé",fr,"Soy and wheat burger or bite (not vegan), prepacked",entrées et plats composés starters and dishes,100,g,8.19,19.3,7,185,ciqual-2025-11-03
ciqual,25225,"Nuggets ou croquette panée de blé (sans soja), préemballé",fr,"Wheat-based nuggets, breaded croquette (wo soybean), prepacked",entrées et plats composés starters and dishes,100,g,22.4,13.5,14.9,284,ciqual-2025-11-03
ciqual,25226,"Nuggets ou croquette panée de soja et blé (ne convient pas aux véganes ou végétaliens), préemballé",fr,"Soybean and wheat-based nuggets, breaded croquette (not vegan), prepacked",entrées et plats composés starters and dishes,100,g,18.5,14.1,12.6,253,ciqual-2025-11-03
ciqual,25227,"Nuggets ou croquette panée de soja et blé (convient aux véganes ou végétaliens), préemballé",fr,"Soybean and wheat-based nuggets, breaded croquette (vegan), prepacked",entrées et plats composés starters and dishes,100,g,19.7,15.5,10.9,251,ciqual-2025-11-03
ciqual,25228,Pané soja et blé (ne convient pas aux véganes ou végétaliens),fr,"Schnitzel, soybean and wheat-based (not vegan), prepacked",entrées et plats composés starters and dishes,100,g,16.8,14.4,13.9,260,ciqual-2025-11-03
ciqual,25229,"Bâtonnet pané soja et blé (convient aux véganes ou végétaliens), préemballée",fr,"Schnitzel or stick, soybean and wheat-based (vegan), prepacked",entrées et plats composés starters and dishes,100,g,18.8,16.9,10,245,ciqual-2025-11-03
ciqual,25230,"Pané soja, blé et fromage, type cordon bleu, préemballé",fr,"Schnitzel, soybean, wheat and cheese-based, cordon bleu-style, prepacked",entrées et plats composés starters and dishes,100,g,15.1,15.2,13.1,247,ciqual-2025-11-03
ciqual,25231,"Ravioli au tofu, à la sauce tomate, préemballés",fr,"Ravioli filled with tofu, in tomato sauce, prepacked",entrées et plats composés starters and dishes,100,g,12.5,3.13,2.7,91.7,ciqual-2025-11-03
ciqual,25232,"Saucisse végétale au blé ou seitan, préemballé",fr,"Plant-based sausage with wheat or seitan, prepacked","viandes, oeufs, poissons meat, egg and fish",100,g,7.53,29.1,10.5,250,ciqual-2025-11-03
ciqual,25233,"Galette de céréales au fromage (sans soja), préemballée",fr,"Cereal burger with cheese (without soybean), prepacked",entrées et plats composés starters and dishes,100,g,27.8,7,10.3,241,ciqual-2025-11-03
ciqual,25234,"Galette de céréales aux légumes (sans soja), préemballée",fr,"Cereal burger with végétables (without soybean), prepacked",entrées et plats composés starters and dishes,100,g,28,5.31,7.6,211,ciqual-2025-11-03
ciqual,25238,"Gratin de légumes, fait maison",fr,"Vegetables au gratin, home-made",entrées et plats composés starters and dishes,100,g,3.59,3.15,8.51,107,ciqual-2025-11-03
ciqual,25242,"Paëlla (poulet fruit de mer, chorizo, colin), fait maison",fr,"Paëlla, home-made",entrées et plats composés starters and dishes,100,g,22,6.38,2.2,135,ciqual-2025-11-03
ciqual,25243,"Nouilles asiatiques instantanées, aromatisées, cuites",fr,"Noodles, asian style, instant, flavoured, cooked",entrées et plats composés starters and dishes,100,g,21.1,3.75,6.9,164,ciqual-2025-11-03
ciqual,25396,"Feuilleté ou friand jambon fromage, préemballé",fr,"Ham and cheese puffed pastry, prepacked",entrées et plats composés starters and dishes,100,g,22.7,8.46,16.7,278,ciqual-2025-11-03
ciqual,25398,"Feuilleté ou friand au fromage, préemballé, à cuire",fr,"Cheese puff pastry, prepacked, to cook",entrées et plats composés starters and dishes,100,g,26.2,6.08,16.9,283,ciqual-2025-11-03
ciqual,25399,"Feuilleté ou friand aux escargots, préemballé",fr,"Snails in puff pastry, prepacked",entrées et plats composés starters and dishes,100,g,23.1,6.69,22.1,321,ciqual-2025-11-03
ciqual,25401,"Feuilleté ou friand au fromage, préemballé, cuit",fr,"Cheese puff pastry, prepacked, cooked",entrées et plats composés starters and dishes,100,g,28.1,8.25,17.1,302,ciqual-2025-11-03
ciqual,25402,"Feuilleté ou friand à la viande, préemballé",fr,"Meat puff pastry, prepacked",entrées et plats composés starters and dishes,100,g,27.3,9.59,22.6,354,ciqual-2025-11-03
ciqual,25403,"Hot-dog, préemballé",fr,"Hot-dog, prepacked",entrées et plats composés starters and dishes,100,g,26.3,10.9,13.8,278,ciqual-2025-11-03
ciqual,25404,"Pizza au fromage ou pizza margherita, préemballée",fr,"Pizza, cheese and tomato (Margherita), prepacked",entrées et plats composés starters and dishes,100,g,29.6,8.7,7.41,224,ciqual-2025-11-03
ciqual,25405,"Quiche lorraine, préemballée",fr,"Quiche Lorraine (eggs and lardoons quiche), prepacked",entrées et plats composés starters and dishes,100,g,21.5,8.39,16.4,269,ciqual-2025-11-03
ciqual,25409,"Crêpe ou galette béchamel et jambon, préemballée",fr,"Crepe or buckwheat pancake, filled with ham, prepacked",entrées et plats composés starters and dishes,100,g,24.3,7.5,8,199,ciqual-2025-11-03
ciqual,25410,"Crêpe ou galette béchamel, jambon et fromage, préemballée",fr,"Crepe or buckwheat pancake, filled with cheese, ham and béchamel sauce, prepacked",entrées et plats composés starters and dishes,100,g,16.3,9.83,7.9,179,ciqual-2025-11-03
ciqual,25411,"Crêpe ou galette béchamel et champignon, préemballée, surgelée",fr,"Crepe or buckwheat pancake, filled with mushrooms and béchamel sauce, prepacked, frozen",entrées et plats composés starters and dishes,100,g,20,4.5,5,144,ciqual-2025-11-03
ciqual,25412,"Bouchée à la reine, à la viande/volaille/quenelle",fr,Vol-au-vent with meat/poultry/quenelle,entrées et plats composés starters and dishes,100,g,24.5,6.12,18.9,296,ciqual-2025-11-03
ciqual,25413,"Hamburger, de restauration rapide",fr,"Hamburger, from fast food",entrées et plats composés starters and dishes,100,g,29.5,13.3,8.44,251,ciqual-2025-11-03
ciqual,25414,"Cheeseburger, de restauration rapide",fr,"Cheeseburger, from fast food",entrées et plats composés starters and dishes,100,g,22.3,14,15.8,290,ciqual-2025-11-03
ciqual,25415,"Double cheeseburger, de restauration rapide",fr,"Cheeseburger, double, from fast food",entrées et plats composés starters and dishes,100,g,19.4,15.5,16.7,290,ciqual-2025-11-03
ciqual,25416,"Burger au poisson, de restauration rapide",fr,"Fish burger, from fast food",entrées et plats composés starters and dishes,100,g,26.7,12.2,11.5,263,ciqual-2025-11-03
ciqual,25417,"Tarte aux légumes, préemballée",fr,"Tart, vegetables, prepacked",entrées et plats composés starters and dishes,100,g,21.8,5,11.7,216,ciqual-2025-11-03
ciqual,25418,"Croissant au jambon fromage, fait maison",fr,"Croissant filled with ham and cheese, homemade",entrées et plats composés starters and dishes,100,g,24.8,7.9,14.6,264,ciqual-2025-11-03
ciqual,25419,Rouleau de printemps,fr,Spring roll,entrées et plats composés starters and dishes,100,g,16.6,4.57,1.82,103,ciqual-2025-11-03
ciqual,25428,"Sandwich grec ou kebab, pita, crudités",fr,"Sandwich, pita bread, kebab and raw vegetables",entrées et plats composés starters and dishes,100,g,17,15.2,10.9,232,ciqual-2025-11-03
ciqual,25429,"Sandwich grec ou kebab, baguette, crudités",fr,"Sandwich, baguette, kebab and raw vegetables",entrées et plats composés starters and dishes,100,g,29.9,15,9.8,272,ciqual-2025-11-03
ciqual,25431,"Sandwich baguette, thon crudités mayonnaise, fait maison",fr,"Sandwich, baguette, tuna, raw vegetables and mayonnaise, homemade",entrées et plats composés starters and dishes,100,g,32.1,10.3,11.3,275,ciqual-2025-11-03
ciqual,25433,"Accra de poisson, préemballé",fr,"Caribbean-style fish fritters, fish acras, prepacked","(Genus and species unknown or multiple) viandes, oeufs, poissons meat, egg and fish",100,g,15.1,12.4,17.6,275,ciqual-2025-11-03
ciqual,25434,"Sandwich panini, jambon cru mozzarella, tomates",fr,"Sandwich, panini bread, cured ham, mozzarella cheese and tomato, toasted",entrées et plats composés starters and dishes,100,g,25.7,14.2,8.35,237,ciqual-2025-11-03
ciqual,25435,"Pizza jambon fromage, préemballée",fr,"Pizza, ham and cheese, prepacked",entrées et plats composés starters and dishes,100,g,26.2,10.7,8.49,228,ciqual-2025-11-03
ciqual,25437,Gougère,fr,Small cheese chou-pastry puff,entrées et plats composés starters and dishes,100,g,22.7,16.2,26.6,399,ciqual-2025-11-03
ciqual,25438,"Samoussa ou samossa ou brick garni, fait maison, cuit",fr,"Samosas or samoosas or filled filo pastry, home-made, cooked",entrées et plats composés starters and dishes,100,g,8.48,12.2,11.5,187,ciqual-2025-11-03
ciqual,25444,"Tarte au fromage, préemballée",fr,"Tart, cheese, prepacked",entrées et plats composés starters and dishes,100,g,20,9.44,16.7,271,ciqual-2025-11-03
ciqual,25454,"Tarte à la provençale, préemballée",fr,"Tart, Provence-style, prepacked",entrées et plats composés starters and dishes,100,g,21.8,5.34,12.5,224,ciqual-2025-11-03
ciqual,25456,Sushi ou maki aux produits de la mer,fr,"Sushi or maki, with seafood products",entrées et plats composés starters and dishes,100,g,26.9,6.69,3.7,171,ciqual-2025-11-03
ciqual,25457,"Pizza à la viande, type bolognaise, préemballée",fr,"Pizza, Bolognese-style with meat, prepacked",entrées et plats composés starters and dishes,100,g,27,9.7,7.03,214,ciqual-2025-11-03
ciqual,25459,Burritos au boeuf,fr,Burritos with beef,entrées et plats composés starters and dishes,100,g,14.3,8,8.5,170,ciqual-2025-11-03
ciqual,25460,"Fajita au poulet, préparé maison avec un kit",fr,"Fajitas, home-prepared from kit",entrées et plats composés starters and dishes,100,g,16,12.7,4.5,158,ciqual-2025-11-03
ciqual,25462,"Pizza au chorizo ou salami, préemballée",fr,"Pizza, chorizo or salami, prepacked",entrées et plats composés starters and dishes,100,g,24.7,9.88,10.4,236,ciqual-2025-11-03
ciqual,25463,"Pizza aux fruits de mer, préemballée",fr,"Pizza, seafood, prepacked",entrées et plats composés starters and dishes,100,g,25.2,9.67,8.02,215,ciqual-2025-11-03
ciqual,25464,"Pizza au saumon, préemballée",fr,"Pizza, salmon, prepacked",entrées et plats composés starters and dishes,100,g,26,9.28,9.72,232,ciqual-2025-11-03
ciqual,25468,"Pizza au chèvre et lardons, préemballée",fr,"Pizza, goat cheese and lardoons, prepacked",entrées et plats composés starters and dishes,100,g,26.5,10.3,11.5,253,ciqual-2025-11-03
ciqual,25472,"Pizza aux légumes ou pizza 4 saisons, préemballée",fr,"Pizza, vegetables or (4 seasons), prepacked",entrées et plats composés starters and dishes,100,g,25.1,7.58,7.78,206,ciqual-2025-11-03
ciqual,25475,"Sandwich baguette, jambon, oeuf, crudités, beurre",fr,"Sandwich, baguette, ham, hard-boiled egg, raw vegetables and butter",entrées et plats composés starters and dishes,100,g,31.7,10.1,5.98,225,ciqual-2025-11-03
ciqual,25476,"Sandwich baguette, poulet crudités mayonnaise, fait maison",fr,"Sandwich, baguette, chicken, raw vegetables and mayonnaise, homemade",entrées et plats composés starters and dishes,100,g,34.9,10.4,8.54,263,ciqual-2025-11-03
ciqual,25477,"Pizza champignons fromage, préemballée",fr,"Pizza, cheese and mushrooms, prepacked",entrées et plats composés starters and dishes,100,g,24.2,8,8.93,213,ciqual-2025-11-03
ciqual,25478,"Pizza aux fromages, préemballée",fr,"Pizza, cheeses, prepacked",entrées et plats composés starters and dishes,100,g,30.5,11.2,10.7,269,ciqual-2025-11-03
ciqual,25485,"Sandwich baguette, jambon emmental, préemballé",fr,"Sandwich, baguette, ham and emmental cheese, prepacked",entrées et plats composés starters and dishes,100,g,27.9,12.7,12.9,284,ciqual-2025-11-03
ciqual,25488,"Sandwich baguette, saumon fumé beurre",fr,"Sandwich, baguette, smoked salmon and butter",entrées et plats composés starters and dishes,100,g,41.7,11.5,5.6,268,ciqual-2025-11-03
ciqual,25490,"Sandwich baguette, thon maïs crudités, préemballé",fr,"Sandwich, baguette, tuna, sweet corn and raw vegetables, prepacked",entrées et plats composés starters and dishes,100,g,23.9,8.87,6.03,193,ciqual-2025-11-03
ciqual,25501,"Sandwich panini, trois fromages",fr,"Sandwich, panini bread, three-cheese, toasted",entrées et plats composés starters and dishes,100,g,25,17,14,294,ciqual-2025-11-03
ciqual,25502,"Burger au poulet, de restauration rapide",fr,"Chicken burger, from fast food",entrées et plats composés starters and dishes,100,g,23.8,12.7,11,249,ciqual-2025-11-03
ciqual,25503,"Bouchée à la reine, au poisson et fruits de mer, faite maison",fr,"Vol-au-vent with fish and seafood, homemade",entrées et plats composés starters and dishes,100,g,13.7,6.72,13.8,208,ciqual-2025-11-03
ciqual,25506,Brochette mixte de viande,fr,Mixed meat on skewer,entrées et plats composés starters and dishes,100,g,1.02,19.7,13.8,208,ciqual-2025-11-03
ciqual,25508,"Feuilleté ou friand jambon fromage, fait maison",fr,"Ham and cheese puffed pastry, homemade",entrées et plats composés starters and dishes,100,g,29.4,8.76,20.3,338,ciqual-2025-11-03
ciqual,25509,"Préparation à base de fromage(s) pour fondue savoyarde, préemballée",fr,"Savoy-style fondue cheese preparation (cheese, white wine …), prepacked",entrées et plats composés starters and dishes,100,g,3.4,14.6,17.1,237,ciqual-2025-11-03
ciqual,25510,"Gnocchi à la pomme de terre, cuit",fr,"Gnocchi, from potato, cooked",produits céréaliers cereal products,100,g,34.1,5.01,2.05,178,ciqual-2025-11-03
ciqual,25511,Légumes farcis (sauf tomate),fr,Stuffed vegetables (excluding tomato),entrées et plats composés starters and dishes,100,g,3.6,4.71,6.22,91.9,ciqual-2025-11-03
ciqual,25512,"Nuggets ou croquette panée de volaille, préemballé",fr,"Poultry nuggets, breaded croquette, prepacked",entrées et plats composés starters and dishes,100,g,18,13.1,13.2,247,ciqual-2025-11-03
ciqual,25513,Pan bagnat,fr,"Large round sandwich with lettuce, tuna, anchovy and black olives",entrées et plats composés starters and dishes,100,g,27.8,7.95,6.48,205,ciqual-2025-11-03
ciqual,25516,Pizza (aliment moyen),fr,Pizza (average),entrées et plats composés starters and dishes,100,g,27.4,10,8.88,234,ciqual-2025-11-03
ciqual,25517,"Sandwich baguette, jambon beurre, fait maison",fr,"Sandwich, baguette, ham and butter, homemade",entrées et plats composés starters and dishes,100,g,35.1,11.6,10.5,285,ciqual-2025-11-03
ciqual,25518,"Sandwich baguette, camembert beurre, fait maison",fr,"Sandwich, baguette, camembert cheese and butter, homemade",entrées et plats composés starters and dishes,100,g,34.8,11.9,16.7,341,ciqual-2025-11-03
ciqual,25519,"Sandwich baguette, pâté cornichons",fr,"Sandwich, baguette, pâté and pickles",entrées et plats composés starters and dishes,100,g,33.5,10.1,13.9,304,ciqual-2025-11-03
ciqual,25520,"Sandwich baguette, saucisson beurre, fait maison",fr,"Sandwich, baguette, dry sausage and butter, homemade",entrées et plats composés starters and dishes,100,g,35.2,13.7,19.4,374,ciqual-2025-11-03
ciqual,25521,"Sandwich baguette, jambon emmental beurre",fr,"Sandwich, baguette, ham, emmental cheese and butter",entrées et plats composés starters and dishes,100,g,30.2,13.4,13.2,298,ciqual-2025-11-03
ciqual,25522,Sandwich (aliment moyen),fr,Sandwich (average),entrées et plats composés starters and dishes,100,g,30.3,12.4,11.7,280,ciqual-2025-11-03
ciqual,25523,"Toasts ou canapés salés, garnitures diverses, préemballés",fr,"Canapés (savoury toasts with various toppings), prepacked",entrées et plats composés starters and dishes,100,g,22.4,9.09,13.3,251,ciqual-2025-11-03
ciqual,25524,"Tomate à la provençale, fait maison",fr,"Provencal-style tomato (breaded tomatoes stuffed with garlic and parsley), home-made",entrées et plats composés starters and dishes,100,g,6.55,1.65,4.32,75.7,ciqual-2025-11-03
ciqual,25525,Sauce tomate cuisinée pour pizza,fr,Tomato sauce for pizza,aides culinaires et ingrédients divers miscellaneous,100,g,4.71,2.04,0.75,41.5,ciqual-2025-11-03
ciqual,25528,"Pissaladière, préemballée",fr,"Pizza, onion anchovy and black olives, prepacked",entrées et plats composés starters and dishes,100,g,26.3,4.8,15.1,265,ciqual-2025-11-03
ciqual,25529,"Tarte à l'oignon, préemballée",fr,"Tart, onion, prepacked",entrées et plats composés starters and dishes,100,g,23.5,7,17.2,280,ciqual-2025-11-03
ciqual,25530,"Sandwich baguette, crudités diverses mayonnaise",fr,"Sandwich, baguette, raw vegetables and mayonnaise",entrées et plats composés starters and dishes,100,g,30.6,6.54,7.9,224,ciqual-2025-11-03
ciqual,25531,"Sandwich baguette, dinde crudités mayonnaise",fr,"Sandwich, baguette, turkey, raw vegetables and mayonnaise",entrées et plats composés starters and dishes,100,g,31.2,12.4,8.82,257,ciqual-2025-11-03
ciqual,25532,"Sandwich baguette, oeuf crudités mayonnaise",fr,"Sandwich, baguette, egg, raw vegetables and mayonnaise",entrées et plats composés starters and dishes,100,g,31.6,8.52,9.47,249,ciqual-2025-11-03
ciqual,25533,"Sandwich baguette, porc crudités mayonnaise",fr,"Sandwich, baguette, pork, raw vegetables and mayonnaise",entrées et plats composés starters and dishes,100,g,31.2,12,10.6,272,ciqual-2025-11-03
ciqual,25535,"Sandwich baguette, merguez ketchup moutarde",fr,"Sandwich, baguette, merguez sausage, ketchup and mustard",entrées et plats composés starters and dishes,100,g,32.7,13.1,11.4,289,ciqual-2025-11-03
ciqual,25536,"Sandwich baguette, salami beurre",fr,"Sandwich, baguette, salami and butter",entrées et plats composés starters and dishes,100,g,33.9,12.5,21.4,381,ciqual-2025-11-03
ciqual,25537,"Carpaccio de saumon avec marinade, fait maison",fr,"Salmon carpaccio, with marinade, home-made","(Genus and species unknown or multiple) viandes, oeufs, poissons meat, egg and fish",100,g,0.22,16.9,18.8,238,ciqual-2025-11-03
ciqual,25538,"Carpaccio de boeuf, avec marinade (huile, herbes, fromage), fait maison",fr,"Beef carpaccio, with marinade (oil, herbs, cheese), home-made",entrées et plats composés starters and dishes,100,g,0.55,15.2,23,271,ciqual-2025-11-03
ciqual,25539,Brochette de poisson,fr,Fish on skewer,entrées et plats composés starters and dishes,100,g,0.86,18,5.71,127,ciqual-2025-11-03
ciqual,25540,Brochette de crevettes,fr,Shrimps on skewer,entrées et plats composés starters and dishes,100,g,1.6,16.4,7.38,140,ciqual-2025-11-03
ciqual,25541,Brochette d'agneau,fr,Lamb on skewer,entrées et plats composés starters and dishes,100,g,2.54,13.2,7.93,137,ciqual-2025-11-03
ciqual,25542,"Croque-madame, fait maison",fr,"Toasted ham and cheese sandwich, topped with a fried egg, homemade",entrées et plats composés starters and dishes,100,g,16.1,13.7,15.5,261,ciqual-2025-11-03
ciqual,25543,Sandwich baguette (aliment moyen),fr,Sandwich baguette (average),entrées et plats composés starters and dishes,100,g,33.2,11.7,12.1,293,ciqual-2025-11-03
ciqual,25546,"Fromage pané au jambon, préemballé",fr,"Cheese with ham, breaded, prepacked",entrées et plats composés starters and dishes,100,g,15.3,17.4,14.6,262,ciqual-2025-11-03
ciqual,25547,"Croque-monsieur, préemballé",fr,"Toasted ham and cheese sandwich, prepacked",entrées et plats composés starters and dishes,100,g,26.1,10.6,11.4,253,ciqual-2025-11-03
ciqual,25548,"Pizza jambon fromage champignons ou pizza royale, reine ou regina, préemballée",fr,"Pizza, ham cheese and mushrooms (Regina), prepacked",entrées et plats composés starters and dishes,100,g,25.9,9.5,6.89,208,ciqual-2025-11-03
ciqual,25549,"Crêpe ou galette béchamel et fromage, préemballée",fr,"Crepe or buckwheat pancake, filled with cheese and béchamel sauce, prepacked",entrées et plats composés starters and dishes,100,g,17,6.5,6,150,ciqual-2025-11-03
ciqual,25550,"Flammenkueche ou tarte flambée aux lardons, préemballée",fr,"Flamed tart (thin-crusted onion tart with cream and lardoons), prepacked",entrées et plats composés starters and dishes,100,g,31.8,8.81,14.8,300,ciqual-2025-11-03
ciqual,25551,"Beignet de viande, volaille ou poisson, fait maison, cuit",fr,"Meat, poultry or fish fritters, home-made, cooked",entrées et plats composés starters and dishes,100,g,10,18.7,13.5,238,ciqual-2025-11-03
ciqual,25552,"Crêpe ou galette béchamel, jambon et fromage et champignon, préemballée",fr,"Crepe or buckwheat pancake, filled with cheese, ham, mushrooms and béchamel sauce, prepacked",entrées et plats composés starters and dishes,100,g,14.7,6.56,6.3,144,ciqual-2025-11-03
ciqual,25553,"Tarte ou tourte aux poireaux, préemballée",fr,"Tart, leek, prepacked",entrées et plats composés starters and dishes,100,g,20.9,5.29,13.3,229,ciqual-2025-11-03
ciqual,25555,"Tarte au saumon, préemballée",fr,"Tart, salmon, prepacked",entrées et plats composés starters and dishes,100,g,24.2,8.41,13.2,251,ciqual-2025-11-03
ciqual,25556,Beignet de légumes,fr,Vegetable fritters,entrées et plats composés starters and dishes,100,g,12.1,4,8,140,ciqual-2025-11-03
ciqual,25557,"Brick à l'oeuf, fait maison, cuit",fr,"Fritter, filled with eggs (filo pastry), home-made, cooked",entrées et plats composés starters and dishes,100,g,12.3,10.4,18.1,255,ciqual-2025-11-03
ciqual,25558,"Samossa ou samoussa ou brick au boeuf, fait maison, cuit",fr,"Brick pastry with beef, home-made, cooked",entrées et plats composés starters and dishes,100,g,33.5,10.4,17,342,ciqual-2025-11-03
ciqual,25559,"Brick à la pomme de terre, fait maison, cuit",fr,"Fritter, filled with potatoes (filo pastry), home-made, cooked",entrées et plats composés starters and dishes,100,g,19.6,3.25,13.4,215,ciqual-2025-11-03
ciqual,25560,"Tourte au riesling (porc, riesling, champignons), préemballée",fr,"Pie (pork, riesling wine, mushrooms), prepacked",entrées et plats composés starters and dishes,100,g,23.7,10.2,12.6,251,ciqual-2025-11-03
ciqual,25561,"Tarte à la tomate, préemballée",fr,"Tart, tomato, prepacked",entrées et plats composés starters and dishes,100,g,23.4,6,11.6,225,ciqual-2025-11-03
ciqual,25562,"Crêpe ou galette complète (oeuf, jambon, fromage), préemballée",fr,"Crepe or buckwheat pancake, filled with egg, ham and cheese, prepacked",entrées et plats composés starters and dishes,100,g,15.2,15.3,9.8,219,ciqual-2025-11-03
ciqual,25564,"Tarte aux noix de Saint-Jacques, préemballée",fr,"Tart, scallops tart, prepacked",entrées et plats composés starters and dishes,100,g,21.7,7.2,11.5,222,ciqual-2025-11-03
ciqual,25565,Yakitori (brochettes japonaises grillées en sauce),fr,"Yakitori (grilled meat on skewers, Japanese-style, with sauce)",entrées et plats composés starters and dishes,100,g,9.3,26,3.3,172,ciqual-2025-11-03
ciqual,25566,"Brochette de porc, crue",fr,"Pork on skewer, raw",entrées et plats composés starters and dishes,100,g,2.1,15.6,6.5,131,ciqual-2025-11-03
ciqual,25568,"Pastilla au poulet, préemballée",fr,"Pastilla filled with chicken (pie), prepacked",entrées et plats composés starters and dishes,100,g,14.1,12.3,12.2,218,ciqual-2025-11-03
ciqual,25570,"Pizza aux lardons, oignons et fromage, préemballée",fr,"Pizza, lardoons onions and cheese, prepacked",entrées et plats composés starters and dishes,100,g,28.3,8.16,9.59,236,ciqual-2025-11-03
ciqual,25571,"Falafel ou boulette de pois-chiche et/ou fève, vente à emporter",fr,"Falafel, from take-away",entrées et plats composés starters and dishes,100,g,18.7,8.25,14.4,252,ciqual-2025-11-03
ciqual,25572,"Crêpe ou galette aux noix de Saint-Jacques, préemballée",fr,"Crepe or buckwheat pancake, filled with scallops, prepacked",entrées et plats composés starters and dishes,100,g,15.5,6.1,6.2,144,ciqual-2025-11-03
ciqual,25573,Tarte ou quiche salée (aliment moyen),fr,"Tart, savoury (average)",entrées et plats composés starters and dishes,100,g,24.3,8.04,15.1,268,ciqual-2025-11-03
ciqual,25575,"Sandwich pain de mie complet, thon crudités, préemballé",fr,"Sandwich, club, wholemeal bread, tuna and raw vegetables, prepacked",entrées et plats composés starters and dishes,100,g,24.3,9.48,7.28,207,ciqual-2025-11-03
ciqual,25576,"Sandwich pain de mie complet, jambon fromage, préemballé",fr,"Sandwich, club, wholemeal bread, ham and cheese, prepacked",entrées et plats composés starters and dishes,100,g,23.8,11.2,10.5,240,ciqual-2025-11-03
ciqual,25577,"Sandwich pain de mie complet, poulet crudités, préemballé",fr,"Sandwich, club, wholemeal bread, chicken and raw vegetables, prepacked",entrées et plats composés starters and dishes,100,g,23,8.75,7.4,199,ciqual-2025-11-03
ciqual,25578,Feuilleté ou friand salé (aliment moyen),fr,"Puff pastry, savoury (average)",entrées et plats composés starters and dishes,100,g,27.5,8.43,18.2,311,ciqual-2025-11-03
ciqual,25580,"Bouchée à la reine, garnie (aliment moyen)",fr,"Vol-au-vent, filled (average)",entrées et plats composés starters and dishes,100,g,19.1,6.42,16.3,252,ciqual-2025-11-03
ciqual,25581,"Crêpe ou galette béchamel et champignon, préemballée, cuite",fr,"Crepe or buckwheat pancake, filled with mushrooms and béchamel sauce, prepacked, cooked",entrées et plats composés starters and dishes,100,g,18.5,5.5,7.7,172,ciqual-2025-11-03
ciqual,25582,"Nem ou pâté impérial, au poulet, préemballé, cuit",fr,"Egg roll or nem, with chicken, prepacked, cooked",entrées et plats composés starters and dishes,100,g,20.9,8.06,8.1,197,ciqual-2025-11-03
ciqual,25583,"Nem ou pâté impérial, au porc, préemballé, cuit",fr,"Egg roll or nem, with pork, prepacked, cooked",entrées et plats composés starters and dishes,100,g,22.6,6.88,12.7,237,ciqual-2025-11-03
ciqual,25584,"Nem ou pâté impérial, aux crevettes et/ou au crabe, préemballé, cuit",fr,"Egg roll or nem, with shrimp and/or crab, prepacked, cooked",entrées et plats composés starters and dishes,100,g,23.7,7.44,9.2,213,ciqual-2025-11-03
ciqual,25585,"Brochette de boeuf, cuite",fr,"Beef on skewer, cooked",entrées et plats composés starters and dishes,100,g,0.33,21.9,5.2,136,ciqual-2025-11-03
ciqual,25586,"Brochette de volaille, cuite",fr,"Poultry on skewer, cooked",entrées et plats composés starters and dishes,100,g,1.39,23.1,4,134,ciqual-2025-11-03
ciqual,25587,"Parmentier de canard, préemballé, cuit",fr,"Shepherd's pie with duck, prepacked, cooked",entrées et plats composés starters and dishes,100,g,10.5,7,10.2,168,ciqual-2025-11-03
ciqual,25588,"Gratin de légumes en sauce blanche type béchamel, préemballé, cuit",fr,"Vegetables au gratin in bechamel sauce, prepacked, cooked",entrées et plats composés starters and dishes,100,g,6.74,3.56,6.5,105,ciqual-2025-11-03
ciqual,25589,"Boulette végétale au soja et/ou blé, préemballée",fr,"Plant-based ball with wheat and/or soybean, prepacked",entrées et plats composés starters and dishes,100,g,7.98,17.6,10.6,211,ciqual-2025-11-03
ciqual,25590,"Falafel ou boulette de pois-chiche et/ou fève, préemballé",fr,"Falafel, prepacked",entrées et plats composés starters and dishes,100,g,17.7,7.38,10.8,211,ciqual-2025-11-03
ciqual,25591,"Galette ou pavé aux lentilles, soja et légumes, préemballé",fr,"Plant-based burger or steak from lentil, soybean and vegetables, prepacked",entrées et plats composés starters and dishes,100,g,16.7,10.6,5.6,170,ciqual-2025-11-03
ciqual,25592,"Galette ou pavé au blé (seitan) et légumes, préemballé",fr,"Plant-based burger or steak from wheat (seitan) and vegetables, prepacked",entrées et plats composés starters and dishes,100,g,20.8,13.4,7.1,208,ciqual-2025-11-03
ciqual,25593,"Galette ou pavé au blé et soja (convient aux véganes ou végétaliens), préemballé",fr,"Plant-based burger or steak from wheat and soybean (vegan), prepacked",entrées et plats composés starters and dishes,100,g,8.15,17.5,11,215,ciqual-2025-11-03
ciqual,25594,"Galette ou pavé au blé et soja (ne convient pas aux véganes ou végétaliens), préemballé",fr,"Plant-based burger or steak from wheat and soybean (not vegan), prepacked",entrées et plats composés starters and dishes,100,g,13.3,11.1,10.2,201,ciqual-2025-11-03
ciqual,25595,"Galette ou pavé au soja et fromage, préemballé",fr,"Plant-based burger or steak from soybean and cheese, prepacked",entrées et plats composés starters and dishes,100,g,6.08,16.8,12,204,ciqual-2025-11-03
ciqual,25596,"Galette ou pavé au soja et légumes, préemballé",fr,"Plant-based burger or steak from soybean and vegetables, prepacked",entrées et plats composés starters and dishes,100,g,8.36,14.4,8.1,175,ciqual-2025-11-03
ciqual,25597,"Galette ou pavé au soja, fromage et légumes, préemballé",fr,"Plant-based burger or steak from soybean, cheese and vegetables, prepacked",entrées et plats composés starters and dishes,100,g,7.72,15.1,9.1,180,ciqual-2025-11-03
ciqual,25598,"Seitan, préemballé",fr,"Seitan, prepacked",aides culinaires et ingrédients divers miscellaneous,100,g,6.74,20.6,2.5,134,ciqual-2025-11-03
ciqual,25599,"Sandwich pain de mie complet, jambon, préemballé",fr,"Sandwich, club, wholemeal bread, ham, prepacked",entrées et plats composés starters and dishes,100,g,26.3,10.1,10.5,246,ciqual-2025-11-03
ciqual,25600,"Salade de céleri rémoulade, préemballée",fr,"Celeriac salad, with remoulade sauce, prepacked",entrées et plats composés starters and dishes,100,g,3.14,0.94,10.2,114,ciqual-2025-11-03
ciqual,25601,"Salade de thon et légumes, appertisée",fr,"Tuna salad, with vegetables, canned",entrées et plats composés starters and dishes,100,g,8.13,9.15,4.7,117,ciqual-2025-11-03
ciqual,25602,"Salade composée avec viande ou poisson, appertisée",fr,"Mixed salad, with meat/fish, canned",entrées et plats composés starters and dishes,100,g,6.4,8.06,5.3,110,ciqual-2025-11-03
ciqual,25604,"Salade verte, crue, sans assaisonnement",fr,"Green salad, raw, without seasoning","(Genus and species unknown or multiple) fruits, légumes, légumineuses et oléagineux fruits, vegetables, legumes and nuts",100,g,1.5,1.01,0.1,13.5,ciqual-2025-11-03
ciqual,25605,"Champignons à la grecque, préemballés",fr,"Greek-style marinated mushrooms, prepacked",entrées et plats composés starters and dishes,100,g,3.53,2.07,5.47,76.3,ciqual-2025-11-03
ciqual,25606,"Salade de pommes de terre, faite maison",fr,"Potato salad, homemade",entrées et plats composés starters and dishes,100,g,9.9,2.68,8.2,127,ciqual-2025-11-03
ciqual,25608,"Taboulé ou salade de semoule aux légumes, préemballé",fr,"Tabbouleh or couscous salad, with vegetables, prepacked",entrées et plats composés starters and dishes,100,g,23.7,4.88,6.7,179,ciqual-2025-11-03
ciqual,25609,"Salade de pomme de terre à la piémontaise, préemballée",fr,"Potato salad, piémontaise-style, prepacked",entrées et plats composés starters and dishes,100,g,8.87,4.5,8.3,130,ciqual-2025-11-03
ciqual,25610,"Salade de museau de boeuf, avec sauce, préemballée",fr,"Salad of ox muzzle, with sauce, prepacked",entrées et plats composés starters and dishes,100,g,0.8,11.7,7.6,118,ciqual-2025-11-03
ciqual,25614,"Salade de riz, appertisée",fr,"Rice salad, canned",entrées et plats composés starters and dishes,100,g,16.1,5.13,4.35,127,ciqual-2025-11-03
ciqual,25615,"Salade de pâtes au fromage et légumes, avec sauce",fr,"Pasta salad, vegetarian, with sauce",entrées et plats composés starters and dishes,100,g,13.7,4.4,4.8,119,ciqual-2025-11-03
ciqual,25616,"Crudité, sans assaisonnement (aliment moyen)",fr,"Raw vegetables, without dressing (average)","(Genus and species unknown or multiple) fruits, légumes, légumineuses et oléagineux fruits, vegetables, legumes and nuts",100,g,3.06,0.91,1.15,27.7,ciqual-2025-11-03
ciqual,25619,"Salade de pâtes aux légumes et poisson ou viande, avec sauce, préemballée",fr,"Pasta salad, with vegetable and meat/fish, with sauce, prepacked",entrées et plats composés starters and dishes,100,g,14.2,6.24,8.24,160,ciqual-2025-11-03
ciqual,25620,"Guacamole, préemballé",fr,"Guacamole, prepacked",aides culinaires et ingrédients divers miscellaneous,100,g,4.64,1.82,17.2,191,ciqual-2025-11-03
ciqual,25621,"Houmous, préemballé",fr,"Hummus, prepacked",aides culinaires et ingrédients divers miscellaneous,100,g,9,8.06,19.9,258,ciqual-2025-11-03
ciqual,25623,"Tarte au maroilles ou flamiche au maroilles, préemballée",fr,"Tart (flamiche), Maroilles cheese, prepacked",entrées et plats composés starters and dishes,100,g,23,14,18.3,318,ciqual-2025-11-03
ciqual,25624,"Caviar d'aubergine, préemballé",fr,"Aubergine caviar, prepacked",aides culinaires et ingrédients divers miscellaneous,100,g,4.4,1.28,13.8,154,ciqual-2025-11-03
ciqual,25625,"Crêpe ou galette au poisson et / ou fruits de mer, préemballée",fr,"Crepe or buckwheat crepe, filled with fish and/or seafood, prepacked",entrées et plats composés starters and dishes,100,g,15,7,11,190,ciqual-2025-11-03
ciqual,25626,"Macédoine de légumes en salade, avec sauce, préemballée",fr,"Mixed diced vegetables salad, with sauce, prepacked",entrées et plats composés starters and dishes,100,g,3.47,2.5,10.7,129,ciqual-2025-11-03
ciqual,25628,"Salade César au poulet (salade verte, fromage, croûtons, sauce), préemballée",fr,"Caesar's salad (salad, chicken, croûtons, sauce), prepacked",entrées et plats composés starters and dishes,100,g,4.88,8.13,10,151,ciqual-2025-11-03
ciqual,25629,"Salade végétarienne à base de boulgour et/ou quinoa et légumes, préemballée",fr,"Salad, veggie, bulgur and/or quinoa-based, with vegetables, prepacked",entrées et plats composés starters and dishes,100,g,17.4,4.06,8.3,168,ciqual-2025-11-03
ciqual,25632,"Sandwich baguette, thon crudités mayonnaise, vente à emporter",fr,"Sandwich, baguette, tuna, raw vegetables and mayonnaise, from fast food",entrées et plats composés starters and dishes,100,g,28.8,9.31,8.5,232,ciqual-2025-11-03
ciqual,25633,"Sandwich baguette, jambon beurre, vente à emporter",fr,"Sandwich, baguette, ham and butter, takeaway",entrées et plats composés starters and dishes,100,g,38.8,10.4,6,254,ciqual-2025-11-03
ciqual,25634,"Sandwich baguette, jambon emmental, vente à emporter",fr,"Sandwich, baguette, ham and emmental cheese, takeaway",entrées et plats composés starters and dishes,100,g,34.5,12,8.2,263,ciqual-2025-11-03
ciqual,25635,"Lasagnes ou cannellonis au fromage et aux épinards, préemballés",fr,"Lasagna or cannelloni with goat cheese and spinach, prepacked",entrées et plats composés starters and dishes,100,g,11.4,6.1,6.6,133,ciqual-2025-11-03
ciqual,25638,"Sandwich baguette, poulet crudités mayonnaise, vente à emporter",fr,"Sandwich, baguette, chicken, raw vegetables and mayonnaise, takeaway",entrées et plats composés starters and dishes,100,g,29.7,10.3,6.7,223,ciqual-2025-11-03
ciqual,25639,"Sandwich baguette, saucisson beurre, vente à emporter",fr,"Sandwich, baguette, dry sausage and butter, takeaway",entrées et plats composés starters and dishes,100,g,36.9,10.4,11.3,293,ciqual-2025-11-03
ciqual,25640,"Sandwich baguette, camembert beurre, vente à emporter",fr,"Sandwich, baguette, camembert cheese and butter, takeaway",entrées et plats composés starters and dishes,100,g,32.9,11.4,13.7,303,ciqual-2025-11-03
ciqual,25641,"Sandwich pain de mie complet, saucisson ou rosette, préemballé",fr,"Sandwich, club, wholemeal bread, dry sausage, prepacked",entrées et plats composés starters and dishes,100,g,26.3,11.9,19.5,336,ciqual-2025-11-03
ciqual,25642,"Salade de céleri et carotte rémoulade, préemballée",fr,"Grated celeriac and carrot salad, with remoulade sauce, prepacked",entrées et plats composés starters and dishes,100,g,5.43,1,5.33,79.6,ciqual-2025-11-03
ciqual,25643,"Burger au poulet, préemballé",fr,"Chicken burger, prepacked",entrées et plats composés starters and dishes,100,g,25.2,12.4,8.43,230,ciqual-2025-11-03
ciqual,25644,"Cheeseburger, préemballé",fr,"Cheeseburger, prepacked",entrées et plats composés starters and dishes,100,g,22.7,13.6,13,265,ciqual-2025-11-03
ciqual,25645,"Sandwich pain de mie complet, bacon crudités, préemballé",fr,"Sandwich, club, wholemeal bread, bacon and raw vegetables, prepacked",entrées et plats composés starters and dishes,100,g,25.8,9.28,12.4,257,ciqual-2025-11-03
ciqual,25646,Wrap végétarien fromage crudités,fr,"Sandwich, wrap, vegetarian",entrées et plats composés starters and dishes,100,g,19.5,9.28,13.8,246,ciqual-2025-11-03
ciqual,25647,Wrap poulet crudités,fr,"Sandwich, wrap, chicken and raw vegetables",entrées et plats composés starters and dishes,100,g,23.6,9.57,9.22,222,ciqual-2025-11-03
ciqual,25648,Wrap jambon crudités,fr,"Sandwich, wrap, ham and raw vegetables",entrées et plats composés starters and dishes,100,g,25.2,8.55,10.4,234,ciqual-2025-11-03
ciqual,25649,"Crêpe ou galette chèvre, lardon, préemballée",fr,"Crepe or buckwheat pancake, filled with lardoons and goat cheese, prepacked",entrées et plats composés starters and dishes,100,g,16.3,8.08,10.6,196,ciqual-2025-11-03
ciqual,25650,"Sandwich pain de mie complet, thon oeuf crudités, préemballé",fr,"Sandwich, club, wholemeal bread, tuna, egg and raw vegetables, prepacked",entrées et plats composés starters and dishes,100,g,23.1,9.78,6.65,196,ciqual-2025-11-03
ciqual,25651,"Sandwich pain de mie complet, saumon fumé, préemballé",fr,"Sandwich, club, wholemeal bread, smoked salmon, prepacked",entrées et plats composés starters and dishes,100,g,24.1,8.63,7.69,206,ciqual-2025-11-03
ciqual,25652,"Sandwich pain de mie complet, jambon oeuf crudités, préemballé",fr,"Sandwich, club, wholemeal bread, ham, egg and raw vegetables, prepacked",entrées et plats composés starters and dishes,100,g,25.6,8.97,7.65,213,ciqual-2025-11-03
ciqual,25653,"Sandwich pain de mie complet, jambon fromage crudités, préemballé",fr,"Sandwich, club, wholemeal bread, ham, cheese and raw vegetables, prepacked",entrées et plats composés starters and dishes,100,g,22.9,9.81,9.92,227,ciqual-2025-11-03
ciqual,25654,"Sandwich pain de mie complet, jambon crudités, préemballé",fr,"Sandwich, club, wholemeal bread, ham and raw vegetables, prepacked",entrées et plats composés starters and dishes,100,g,22.4,8.51,7.58,197,ciqual-2025-11-03
ciqual,25655,"Sandwich pain viennois, jambon oeuf crudités, préemballé",fr,"Sandwich, Viennese bread, ham, egg and raw vegetables, prepacked",entrées et plats composés starters and dishes,100,g,26.6,9.16,9.77,236,ciqual-2025-11-03
ciqual,25656,"Sandwich pain viennois, thon oeuf crudités, préemballé",fr,"Sandwich, Viennese bread, tuna, egg and raw vegetables, prepacked",entrées et plats composés starters and dishes,100,g,26.6,9.74,8.73,229,ciqual-2025-11-03
ciqual,25657,"Sandwich pain viennois, poulet oeuf crudités, préemballé",fr,"Sandwich, Viennese bread, chicken, egg and raw vegetables, prepacked",entrées et plats composés starters and dishes,100,g,27,9.94,7.32,218,ciqual-2025-11-03
ciqual,25658,"Sandwich pain viennois, poulet crudités, préemballé",fr,"Sandwich, Viennese bread, chicken and raw vegetables, prepacked",entrées et plats composés starters and dishes,100,g,26.4,10.1,9.28,234,ciqual-2025-11-03
ciqual,25659,"Sandwich pain polaire, poulet crudités, préemballé",fr,"Sandwich, polar bread, chicken and raw vegetables, prepacked",entrées et plats composés starters and dishes,100,g,28.1,9.81,7.01,218,ciqual-2025-11-03
ciqual,25660,"Sandwich pain polaire, saumon, préemballé",fr,"Sandwich, polar bread, salmon, prepacked",entrées et plats composés starters and dishes,100,g,27.2,10.7,9.05,238,ciqual-2025-11-03
ciqual,25661,"Sandwich pain polaire, jambon fromage, préemballé",fr,"Sandwich, polar bread, ham and cheese, prepacked",entrées et plats composés starters and dishes,100,g,27.2,10.5,12.3,266,ciqual-2025-11-03
ciqual,25662,"Sandwich pain de mie complet, poulet, préemballé",fr,"Sandwich, club, wholemeal bread, chicken, prepacked",entrées et plats composés starters and dishes,100,g,25.3,11.2,8.5,229,ciqual-2025-11-03
ciqual,25663,"Sandwich baguette, poulet crudités, préemballé",fr,"Sandwich, baguette, chicken, raw vegetables, prepacked",entrées et plats composés starters and dishes,100,g,28.2,9,7,216,ciqual-2025-11-03
ciqual,25664,"Salade de pomme de terre au thon, préemballée",fr,"Potato salad, with tuna, prepacked",entrées et plats composés starters and dishes,100,g,8.13,5.57,7.7,124,ciqual-2025-11-03
ciqual,25665,"Salade de pomme de terre à la saucisse, préemballée",fr,"Potato salad, with sausage, prepacked",entrées et plats composés starters and dishes,100,g,8.75,3.08,11.6,156,ciqual-2025-11-03
ciqual,25666,"Salade composée à base de crudités, charcuterie et fromage, avec sauce, préemballée",fr,"Mixed salad with raw vegetables, cold meat and cheese, with sauce, prepacked",entrées et plats composés starters and dishes,100,g,4.96,7.45,10.9,153,ciqual-2025-11-03
ciqual,25667,"Salade composée à base de crudités et produits de la mer, avec sauce, préemballée",fr,"Mixed salad with raw vegetables and fish products, with sauce, prepacked",entrées et plats composés starters and dishes,100,g,7.58,4.78,7.5,120,ciqual-2025-11-03
ciqual,25668,"Salade composée à base de crudités, oeuf et produits de la mer, avec sauce, préemballée",fr,"Mixed salad with raw vegetables, egg and fish products, with sauce, prepacked",entrées et plats composés starters and dishes,100,g,3.77,4.76,7.57,108,ciqual-2025-11-03
ciqual,25669,"Salade composée à base de crudités, poulet et fromage, avec sauce, préemballée",fr,"Mixed salad with raw vegetables, chicken and cheese, with sauce, prepacked",entrées et plats composés starters and dishes,100,g,5.28,7.13,10.8,150,ciqual-2025-11-03
ciqual,25670,"Salade composée à base de crudités et poulet, avec sauce, préemballée",fr,"Mixed salad with raw vegetables and chicken, with sauce, prepacked",entrées et plats composés starters and dishes,100,g,4.28,4.13,5.35,88,ciqual-2025-11-03
ciqual,25671,"Pizza au chèvre, préemballée",fr,"Pizza, goat cheese, prepacked",entrées et plats composés starters and dishes,100,g,27.1,9.95,9.86,241,ciqual-2025-11-03
ciqual,25674,"Nem ou pâté impérial, préemballé, cuit (aliment moyen)",fr,"Egg roll or nem, prepacked, cooked (average)",entrées et plats composés starters and dishes,100,g,22.4,7.45,10,216,ciqual-2025-11-03
ciqual,25900,"Soupe aux lentilles, préemballée à réchauffer",fr,"Soup, lentil, prepacked, to be reheated",entrées et plats composés starters and dishes,100,g,7.64,3.19,1.87,63.3,ciqual-2025-11-03
ciqual,25901,"Soupe à la volaille et aux légumes, préemballée à réchauffer",fr,"Soup, chicken and vegetables, prepacked, to be reheated",entrées et plats composés starters and dishes,100,g,2.6,3.09,0.8,30.8,ciqual-2025-11-03
ciqual,25903,"Soupe aux légumes variés, préemballée à réchauffer",fr,"Soup, mixed vegetables, prepacked, to be reheated",entrées et plats composés starters and dishes,100,g,4.5,0.84,1.45,36.8,ciqual-2025-11-03
ciqual,25904,"Soupe de poissons et/ou crustacés, préemballée à réchauffer",fr,"Soup, fish and/or crustacean, prepacked, to be reheated",entrées et plats composés starters and dishes,100,g,2.71,4.11,2.35,50,ciqual-2025-11-03
ciqual,25905,"Soupe aux légumes variés, déshydratée reconstituée",fr,"Soup, mixed vegetables, dehydrated and reconstituted",entrées et plats composés starters and dishes,100,g,5.7,0.76,0.91,35.5,ciqual-2025-11-03
ciqual,25907,"Soupe aux poireaux et pommes de terre, préemballée à réchauffer",fr,"Soup, leek and potato, prepacked, to be reheated",entrées et plats composés starters and dishes,100,g,5.12,0.91,1.25,37.1,ciqual-2025-11-03
ciqual,25908,"Soupe à la volaille et aux vermicelles, préemballée à réchauffer",fr,"Soup, chicken and vermicelli, prepacked, to be reheated",entrées et plats composés starters and dishes,100,g,3.28,1.24,0.56,23.2,ciqual-2025-11-03
ciqual,25909,"Bouillon de viande et légumes type pot-au-feu, prêt à consommer",fr,"Broth or stock, meat and vegetables, dehydrated and reconstituted",entrées et plats composés starters and dishes,100,g,0.24,0.53,0.3,5.76,ciqual-2025-11-03
ciqual,25910,"Soupe à l'oignon, préemballée à réchauffer",fr,"Soup, onion, prepacked, to be reheated",entrées et plats composés starters and dishes,100,g,4.26,1.64,3.83,60.8,ciqual-2025-11-03
ciqual,25912,"Soupe aux champignons, préemballée à réchauffer",fr,"Soup, mushroom, prepacked, to be reheated",entrées et plats composés starters and dishes,100,g,4.1,0.94,2.12,40.3,ciqual-2025-11-03
ciqual,25913,"Soupe à la carotte, préemballée à réchauffer",fr,"Soup, carrots, prepacked, to be reheated",entrées et plats composés starters and dishes,100,g,4.03,0.68,1.61,35.8,ciqual-2025-11-03
ciqual,25914,"Soupe à la tomate, préemballée à réchauffer",fr,"Soup, tomato, prepacked, to be reheated",entrées et plats composés starters and dishes,100,g,5.88,0.76,0.88,36.2,ciqual-2025-11-03
ciqual,25915,"Soupe chorba frik, à base de viande et de frik",fr,"Soup, chorba frik, with meat and frik",entrées et plats composés starters and dishes,100,g,5.4,3.75,2.5,62.9,ciqual-2025-11-03
ciqual,25916,"Soupe minestrone, préemballée à réchauffer",fr,"Soup, minestrone, prepacked, to be reheated",entrées et plats composés starters and dishes,100,g,4.97,1.51,1.93,46.5,ciqual-2025-11-03
ciqual,25917,"Soupe au pistou, déshydratée reconstituée",fr,"Soup, pistou, dehydrated and reconstituted",entrées et plats composés starters and dishes,100,g,4.77,1.01,0.28,27,ciqual-2025-11-03
ciqual,25919,"Soupe de poissons et/ou crustacés, déshydratée reconstituée",fr,"Soup, fish and/or crustacean, dehydrated and reconstituted",entrées et plats composés starters and dishes,100,g,5.66,0.91,1.54,40.9,ciqual-2025-11-03
ciqual,25923,"Soupe asiatique, avec pâtes, déshydratée reconstituée",fr,"Soup, Asian-style with noodles, dehydrated and reconstituted",entrées et plats composés starters and dishes,100,g,5.69,1.12,1.14,38.4,ciqual-2025-11-03
ciqual,25924,"Soupe marocaine, déshydratée reconstituée",fr,"Soup, Moroccan, dehydrated and reconstituted",entrées et plats composés starters and dishes,100,g,6.43,2.07,0.46,39.9,ciqual-2025-11-03
ciqual,25925,"Soupe aux poireaux et pommes de terre, déshydratée reconstituée",fr,"Soup, leek and potato, dehydrated and reconstituted",entrées et plats composés starters and dishes,100,g,4.93,0.76,1.4,36.2,ciqual-2025-11-03
ciqual,25928,"Soupe à la volaille et aux légumes, déshydratée reconstituée",fr,"Soup, chicken and vegetables, dehydrated and reconstituted",entrées et plats composés starters and dishes,100,g,4.58,0.99,0.44,27.3,ciqual-2025-11-03
ciqual,25930,"Bouillon de boeuf, déshydraté reconstitué",fr,"Broth or stock, beef, dehydrated and reconstituted",entrées et plats composés starters and dishes,100,g,0.36,0.85,0.15,6.14,ciqual-2025-11-03
ciqual,25932,"Soupe aux asperges, déshydratée reconstituée",fr,"Soup, asparagus, dehydrated and reconstituted",entrées et plats composés starters and dishes,100,g,5.38,0.79,1.34,37.4,ciqual-2025-11-03
ciqual,25933,"Soupe à la tomate et aux vermicelles, préemballée à réchauffer",fr,"Soup, tomato and vermicelli, prepacked, to be reheated",entrées et plats composés starters and dishes,100,g,6.09,1.2,0.77,38,ciqual-2025-11-03
ciqual,25934,"Soupe aux céréales et aux légumes, déshydratée reconstituée",fr,"Soup, cereals and vegetables, dehydrated and reconstituted",entrées et plats composés starters and dishes,100,g,6.8,1.4,1.4,47.8,ciqual-2025-11-03
ciqual,25935,"Soupe à la tomate, déshydratée reconstituée",fr,"Soup, tomato, dehydrated and reconstituted",entrées et plats composés starters and dishes,100,g,6.45,0.98,0.98,39.6,ciqual-2025-11-03
ciqual,25936,"Soupe aux champignons, déshydratée reconstituée",fr,"Soup, mushroom, dehydrated and reconstituted",entrées et plats composés starters and dishes,100,g,4.86,0.66,1.67,37.7,ciqual-2025-11-03
ciqual,25942,"Soupe à l'oignon, déshydratée reconstituée",fr,"Soup, onion, dehydrated and reconstituted",entrées et plats composés starters and dishes,100,g,3.36,0.5,0.38,19.4,ciqual-2025-11-03
ciqual,25945,"Soupe au potiron, préemballée à réchauffer",fr,"Soup, pumpkin, prepacked, to be reheated",entrées et plats composés starters and dishes,100,g,4.48,0.66,1.51,36.2,ciqual-2025-11-03
ciqual,25947,"Bouillon de volaille, déshydraté reconstitué",fr,"Broth or stock, poultry, dehydrated and reconstituted",entrées et plats composés starters and dishes,100,g,0.28,1.23,0.13,7.19,ciqual-2025-11-03
ciqual,25948,"Bouillon de légumes, déshydraté reconstitué",fr,"Broth or stock, vegetables, dehydrated and reconstituted",entrées et plats composés starters and dishes,100,g,0.51,0.34,0.16,4.78,ciqual-2025-11-03
ciqual,25949,"Soupe à la tomate et aux vermicelles, déshydratée reconstituée",fr,"Soup, tomato and vermicelli, dehydrated and reconstituted",entrées et plats composés starters and dishes,100,g,5.36,0.8,0.29,27.7,ciqual-2025-11-03
ciqual,25950,"Soupe à la volaille et aux vermicelles, déshydratée reconstituée",fr,"Soup, chicken and vermicelli, dehydrated and reconstituted",entrées et plats composés starters and dishes,100,g,3.85,0.78,0.24,21.2,ciqual-2025-11-03
ciqual,25953,"Soupe au pistou, préemballée à réchauffer",fr,"Soup, pistou, prepacked, to be reheated",entrées et plats composés starters and dishes,100,g,3.94,1.88,2.8,52.6,ciqual-2025-11-03
ciqual,25954,"Soupe au potiron, déshydratée reconstituée",fr,"Soup, pumpkin, dehydrated and reconstituted",entrées et plats composés starters and dishes,100,g,4.95,0.72,1.32,36.1,ciqual-2025-11-03
ciqual,25955,"Soupe asiatique, avec pâtes, préemballée à réchauffer",fr,"Soup, Asian-style with noodles, prepacked, to be reheated",entrées et plats composés starters and dishes,100,g,4.06,1.3,1.23,33.5,ciqual-2025-11-03
ciqual,25956,"Soupe minestrone, déshydratée reconstituée",fr,"Soup, minestrone, dehydrated and reconstituted",entrées et plats composés starters and dishes,100,g,5.56,1.11,0.44,32.4,ciqual-2025-11-03
ciqual,25957,"Soupe au cresson, déshydratée reconstituée",fr,"Soup, watercress, dehydrated and reconstituted",entrées et plats composés starters and dishes,100,g,3.95,0.42,0.8,25.1,ciqual-2025-11-03
ciqual,25958,"Soupe au cresson, préemballée à réchauffer",fr,"Soup, watercress, prepacked, to be reheated",entrées et plats composés starters and dishes,100,g,5.4,1,0.8,34,ciqual-2025-11-03
ciqual,25962,"Soupe aux légumes avec fromage, préemballée à réchauffer",fr,"Soup, vegetables with cheese, prepacked, to be reheated",entrées et plats composés starters and dishes,100,g,4.77,1.26,2.26,46.3,ciqual-2025-11-03
ciqual,25963,"Soupe aux légumes verts, préemballée à réchauffer",fr,"Soup, green vegetables, prepacked, to be reheated",entrées et plats composés starters and dishes,100,g,3.96,1.13,1.38,35,ciqual-2025-11-03
ciqual,25964,"Soupe aux légumes verts, déshydratée reconstituée",fr,"Soup, green vegetables, dehydrated and reconstituted",entrées et plats composés starters and dishes,100,g,4.84,0.63,1.05,32,ciqual-2025-11-03
ciqual,25965,"Soupe aux pois cassés, préemballée à réchauffer",fr,"Soup, split peas, prepacked, to be reheated",entrées et plats composés starters and dishes,100,g,5.69,2.47,1.47,48.8,ciqual-2025-11-03
ciqual,25967,"Soupe froide type gaspacho ou gazpacho, préemballée",fr,"Soup, gazpacho type, cold, prepacked",entrées et plats composés starters and dishes,100,g,3.21,0.81,2.33,40.2,ciqual-2025-11-03
ciqual,25968,"Soupe aux asperges, préemballée à réchauffer",fr,"Soup, asparagus, prepacked, to be reheated",entrées et plats composés starters and dishes,100,g,3.8,1.54,3.8,57.6,ciqual-2025-11-03
ciqual,25969,Soupe (aliment moyen),fr,Soup (average),entrées et plats composés starters and dishes,100,g,4.81,1.42,1.42,39.5,ciqual-2025-11-03
ciqual,25970,"Bouillon de viande et légumes type pot-au-feu, non dégraissé, déshydraté",fr,"Broth or stock, meat and vegetables, with fat, dehydrated",aides culinaires et ingrédients divers miscellaneous,100,g,28.9,11.6,5.4,212,ciqual-2025-11-03
ciqual,25971,"Bouillon de viande et légumes type pot-au-feu, dégraissé, déshydraté",fr,"Broth or stock, meat and vegetables, defatted, dehydrated",aides culinaires et ingrédients divers miscellaneous,100,g,30.9,10.8,3.1,197,ciqual-2025-11-03
ciqual,25972,"Soupe miso, déshydratée reconstituée",fr,"Soup, miso, dehydrated, reconstituted",entrées et plats composés starters and dishes,100,g,2.37,1.24,0.34,16.5,ciqual-2025-11-03
ciqual,25973,"Soupe aux légumes et aux vermicelles, déshydratée reconstituée",fr,"Soup, vegetables and vermicelli, dehydrated and reconstituted",entrées et plats composés starters and dishes,100,g,6.19,0.8,0.77,35.6,ciqual-2025-11-03
ciqual,25974,"Soupe aux légumes et aux vermicelles, préemballée à réchauffer",fr,"Soup, vegetables and vermicelli, prepacked, to be reheated",entrées et plats composés starters and dishes,100,g,5.4,1.07,1.01,37,ciqual-2025-11-03
ciqual,25975,"Soupe au boeuf et aux vermicelles, déshydratée reconstituée",fr,"Soup, beef and vermicelli, dehydrated and reconstituted",entrées et plats composés starters and dishes,100,g,4.29,0.87,0.15,22.6,ciqual-2025-11-03
ciqual,25976,"Soupe asiatique, avec poulet et pâtes, préemballée à réchauffer",fr,"Soup, Asian-style with chicken and noodles, prepacked, to be reheated",entrées et plats composés starters and dishes,100,g,6.3,3.96,2.75,67.6,ciqual-2025-11-03
ciqual,25990,"Mahi-mahi, chair, cuit",fr,"Mahimahi, flesh, cooked","Coryphaena hippurus viandes, oeufs, poissons meat, egg and fish",100,g,1.47,23.7,0.9,109,ciqual-2025-11-03
ciqual,25991,"Mahi-mahi, chair, cru",fr,"Mahimahi, flesh, raw","Coryphaena hippurus viandes, oeufs, poissons meat, egg and fish",100,g,1.15,18.5,0.7,84.9,ciqual-2025-11-03
ciqual,25992,"Saumon fumé, aux cinq baies",fr,"Salmon, smoked, with spices","Salmo salar (Linnaeus, 1758) viandes, oeufs, poissons meat, egg and fish",100,g,1.44,22.6,11.4,199,ciqual-2025-11-03
ciqual,25993,"Saumon fumé, à l'aneth et au citron",fr,"Salmon, smoked, marinated with dill and lemon","Salmo salar (Linnaeus, 1758) viandes, oeufs, poissons meat, egg and fish",100,g,0.37,21.2,12.8,201,ciqual-2025-11-03
ciqual,25994,"Maquereau, filet grillé, appertisé, en sauce, égoutté",fr,"Mackerel, grilled filet, canned in sauce, drained","Scomber scombrus (Linnaeus, 1758) viandes, oeufs, poissons meat, egg and fish",100,g,0.96,18.8,19.7,259,ciqual-2025-11-03
ciqual,25996,"Saumon, cuit, sans précision (aliment moyen)",fr,"Salmon, cooked (average)","Salmo salar viandes, oeufs, poissons meat, egg and fish",100,g,0.61,23.2,12.2,205,ciqual-2025-11-03
ciqual,25997,"Cabillaud, cuit, sans précision (aliment moyen)",fr,"Cod, cooked (average)","Gadus morhua morhua Linnaeus, 1758 viandes, oeufs, poissons meat, egg and fish",100,g,0,23.3,0.76,100,ciqual-2025-11-03
ciqual,25998,"Hareng fumé, doux",fr,"Atlantic herring, smoked","Clupea harengus (Linnaeus, 1758) viandes, oeufs, poissons meat, egg and fish",100,g,0.44,18.1,9.9,163,ciqual-2025-11-03
ciqual,25999,"Anchois, filets, roulés aux câpres, salés, à l'huile, semi-conserve, égouttés",fr,"Anchovy, fillets, rolled with capers, salted, in oil, semi-preserved, drained","Engraulis encrasicolus (Linnaeus, 1758) viandes, oeufs, poissons meat, egg and fish",100,g,1.56,22.9,10.6,195,ciqual-2025-11-03
ciqual,26000,"Anchois, filets, marinés à l'huile, semi-conserve, égouttés",fr,"Anchovy, fillets, marinated in oil, semi-preserved, drained","Engraulis encrasicolus (Linnaeus, 1758) viandes, oeufs, poissons meat, egg and fish",100,g,0.47,20.6,9.08,167,ciqual-2025-11-03
ciqual,26001,"Bar rayé ou bar d'Amérique, cru",fr,"American bass, raw","Morone saxatilis viandes, oeufs, poissons meat, egg and fish",100,g,0,20.3,3.58,113,ciqual-2025-11-03
ciqual,26002,"Carrelet ou plie ou plie commune, pané, frit",fr,"European plaice, breaded, fried","Pleuronectes platessa (Linnaeus, 1758) viandes, oeufs, poissons meat, egg and fish",100,g,15.2,14.3,16.8,271,ciqual-2025-11-03
ciqual,26003,"Carrelet ou plie ou plie commune, cuit à la vapeur",fr,"European plaice, steamed","Pleuronectes platessa (Linnaeus, 1758) viandes, oeufs, poissons meat, egg and fish",100,g,0,19,1.89,93,ciqual-2025-11-03
ciqual,26004,"Oeufs de lompe ou oeufs de lump, semi-conserve",fr,"Lump roe, semi-preserved","Cyclopterus lumpus Linnaeus, 1758 viandes, oeufs, poissons meat, egg and fish",100,g,1.01,10.4,3.48,77.8,ciqual-2025-11-03
ciqual,26005,"Caviar, semi-conserve",fr,"Caviar, semi-preserved","Acipenser sturio (Linnaeus, 1758) viandes, oeufs, poissons meat, egg and fish",100,g,0,25,17.1,254,ciqual-2025-11-03
ciqual,26006,"Lieu ou colin d'Alaska, cru",fr,"Alaska pollock, raw","Theragra chalcogramma viandes, oeufs, poissons meat, egg and fish",100,g,0.51,16.3,0.61,72.6,ciqual-2025-11-03
ciqual,26008,"Églefin, cuit à la vapeur",fr,"Haddock, steamed","Melanogrammus aeglefinus (Linnaeus, 1758) viandes, oeufs, poissons meat, egg and fish",100,g,0,20.9,0.6,89,ciqual-2025-11-03
ciqual,26009,"Flétan de l'Atlantique ou flétan, cru",fr,"Atlantic halibut, raw","Hippoglossus hippoglossus (Linnaeus, 1758) viandes, oeufs, poissons meat, egg and fish",100,g,0,21.2,1.31,96.5,ciqual-2025-11-03
ciqual,26010,"Hareng mariné ou rollmops, préemballé",fr,"Atlantic herring, marinated, or rollmops, prepacked","Clupea harengus (Linnaeus, 1758) viandes, oeufs, poissons meat, egg and fish",100,g,1.95,13.7,13.8,189,ciqual-2025-11-03
ciqual,26011,"Hareng, cru",fr,"Atlantic herring, raw","Clupea harengus (Linnaeus, 1758) viandes, oeufs, poissons meat, egg and fish",100,g,0,17.7,11.7,176,ciqual-2025-11-03
ciqual,26012,"Hareng, frit",fr,"Atlantic herring, fried","Clupea harengus (Linnaeus, 1758) viandes, oeufs, poissons meat, egg and fish",100,g,0,23,12.1,201,ciqual-2025-11-03
ciqual,26013,"Hareng fumé, au naturel",fr,"Atlantic herring, smoked, canned in brine","Clupea harengus (Linnaeus, 1758) viandes, oeufs, poissons meat, egg and fish",100,g,0.5,16.5,11,167,ciqual-2025-11-03
ciqual,26014,"Hareng, grillé/poêlé",fr,"Atlantic herring, grilled/pan-fried without added fat","Clupea harengus (Linnaeus, 1758) viandes, oeufs, poissons meat, egg and fish",100,g,1,21.6,11.4,193,ciqual-2025-11-03
ciqual,26016,"Limande-sole, panée, frite",fr,"Lemon sole, breaded, fried","Microstomus kitt (Walbaum, 1792) viandes, oeufs, poissons meat, egg and fish",100,g,11.9,16.7,10.2,206,ciqual-2025-11-03
ciqual,26017,"Limande-sole, cuite à la vapeur",fr,"Lemon sole, steamed","Microstomus kitt (Walbaum, 1792) viandes, oeufs, poissons meat, egg and fish",100,g,1.9,17.4,2.27,97.7,ciqual-2025-11-03
ciqual,26018,"Lotte ou baudroie, crue",fr,"Anglerfish, raw","Lophius spp. viandes, oeufs, poissons meat, egg and fish",100,g,0,15.1,0.74,67,ciqual-2025-11-03
ciqual,26019,"Maquereau, rôti/cuit au four",fr,"Mackerel, roasted/baked","Scomber scombrus (Linnaeus, 1758) viandes, oeufs, poissons meat, egg and fish",100,g,0,21.5,15.8,228,ciqual-2025-11-03
ciqual,26020,"Maquereau, frit",fr,"Mackerel, fried","Scomber scombrus (Linnaeus, 1758) viandes, oeufs, poissons meat, egg and fish",100,g,0,23.6,10.2,186,ciqual-2025-11-03
ciqual,26021,"Merlan, frit",fr,"Whiting, fried","Melangius merlangus (Linnaeus, 1758) viandes, oeufs, poissons meat, egg and fish",100,g,0.55,23.1,3.61,127,ciqual-2025-11-03
ciqual,26022,"Merlan, cuit à la vapeur",fr,"Whiting, steamed","Melangius merlangus (Linnaeus, 1758) viandes, oeufs, poissons meat, egg and fish",100,g,0,23,0.7,98.3,ciqual-2025-11-03
ciqual,26023,"Cabillaud, rôti/cuit au four",fr,"Cod, roasted/baked","Gadus morhua morhua (Linnaeus, 1758) viandes, oeufs, poissons meat, egg and fish",100,g,0,22.3,0.6,94.6,ciqual-2025-11-03
ciqual,26024,"Morue, salée, bouillie/cuite à l'eau",fr,"Cod, salted, boiled/cooked in water","Gadus morhua morhua (Linnaeus, 1758) viandes, oeufs, poissons meat, egg and fish",100,g,0,26,1.01,113,ciqual-2025-11-03
ciqual,26025,"Cabillaud, cuit à la vapeur",fr,"Cod, steamed","Gadus morhua morhua (Linnaeus, 1758) viandes, oeufs, poissons meat, egg and fish",100,g,0,24.5,0.95,106,ciqual-2025-11-03
ciqual,26026,"Mulet, rôti/cuit au four",fr,"Mullet, roasted/baked","Mugil spp. viandes, oeufs, poissons meat, egg and fish",100,g,0,24.8,4.86,143,ciqual-2025-11-03
ciqual,26027,"Pilchard, sauce tomate, appertisé, égoutté",fr,"Pilchard, in tomato sauce, canned, drained","Sardina pilchardus (Walbaum, 1792) viandes, oeufs, poissons meat, egg and fish",100,g,1.5,13,11,157,ciqual-2025-11-03
ciqual,26028,"Nuggets ou croquette panée de poisson, préemballé",fr,"Fish nuggets, breaded croquette, prepacked","(Genus and species unknown or multiple) viandes, oeufs, poissons meat, egg and fish",100,g,18.4,13.2,13.7,255,ciqual-2025-11-03
ciqual,26029,"Poisson pané, surgelé, cru",fr,"Fish, breaded, frozen, raw","(Genus and species unknown or multiple) viandes, oeufs, poissons meat, egg and fish",100,g,15.6,11,6.14,163,ciqual-2025-11-03
ciqual,26030,"Poisson pané, frit",fr,"Fish, breaded, fried, prepacked","(Genus and species unknown or multiple) viandes, oeufs, poissons meat, egg and fish",100,g,13.5,11.9,10,194,ciqual-2025-11-03
ciqual,26031,"Raie, rôtie/cuite au four",fr,"Ray, roasted/baked","Raja spp. viandes, oeufs, poissons meat, egg and fish",100,g,0,23,0.5,96.3,ciqual-2025-11-03
ciqual,26033,"Roussette ou petite roussette ou saumonette, cuite",fr,"Nursehound or lesser spotted dogfish, cooked","Scyliorhinus canicula (Linnaeus, 1758) viandes, oeufs, poissons meat, egg and fish",100,g,0,25.4,0.29,104,ciqual-2025-11-03
ciqual,26034,"Sardine, à l'huile, appertisée, égouttée",fr,"European pilchard or sardine, in oil, canned, drained","Sardina pichardus (Walbaum, 1792) viandes, oeufs, poissons meat, egg and fish",100,g,0.31,23.3,13.7,217,ciqual-2025-11-03
ciqual,26035,"Sardine, sauce tomate, appertisée, égouttée",fr,"European pilchard or sardine, in tomato sauce, canned, drained","Sardina pichardus (Walbaum, 1792) viandes, oeufs, poissons meat, egg and fish",100,g,1.83,20.2,11.6,194,ciqual-2025-11-03
ciqual,26036,"Saumon, élevage, cru",fr,"Salmon, raw, farmed","Salmo salar (Linnaeus, 1758) viandes, oeufs, poissons meat, egg and fish",100,g,0,20.5,12.4,193,ciqual-2025-11-03
ciqual,26037,Saumon fumé,fr,"Salmon, smoked","Salmo salar (Linnaeus, 1758) viandes, oeufs, poissons meat, egg and fish",100,g,0.13,22.2,10.5,184,ciqual-2025-11-03
ciqual,26038,"Saumon, cuit à la vapeur",fr,"Salmon, steamed","Salmo salar (Linnaeus, 1758) viandes, oeufs, poissons meat, egg and fish",100,g,0.9,23,11.5,199,ciqual-2025-11-03
ciqual,26039,"Thon, au naturel, appertisé, égoutté",fr,"Tuna,  canned in brine, drained","(Genus and species unknown or multiple) viandes, oeufs, poissons meat, egg and fish",100,g,0,26.8,3.94,143,ciqual-2025-11-03
ciqual,26040,"Sardine, à l'huile d'olive, appertisée, égouttée",fr,"European pilchard or sardine, in olive oil, canned, drained","Sardina pichardus (Walbaum, 1792) viandes, oeufs, poissons meat, egg and fish",100,g,0.11,23.3,14.5,224,ciqual-2025-11-03
ciqual,26041,"Thon, rôti/cuit au four",fr,"Tuna, roasted/baked","Thunnus spp. viandes, oeufs, poissons meat, egg and fish",100,g,0,29.9,1.83,136,ciqual-2025-11-03
ciqual,26042,"Turbot, sauvage, cru",fr,"Turbot, wild, raw","Psetta maxima (Linnaeus, 1758) or Scophtalmus maximus viandes, oeufs, poissons meat, egg and fish",100,g,0,17.2,2.54,91.5,ciqual-2025-11-03
ciqual,26043,"Cabillaud, cru",fr,"Cod, raw","Gadus morhua morhua (Linnaeus, 1758) viandes, oeufs, poissons meat, egg and fish",100,g,0,18.1,0.57,77.4,ciqual-2025-11-03
ciqual,26044,"Merlu, cru",fr,"European hake, raw","Merluccius merluccius (Linnaeus, 1758) viandes, oeufs, poissons meat, egg and fish",100,g,0,17.6,1.35,82.6,ciqual-2025-11-03
ciqual,26046,"Surimi, bâtonnets, tranche ou râpé saveur crabe",fr,"Surimi, on sticks, in slices or grated, crab flavour","(Genus and species unknown or multiple) viandes, oeufs, poissons meat, egg and fish",100,g,11.8,7.54,4.33,117,ciqual-2025-11-03
ciqual,26047,"Lieu noir, surgelé, cru",fr,"Saithe, frozen, raw","Pollachius virens (Linnaeus, 1758) viandes, oeufs, poissons meat, egg and fish",100,g,0,19.8,0.37,82.4,ciqual-2025-11-03
ciqual,26048,"Merlu, filet, surgelé, cru",fr,"Hake, fillet, frozen, raw","Merluccius merluccius (Linnaeus, 1758) viandes, oeufs, poissons meat, egg and fish",100,g,1.7,15.1,2.4,88.8,ciqual-2025-11-03
ciqual,26051,"Maquereau, cru",fr,"Mackerel, raw","Scomber scombrus (Linnaeus, 1758) viandes, oeufs, poissons meat, egg and fish",100,g,0.93,18.1,13.5,198,ciqual-2025-11-03
ciqual,26052,"Raie, crue",fr,"Ray, raw","Raja spp. viandes, oeufs, poissons meat, egg and fish",100,g,0.5,21.4,0.47,91.9,ciqual-2025-11-03
ciqual,26053,"Thon, cru",fr,"Tuna, raw","Thunnus spp. viandes, oeufs, poissons meat, egg and fish",100,g,2.72,24,5.38,155,ciqual-2025-11-03
ciqual,26055,"Carrelet ou plie ou plie commune, cru",fr,"European plaice, raw","Pleuronectes platessa (Linnaeus, 1758) viandes, oeufs, poissons meat, egg and fish",100,g,0,20,0.94,88.6,ciqual-2025-11-03
ciqual,26056,"Oeufs de cabillaud, fumés, semi-conserve",fr,"Cod roe, smoked, semi-preserved","Gadus morhua morhua Linnaeus, 1758 viandes, oeufs, poissons meat, egg and fish",100,g,0.1,29,4.2,154,ciqual-2025-11-03
ciqual,26057,"Limande, crue",fr,"Common dab, raw","Limanda limanda (Linnaeus, 1758) viandes, oeufs, poissons meat, egg and fish",100,g,0,18.3,0.85,80.8,ciqual-2025-11-03
ciqual,26058,"Sole, crue",fr,"Common sole, raw","Solea solea (Linnaeus, 1758) or Solea vulgaris viandes, oeufs, poissons meat, egg and fish",100,g,0,18,0.6,77.3,ciqual-2025-11-03
ciqual,26059,"Sole, cuite à la vapeur",fr,"Common sole, steamed","Solea solea (Linnaeus, 1758) or Solea vulgaris viandes, oeufs, poissons meat, egg and fish",100,g,0,20.3,1.48,94.6,ciqual-2025-11-03
ciqual,26060,"Sole, rôtie/cuite au four",fr,"Common sole, roasted/baked","Solea solea (Linnaeus, 1758) or Solea vulgaris viandes, oeufs, poissons meat, egg and fish",100,g,0,15.7,1.69,78.2,ciqual-2025-11-03
ciqual,26061,"Sole, bouillie/cuite à l'eau",fr,"Common sole, boiled/cooked in water","Solea solea (Linnaeus, 1758) or Solea vulgaris viandes, oeufs, poissons meat, egg and fish",100,g,0,15,1,69,ciqual-2025-11-03
ciqual,26062,"Sole, frite",fr,"Common sole, fried","Solea solea (Linnaeus, 1758) or Solea vulgaris viandes, oeufs, poissons meat, egg and fish",100,g,0,15.8,1,72.2,ciqual-2025-11-03
ciqual,26063,"Rascasse ou rascasse de profondeur, crue",fr,"Spiny scorpionfish, raw","Trachyscorpia cristula echinata (Köhler 1869) viandes, oeufs, poissons meat, egg and fish",100,g,0,18.9,1.33,87.6,ciqual-2025-11-03
ciqual,26064,"Thon albacore, cru",fr,"Yellowfin tuna, raw","Thunnus albacares viandes, oeufs, poissons meat, egg and fish",100,g,1,25,0.94,112,ciqual-2025-11-03
ciqual,26065,"Sardine, crue",fr,"European pilchard or sardine, raw","Sardina pichardus (Walbaum, 1792) viandes, oeufs, poissons meat, egg and fish",100,g,0,19.5,9.17,160,ciqual-2025-11-03
ciqual,26068,"Thon listao ou bonite à ventre rayé, cru",fr,"Skipjack tuna, raw","Euthynnus pelamis (Linnaeus, 1758) ou Katsuwonus pelamis viandes, oeufs, poissons meat, egg and fish",100,g,0,22,1.01,97.1,ciqual-2025-11-03
ciqual,26069,"Thon rouge, cru",fr,"Atlantic bluefin tuna, raw","Thunnus thynnus (Linnaeus, 1758) viandes, oeufs, poissons meat, egg and fish",100,g,0.59,23.3,6.81,157,ciqual-2025-11-03
ciqual,26072,"Bar commun ou loup, cru",fr,"European bass, raw","Dicentrarchus labrax (Linnaeus, 1758) viandes, oeufs, poissons meat, egg and fish",100,g,0.9,19.1,0.7,86.1,ciqual-2025-11-03
ciqual,26073,"Raie, cuite au court-bouillon",fr,"Ray, cooked in an aromatic stock","Raja spp. viandes, oeufs, poissons meat, egg and fish",100,g,0,23.2,0.57,97.8,ciqual-2025-11-03
ciqual,26074,"Roussette ou petite roussette ou saumonette, crue",fr,"Nursehound or lesser spotted dogfish, raw","Scyliorhinus canicula (Linnaeus, 1758) viandes, oeufs, poissons meat, egg and fish",100,g,0,23.3,0.5,97.8,ciqual-2025-11-03
ciqual,26075,"Loup de l'Atlantique, cru",fr,"Atlantic bass, raw","Anarhichas lupus (Linnaeus, 1758) viandes, oeufs, poissons meat, egg and fish",100,g,0,16.6,2.61,89.9,ciqual-2025-11-03
ciqual,26076,"Thon germon ou thon blanc, cru",fr,"Albacore, raw","Thunnus alalunga viandes, oeufs, poissons meat, egg and fish",100,g,0,27.2,1.37,121,ciqual-2025-11-03
ciqual,26077,"Thon germon ou thon blanc, cuit à la vapeur sous pression",fr,"Albacore, steamed under pressure","Thunnus alalunga viandes, oeufs, poissons meat, egg and fish",100,g,0,30,5.06,165,ciqual-2025-11-03
ciqual,26079,"Anchois, cru",fr,"Anchovy, raw","Engraulis encrasicolus (Linnaeus, 1758) viandes, oeufs, poissons meat, egg and fish",100,g,0,18.6,6.07,129,ciqual-2025-11-03
ciqual,26080,"Dorade royale ou daurade ou vraie daurade, sauvage, crue",fr,"Gilthead seabream, wild, raw","Sparus aurata viandes, oeufs, poissons meat, egg and fish",100,g,0.6,18.1,2.31,95.6,ciqual-2025-11-03
ciqual,26081,"Lotte ou baudroie, grillée/poêlée",fr,"Anglerfish, grilled/pan-fried without added fat","Lophius spp. viandes, oeufs, poissons meat, egg and fish",100,g,0,23,0.68,98.2,ciqual-2025-11-03
ciqual,26082,"Espadon, cru",fr,"Swordfish, raw","Xiphias gladius (Linnaeus, 1758) viandes, oeufs, poissons meat, egg and fish",100,g,1,18.9,5.97,134,ciqual-2025-11-03
ciqual,26083,"Éperlan, cru",fr,"Pond smelt, raw","Osmerus eperlanus (Linnaeus, 1758) or Osmerus spp. viandes, oeufs, poissons meat, egg and fish",100,g,0,17.5,1.7,85.4,ciqual-2025-11-03
ciqual,26084,"Cardine franche, crue",fr,"Megrim, raw","Lepidorhombus whiffiagonis (Walbaum, 1792) viandes, oeufs, poissons meat, egg and fish",100,g,0,19.9,1.53,93.4,ciqual-2025-11-03
ciqual,26085,"Rouget-barbet de roche, cru",fr,"Surmullet or red mullet, raw","Mullus surmuletus (Linnaeus, 1758) viandes, oeufs, poissons meat, egg and fish",100,g,0,18.4,9.37,158,ciqual-2025-11-03
ciqual,26086,"Maquereau, filet sauce tomate, appertisé, égoutté",fr,"Mackerel, fillet, in tomato sauce, canned, drained","Scomber scombrus (Linnaeus, 1758) viandes, oeufs, poissons meat, egg and fish",100,g,5.5,17.7,16.3,240,ciqual-2025-11-03
ciqual,26087,"Maquereau, fumé",fr,"Mackerel, smoked","Scomber scombrus (Linnaeus, 1758) viandes, oeufs, poissons meat, egg and fish",100,g,0.92,19.8,22.9,289,ciqual-2025-11-03
ciqual,26088,"Dorade royale ou daurade ou vraie daurade, élevage, crue",fr,"Gilthead seabream, raw, farmed","Sparus aurata viandes, oeufs, poissons meat, egg and fish",100,g,0,20.9,5.1,129,ciqual-2025-11-03
ciqual,26090,Haddock (fumé) ou églefin fumé,fr,"Haddock, smoked","Melanogrammus aeglefinus (Linnaeus, 1758) viandes, oeufs, poissons meat, egg and fish",100,g,0,22.6,0.73,97,ciqual-2025-11-03
ciqual,26091,"Mulet, cru",fr,"Mullet, raw","Mugil spp. viandes, oeufs, poissons meat, egg and fish",100,g,1.35,20.1,3.62,118,ciqual-2025-11-03
ciqual,26092,"Truite de mer, crue",fr,"Sea trout, raw","Salmo trutta forma marina (Linnaeus, 1758) or Salmo trutta trutta viandes, oeufs, poissons meat, egg and fish",100,g,0.81,19.6,3.63,114,ciqual-2025-11-03
ciqual,26093,"Espadon, rôti/cuit au four",fr,"Swordfish, roasted/baked","Xiphias gladius (Linnaeus, 1758) viandes, oeufs, poissons meat, egg and fish",100,g,0,28.7,16.9,266,ciqual-2025-11-03
ciqual,26094,"Turbot, rôti/cuit au four",fr,"Turbot, roasted/baked","Psetta maxima (Linnaeus, 1758) or Scophtalmus maximus viandes, oeufs, poissons meat, egg and fish",100,g,0.83,21.3,3.64,121,ciqual-2025-11-03
ciqual,26095,"Merlan, cru",fr,"Whiting, raw","Melangius merlangus (Linnaeus, 1758) viandes, oeufs, poissons meat, egg and fish",100,g,0,18.8,0.47,79.2,ciqual-2025-11-03
ciqual,26096,"Maquereau, filet sauce moutarde, appertisé, égoutté",fr,"Mackerel, fillet, in mustard sauce, canned, drained","Scomber scombrus (Linnaeus, 1758) viandes, oeufs, poissons meat, egg and fish",100,g,1.5,20.8,14.2,218,ciqual-2025-11-03
ciqual,26097,"Maquereau, filet au vin blanc, appertisé, égoutté",fr,"Mackerel, fillet in white wine, canned, drained","Scomber scombrus (Linnaeus, 1758) viandes, oeufs, poissons meat, egg and fish",100,g,1,17.8,14.1,202,ciqual-2025-11-03
ciqual,26098,"Morue, salée, sèche",fr,"Cod, salted, dried","Gadus morhua morhua (Linnaeus, 1758) viandes, oeufs, poissons meat, egg and fish",100,g,1.1,47.6,1.67,210,ciqual-2025-11-03
ciqual,26099,"Dorade grise ou daurade grise, ou griset, crue",fr,"Black seabream, raw","Spondyliosoma cantharus viandes, oeufs, poissons meat, egg and fish",100,g,0,20.5,5.27,129,ciqual-2025-11-03
ciqual,26100,"Bogue, crue",fr,"Bogue, raw","Boops boops (Linnaeus, 1758) viandes, oeufs, poissons meat, egg and fish",100,g,0.53,17.9,2.03,92.1,ciqual-2025-11-03
ciqual,26101,"Bonite ou bonite à dos rayé, crue",fr,"Bonito, raw","Sarda sarda (Bloch, 1793) viandes, oeufs, poissons meat, egg and fish",100,g,0,22.3,8.01,161,ciqual-2025-11-03
ciqual,26102,"Maquereau espagnol ou maquereau blanc ou billard, cru",fr,"Atlantic chub mackerel, raw","Scomber colias (Linnaeus, 1758) or Scomber japonicus (Linnaeus, 1758) viandes, oeufs, poissons meat, egg and fish",100,g,0,22.1,5.15,135,ciqual-2025-11-03
ciqual,26103,"Denté ou denté commun, cru",fr,"Common dentex, raw","Dentex dentex (Linnaeus, 1758) viandes, oeufs, poissons meat, egg and fish",100,g,0.65,17,3.5,102,ciqual-2025-11-03
ciqual,26104,"Saint-Pierre, cru",fr,"John dory, raw","Zeus faber  (Linnaeus, 1758) viandes, oeufs, poissons meat, egg and fish",100,g,0,19.9,0.8,86.7,ciqual-2025-11-03
ciqual,26106,"Grondin, cru",fr,"Red gurnard, raw","(Genus and species unknown or multiple) viandes, oeufs, poissons meat, egg and fish",100,g,3.4,19,2,108,ciqual-2025-11-03
ciqual,26107,"Corb, cru",fr,"Brown meagre, raw","Sciaena umbra (Linnaeus, 1758) viandes, oeufs, poissons meat, egg and fish",100,g,0,20,0.8,87.2,ciqual-2025-11-03
ciqual,26108,"Capelan, cru",fr,"Capelin, raw","Mallotus villosus (Müller,1776) viandes, oeufs, poissons meat, egg and fish",100,g,0,18.7,1.71,90,ciqual-2025-11-03
ciqual,26109,"Dorade rose ou daurade rose ou pageot rose, crue",fr,"Blackspot seabream, raw","Pagellus bogaraveo (Brünnich, 1768) viandes, oeufs, poissons meat, egg and fish",100,g,0,21,2,102,ciqual-2025-11-03
ciqual,26110,"Rouget-barbet de roche, vapeur",fr,"Surmullet or red mullet, steamed","Mullus surmuletus (Linnaeus, 1758) viandes, oeufs, poissons meat, egg and fish",100,g,0,24.1,5.2,143,ciqual-2025-11-03
ciqual,26111,"Saupe, crue",fr,"Salema, raw","Sarpa salpa viandes, oeufs, poissons meat, egg and fish",100,g,0.5,18,2.5,96.5,ciqual-2025-11-03
ciqual,26113,"Chinchard, cru",fr,"Horse mackerel, raw","Trachurus trachurus (Linnaeus, 1758) viandes, oeufs, poissons meat, egg and fish",100,g,0,19,4.42,116,ciqual-2025-11-03
ciqual,26119,"Saumon, appertisé, égoutté",fr,"Salmon, canned, drained","Salmo salar (Linnaeus, 1758) viandes, oeufs, poissons meat, egg and fish",100,g,4.9,21,4.5,144,ciqual-2025-11-03
ciqual,26120,"Merlu, cuit à l'étouffée",fr,"European hake, braised","Merluccius merluccius (Linnaeus, 1758) viandes, oeufs, poissons meat, egg and fish",100,g,0,21.2,3,112,ciqual-2025-11-03
ciqual,26122,"Églefin, cru",fr,"Haddock, raw","Melanogrammus aeglefinus (Linnaeus, 1758) viandes, oeufs, poissons meat, egg and fish",100,g,1.02,17.3,0.35,76.2,ciqual-2025-11-03
ciqual,26123,"Maquereau, filet (grillé ou non), au naturel, appertisé, égoutté",fr,"Mackerel, fillet (grilled or not grilled), canned in brine, drained","Scomber scombrus (Linnaeus, 1758) viandes, oeufs, poissons meat, egg and fish",100,g,0.018,18.8,16.2,221,ciqual-2025-11-03
ciqual,26124,"Merlan, pané",fr,"Whiting, breaded","Melangius merlangus (Linnaeus, 1758) viandes, oeufs, poissons meat, egg and fish",100,g,13,12.6,9.57,190,ciqual-2025-11-03
ciqual,26125,"Cabillaud ou morue du Pacifique, cru",fr,"Pacific cod, raw","Gadus macrocephalus (Tilesius, 1810) viandes, oeufs, poissons meat, egg and fish",100,g,0,15.3,0.41,64.8,ciqual-2025-11-03
ciqual,26126,"Églefin, grillé/poêlé",fr,"Haddock, grilled/pan-fried without added fat","Melanogrammus aeglefinus (Linnaeus, 1758) viandes, oeufs, poissons meat, egg and fish",100,g,0,20,0.55,84.9,ciqual-2025-11-03
ciqual,26127,"Congre ou congre commun, cru",fr,"Conger, raw","Conger conger (Artedi, 1738) (Linnaeus, 1758) viandes, oeufs, poissons meat, egg and fish",100,g,3.15,18.3,4.6,127,ciqual-2025-11-03
ciqual,26128,"Grenadier (de roche), cru",fr,"Roundnose grenadier, raw","Coryphaenoides rupestris viandes, oeufs, poissons meat, egg and fish",100,g,0,15.4,0.81,68.9,ciqual-2025-11-03
ciqual,26129,"Lieu jaune ou colin, cru",fr,"Pollack, raw","Pollachius pollachius (Linnaeus, 1758) viandes, oeufs, poissons meat, egg and fish",100,g,0,17.7,0.51,75.5,ciqual-2025-11-03
ciqual,26130,"Julienne ou lingue, crue",fr,"Ling, raw","Molva spp. viandes, oeufs, poissons meat, egg and fish",100,g,0,19.2,0.44,80.8,ciqual-2025-11-03
ciqual,26133,"Tacaud, cru",fr,"Pouting, raw","Trisopterus spp. viandes, oeufs, poissons meat, egg and fish",100,g,0,19.7,0.33,81.3,ciqual-2025-11-03
ciqual,26134,"Lieu noir, cru",fr,"Saithe, raw","Pollachius virens (Linnaeus, 1758) viandes, oeufs, poissons meat, egg and fish",100,g,0,18.8,0.8,82.5,ciqual-2025-11-03
ciqual,26135,"Limande-sole, crue",fr,"Lemon sole, raw","Microstomus kitt (Walbaum, 1792) viandes, oeufs, poissons meat, egg and fish",100,g,0,17,1.4,80.6,ciqual-2025-11-03
ciqual,26136,"Sardine,  grillée/poêlée",fr,"European pilchard or sardine, grilled/pan-fried without added fat","Sardina pichardus (Walbaum, 1792) viandes, oeufs, poissons meat, egg and fish",100,g,0,25.1,10.4,194,ciqual-2025-11-03
ciqual,26140,Poisson cuit (aliment moyen),fr,"Fish, cooked (average)",entrées et plats composés starters and dishes,100,g,0.32,22.5,5.62,142,ciqual-2025-11-03
ciqual,26141,"Foie de morue, cru",fr,"Cod liver, raw","Gadus morhua morhua (Linnaeus, 1758) viandes, oeufs, poissons meat, egg and fish",100,g,1,5,66.6,623,ciqual-2025-11-03
ciqual,26142,"Foie de morue, appertisé, égoutté",fr,"Cod liver, canned, drained","Gadus morhua morhua (Linnaeus, 1758) viandes, oeufs, poissons meat, egg and fish",100,g,1,7.25,44.4,433,ciqual-2025-11-03
ciqual,26146,"Vivaneau, cru",fr,"Snapper, raw","Lutjanus spp. viandes, oeufs, poissons meat, egg and fish",100,g,0,20.5,1.34,94.1,ciqual-2025-11-03
ciqual,26147,"Vivaneau, cuit",fr,"Snapper, cooked","Lutjanus spp. viandes, oeufs, poissons meat, egg and fish",100,g,0,26.3,1.72,121,ciqual-2025-11-03
ciqual,26148,"Rascasse ou rascasse de profondeur, cuite à la vapeur",fr,"Spiny scorpionfish, steamed","Trachyscorpia cristula echinata (Köhler 1869) viandes, oeufs, poissons meat, egg and fish",100,g,0,24.6,3.1,126,ciqual-2025-11-03
ciqual,26151,"Oeufs de truite, semi-conserve",fr,"Trout roe, canned","Salmo spp. viandes, oeufs, poissons meat, egg and fish",100,g,4,26.3,9.5,209,ciqual-2025-11-03
ciqual,26152,"Lieu ou colin d'Alaska, fumé",fr,"Alaska pollock, smoked","Theragra chalcogramma viandes, oeufs, poissons meat, egg and fish",100,g,0,18.3,0.9,81.3,ciqual-2025-11-03
ciqual,26153,"Sabre, cru",fr,"Largehead hairtail, raw","Trichiurus lepturus viandes, oeufs, poissons meat, egg and fish",100,g,0,18,5.9,125,ciqual-2025-11-03
ciqual,26154,"Flétan du Groënland ou flétan noir ou flétan commun, cru",fr,"Greenland halibut, raw","Reinhardtius hippoglossoides viandes, oeufs, poissons meat, egg and fish",100,g,0,13.5,12.7,168,ciqual-2025-11-03
ciqual,26157,"Carangue, cru",fr,"Crevalle jack, raw","Caranx spp. viandes, oeufs, poissons meat, egg and fish",100,g,0,19.9,2.7,104,ciqual-2025-11-03
ciqual,26159,"Coulirou, cru",fr,"Bigeye scad, raw","Selar crumenophthalmus (Bloch, 1793) viandes, oeufs, poissons meat, egg and fish",100,g,0,17.5,0.1,70.9,ciqual-2025-11-03
ciqual,26161,"Saumon, sauvage, cru",fr,"Salmon, wild, raw","Salmo salar (Linnaeus, 1758) viandes, oeufs, poissons meat, egg and fish",100,g,0,21,9.17,166,ciqual-2025-11-03
ciqual,26162,"Requin, cru",fr,"Shark, raw","Lamma nasus or Isurus oxyrinchus viandes, oeufs, poissons meat, egg and fish",100,g,1.34,20.8,2.91,115,ciqual-2025-11-03
ciqual,26166,"Orphie commune, crue",fr,"Garfish, raw","Belone belone (Linnaeus, 1758) viandes, oeufs, poissons meat, egg and fish",100,g,3.06,20,5.91,145,ciqual-2025-11-03
ciqual,26168,"Lompe, crue",fr,"Lump fish, raw","Cyclopterus lumpus viandes, oeufs, poissons meat, egg and fish",100,g,0,10,14.2,168,ciqual-2025-11-03
ciqual,26170,"Brème, cru",fr,"Freshwater bream, raw","Abramis brama (Linnaeus, 1758) viandes, oeufs, poissons meat, egg and fish",100,g,1.03,16.9,4,108,ciqual-2025-11-03
ciqual,26171,"Omble chevalier, cru",fr,"Arctic char, raw","Salvelinus alpinus (Linnaeus, 1758) viandes, oeufs, poissons meat, egg and fish",100,g,0,19.8,2.7,103,ciqual-2025-11-03
ciqual,26172,"Loup tacheté, cru",fr,"Spotted wolffish, raw","Anarhichas minor (Olafsen, 1772) viandes, oeufs, poissons meat, egg and fish",100,g,0,16.3,4.8,108,ciqual-2025-11-03
ciqual,26173,"Sprat, cru",fr,"European sprat, raw","Sprattus sprattus viandes, oeufs, poissons meat, egg and fish",100,g,0.57,19.8,11.9,189,ciqual-2025-11-03
ciqual,26174,"Turbot, cru",fr,"Turbot, raw","Psetta maxima (Linnaeus, 1758) or Scophtalmus maximus viandes, oeufs, poissons meat, egg and fish",100,g,0,17.9,1.55,85.5,ciqual-2025-11-03
ciqual,26175,"Corégone lavaret ou lavaret, cru",fr,"European whitefish, raw","Coregonus lavaretus (Linnaeus, 1758) viandes, oeufs, poissons meat, egg and fish",100,g,0,20.5,3.72,115,ciqual-2025-11-03
ciqual,26177,"Anchois, filets, salés, à l'huile, semi-conserve, égouttés",fr,"Anchovy, fillets, salted, in oil, semi-preserved, drained","Engraulis encrasicolus (Linnaeus, 1758) viandes, oeufs, poissons meat, egg and fish",100,g,0,24.9,11,199,ciqual-2025-11-03
ciqual,26178,"Mérou, cru",fr,"Grouper, raw","Epinephelus spp. viandes, oeufs, poissons meat, egg and fish",100,g,0.72,18.6,0.86,85.2,ciqual-2025-11-03
ciqual,26179,"Thon germon ou thon blanc, à l'huile d'olive, appertisé, égoutté",fr,"Albacore, in olive oil, canned, drained","Thunnus alalunga viandes, oeufs, poissons meat, egg and fish",100,g,1.01,31.3,6.95,192,ciqual-2025-11-03
ciqual,26180,"Thon à l'huile de tournesol, entier, appertisé, égoutté",fr,"Tuna, whole slice, in sunflower oil, canned, drained","Thunnus spp. viandes, oeufs, poissons meat, egg and fish",100,g,0.76,23.3,12.2,206,ciqual-2025-11-03
ciqual,26181,"Thon albacore, au naturel, appertisé, égoutté",fr,"Yellowfin tuna, canned in brine, drained","Thunnus albacares viandes, oeufs, poissons meat, egg and fish",100,g,3.67,24.8,1.46,127,ciqual-2025-11-03
ciqual,26192,"Lieu jaune ou colin, cuit",fr,"Pollock, cooked","Pollachius pollachius (Linnaeus, 1758) viandes, oeufs, poissons meat, egg and fish",100,g,0,24.4,0,97.8,ciqual-2025-11-03
ciqual,26194,"Lingue bleue, crue",fr,"Blue ling, raw","Molva dypterigia viandes, oeufs, poissons meat, egg and fish",100,g,0,18.9,0.44,79.6,ciqual-2025-11-03
ciqual,26200,"Sole tropicale ou sole-langue, crue",fr,"Tonguesole, raw","Cynoglossus spp. viandes, oeufs, poissons meat, egg and fish",100,g,0.53,15.7,0.58,70.3,ciqual-2025-11-03
ciqual,26201,"Turbot, élevage, cru",fr,"Turbot, farmed, raw","Psetta maxima (Linnaeus, 1758) or Scophtalmus maximus viandes, oeufs, poissons meat, egg and fish",100,g,0,18.3,3.94,109,ciqual-2025-11-03
ciqual,26205,"Bar commun ou loup (Méditerranée), sauvage, cru",fr,"Mediterranean bass, raw, wild","Dicentrarchus labrax (Linnaeus, 1758) viandes, oeufs, poissons meat, egg and fish",100,g,0,20.1,1.94,97.9,ciqual-2025-11-03
ciqual,26206,"Bar commun ou loup (Méditerranée), élevage, cru",fr,"Mediterranean bass, raw, farmed","Dicentrarchus labrax (Linnaeus, 1758) viandes, oeufs, poissons meat, egg and fish",100,g,0,21.4,4.25,124,ciqual-2025-11-03
ciqual,26208,"Baudroie rousse ou Lotte, crue",fr,"Anglerfish (Lophius budegassa), raw","Lophius budegassa viandes, oeufs, poissons meat, egg and fish",100,g,0,16.7,0.37,70.2,ciqual-2025-11-03
ciqual,26210,"Sébaste du nord ou grand sébaste, ou dorade sébaste, ou daurade sébaste, crue",fr,"Golden redfish, raw","Sebastes marinus viandes, oeufs, poissons meat, egg and fish",100,g,0,18.8,1.6,89.5,ciqual-2025-11-03
ciqual,26211,"Saumon, élevage, cuit au micro-onde",fr,"Salmon, microwaved, farmed","Salmo salar (Linnaeus, 1758) viandes, oeufs, poissons meat, egg and fish",100,g,0,24.2,11.4,200,ciqual-2025-11-03
ciqual,26213,"Hoki, tout lieu de pêche, cru",fr,"Grenadier, from any fishing spot, raw","Macruronus novaezelandiae or Macruronus magellanicus viandes, oeufs, poissons meat, egg and fish",100,g,0,17.8,2.36,92.3,ciqual-2025-11-03
ciqual,26214,"Hoki de Nouvelle-Zélande, cru",fr,"Blue grenadier, raw","Macruronus novaezelandiae viandes, oeufs, poissons meat, egg and fish",100,g,0,15.6,1.46,75.5,ciqual-2025-11-03
ciqual,26217,"Saumon, élevage, bouilli/cuit à l'eau",fr,"Salmon, boiled/cooked in water, farmed","Salmo salar (Linnaeus, 1758) viandes, oeufs, poissons meat, egg and fish",100,g,0,25,10.3,193,ciqual-2025-11-03
ciqual,26219,"Grondin perlon, cru",fr,"Tub gurnard, raw","Trigla lucerna viandes, oeufs, poissons meat, egg and fish",100,g,0,20.3,1.79,97.4,ciqual-2025-11-03
ciqual,26222,"Dorade grise ou daurade grise ou griset, rôtie/cuite au four",fr,"Black seabream, roasted/baked","Spondyliosoma cantharus viandes, oeufs, poissons meat, egg and fish",100,g,1.43,22.9,3.3,127,ciqual-2025-11-03
ciqual,26223,"Saumon argenté du Pacifique (coho), cru",fr,"Coho salmon, raw","Oncorhynchus kisutch viandes, oeufs, poissons meat, egg and fish",100,g,0,21.4,6.8,147,ciqual-2025-11-03
ciqual,26229,"Saumon, grillé/poêlé",fr,"Salmon, grilled/pan-fried without added fat","Salmo salar (Linnaeus, 1758) viandes, oeufs, poissons meat, egg and fish",100,g,0,25.5,13.5,223,ciqual-2025-11-03
ciqual,26230,"Saumon, élevage, rôti/cuit au four",fr,"Salmon, farmed, roasted/baked","Salmo salar (Linnaeus, 1758) viandes, oeufs, poissons meat, egg and fish",100,g,0.98,22.1,13.5,214,ciqual-2025-11-03
ciqual,26231,"Sardine, filets sans arêtes à l'huile d'olive, appertisés, égouttés",fr,"European pilchard or sardine, fillets without fishbone, in olive oil, canned, drained","Sardina pichardus (Walbaum, 1792) viandes, oeufs, poissons meat, egg and fish",100,g,1.16,23.2,11.6,202,ciqual-2025-11-03
ciqual,26232,"Hareng fumé, à l'huile",fr,"Atlantic herring, smoked, in oil","Clupea harengus (Linnaeus, 1758) viandes, oeufs, poissons meat, egg and fish",100,g,2,15.1,11,168,ciqual-2025-11-03
ciqual,26233,"Merlu blanc du Cap, surgelé, cru",fr,"Shallow-water Cape hake, frozen, raw","Merluccius capensis viandes, oeufs, poissons meat, egg and fish",100,g,0,16.1,1.52,78,ciqual-2025-11-03
ciqual,26234,"Julienne ou lingue, cuite",fr,"Ling, cooked","Molva spp. viandes, oeufs, poissons meat, egg and fish",100,g,0,24.5,0,98,ciqual-2025-11-03
ciqual,26235,"Chinchard maigre, cru",fr,"Horse mackerel, lean (spring, summer), raw","Trachurus trachurus (Linnaeus, 1758) viandes, oeufs, poissons meat, egg and fish",100,g,0,18.7,2.42,96.7,ciqual-2025-11-03
ciqual,26236,"Chinchard gras, cru",fr,"Horse mackerel, oily (autumn, winter), raw","Trachurus trachurus (Linnaeus, 1758) viandes, oeufs, poissons meat, egg and fish",100,g,0,19.6,7.66,147,ciqual-2025-11-03
ciqual,26237,"Hareng maigre, cru",fr,"Atlantic herring, lean, raw","Clupea harengus (Linnaeus, 1758) viandes, oeufs, poissons meat, egg and fish",100,g,0,18.3,4.22,111,ciqual-2025-11-03
ciqual,26238,"Hareng gras, cru",fr,"Atlantic herring, oily, raw","Clupea harengus (Linnaeus, 1758) viandes, oeufs, poissons meat, egg and fish",100,g,0.77,18.7,10.8,175,ciqual-2025-11-03
ciqual,26239,"Surimi, fourré au fromage frais",fr,"Surimi, filled with fresh cheese","(Genus and species unknown or multiple) viandes, oeufs, poissons meat, egg and fish",100,g,9.24,6.6,9.3,148,ciqual-2025-11-03
ciqual,26240,"Joëls (petits poissons entiers) pour friture, crus",fr,"Big-scale sand smelt (whole small fish), to fry, raw","Atherina boyeri viandes, oeufs, poissons meat, egg and fish",100,g,0,17.5,2.1,88.9,ciqual-2025-11-03
ciqual,26241,"Empereur, filet, sans peau, cru",fr,"Blue shark, fillet, without skin, raw","Hoplostethus spp. viandes, oeufs, poissons meat, egg and fish",100,g,0,15,1.5,73.5,ciqual-2025-11-03
ciqual,26242,"Thon à la tomate, miettes, appertisées, égouttées",fr,"Tuna, flaked, in tomato sauce, canned, drained","Thunnus spp. viandes, oeufs, poissons meat, egg and fish",100,g,4.33,13,7.67,140,ciqual-2025-11-03
ciqual,26243,"Thon, à la catalane ou à l'escabèche (sauce tomate), appertisé",fr,"Tuna, in Catalan-style or tomato sauce, canned","Thunnus spp. viandes, oeufs, poissons meat, egg and fish",100,g,6,12,8.6,149,ciqual-2025-11-03
ciqual,26244,"Rouget-barbet, filet avec peau, surgelé, cru (Thaïlande,Vietnam, Sénégal…)",fr,"Surmullet or red mullet, fillet with skin, frozen, raw (from Thailand or Senegal)","Parupeneus heptacanthus, Parupeneus cinnabarinus, Pseudupeneus prayensis viandes, oeufs, poissons meat, egg and fish",100,g,0,16.3,3.5,96.7,ciqual-2025-11-03
ciqual,26245,"Thon à l'huile de tournesol, miettes, appertisées, égouttées",fr,"Tuna, flaked, in sunflower oil, canned, drained","Thunnus spp. viandes, oeufs, poissons meat, egg and fish",100,g,0,23.4,14.8,227,ciqual-2025-11-03
ciqual,26247,"Flétan du Groënland ou flétan noir ou flétan commun, cuit à la vapeur",fr,"Greenland halibut, steamed","Reinhardtius hippoglossoides viandes, oeufs, poissons meat, egg and fish",100,g,1.28,17.3,11.6,179,ciqual-2025-11-03
ciqual,26248,"Sole, grillée/poêlée",fr,"Common sole, grilled/pan-fried without added fat","Solea solea (Linnaeus, 1758) or Solea vulgaris viandes, oeufs, poissons meat, egg and fish",100,g,0,23.6,0,94.4,ciqual-2025-11-03
ciqual,26249,"Poisson blanc, cuit (aliment moyen)",fr,"White fish, cooked (average)",entrées et plats composés starters and dishes,100,g,0.32,22,2.74,114,ciqual-2025-11-03
ciqual,26256,"Ficelle picarde, préemballée",fr,"Ham and mushroom pancake in cheese sauce, prepacked",entrées et plats composés starters and dishes,100,g,11.9,8.6,7.5,151,ciqual-2025-11-03
ciqual,26257,"Salade de carottes râpées, avec sauce, préemballée",fr,"Grated carrot salad, with sauce, prepacked",entrées et plats composés starters and dishes,100,g,5.67,0.84,4.77,74.2,ciqual-2025-11-03
ciqual,26258,"Salade de betterave, avec sauce, préemballée",fr,"Beetroot salad, with sauce, prepacked",entrées et plats composés starters and dishes,100,g,5.11,1.44,3,59.4,ciqual-2025-11-03
ciqual,26259,"Salade de chou et carotte ou coleslaw, avec sauce, préemballée",fr,"Coleslaw salad, with sauce, prepacked",entrées et plats composés starters and dishes,100,g,5.78,0.94,8.1,105,ciqual-2025-11-03
ciqual,26260,"Salade de concombre à la crème/fromage blanc, préemballée",fr,"Cucumber salad, with fresh cream/cheese sauce, prepacked",entrées et plats composés starters and dishes,100,g,0.58,1.06,7.5,77.9,ciqual-2025-11-03
ciqual,26261,"Salade de lentilles et saucisse fumée, préemballée",fr,"Lentil salad with smoked sausage, prepacked",entrées et plats composés starters and dishes,100,g,8.9,7,11.8,177,ciqual-2025-11-03
ciqual,26262,"Salade grecque, avec sauce, préemballée",fr,"Greek salad, with sauce, prepacked",entrées et plats composés starters and dishes,100,g,1.4,2,7.1,81.5,ciqual-2025-11-03
ciqual,26263,"Salade de riz au thon et légumes, avec sauce, préemballée",fr,"Rice salad, with tuna and vegetables, with sauce, prepacked",entrées et plats composés starters and dishes,100,g,16.8,5.08,5.98,145,ciqual-2025-11-03
ciqual,26264,"Gnocchi à la pomme de terre, à cuire",fr,"Gnocchi, from potato, raw",produits céréaliers cereal products,100,g,35,4.66,1.42,176,ciqual-2025-11-03
ciqual,26265,"Gnocchi à la semoule, à cuire",fr,"Gnocchi, from semolina, raw",produits céréaliers cereal products,100,g,37,6.2,2.6,200,ciqual-2025-11-03
ciqual,26266,"Croissant au jambon fromage, préemballé",fr,"Croissant filled with ham and cheese, prepacked",entrées et plats composés starters and dishes,100,g,22,8.92,14.5,258,ciqual-2025-11-03
ciqual,26267,"Tarte épinard chèvre, préemballée",fr,"Tart, goat cheese and spinach, prepacked",entrées et plats composés starters and dishes,100,g,21.3,6.69,13.1,233,ciqual-2025-11-03
ciqual,26268,"Tielle sétoise, préemballée",fr,"Pie, squid and spicy tomato sauce, prepacked",entrées et plats composés starters and dishes,100,g,29.4,8.5,14.4,285,ciqual-2025-11-03
ciqual,26269,"Taboulé ou salade de semoule au poulet, préemballé",fr,"Tabbouleh or couscous salad, with chicken, prepacked",entrées et plats composés starters and dishes,100,g,20.1,5.9,7.45,176,ciqual-2025-11-03
ciqual,26270,"Pizza au thon, préemballée",fr,"Pizza, tuna, prepacked",entrées et plats composés starters and dishes,100,g,23.7,10.2,10.6,235,ciqual-2025-11-03
ciqual,26271,"Pizza kebab, préemballée",fr,"Pizza, kebab, prepacked",entrées et plats composés starters and dishes,100,g,26.6,9.4,7.01,211,ciqual-2025-11-03
ciqual,26272,"Pizza au poulet, préemballée",fr,"Pizza, chicken, prepacked",entrées et plats composés starters and dishes,100,g,28.2,9.88,6.09,211,ciqual-2025-11-03
ciqual,26273,"Pizza type raclette ou tartiflette, préemballée",fr,"Pizza, raclette or tartiflette cheese, prepacked",entrées et plats composés starters and dishes,100,g,27.3,9.66,10.4,246,ciqual-2025-11-03
ciqual,26274,"Pizza au speck ou jambon cru, préemballée",fr,"Pizza, cured ham, prepacked",entrées et plats composés starters and dishes,100,g,27.4,10.9,8.53,234,ciqual-2025-11-03
ciqual,26275,"Oeufs de saumon du Pacifique, semi-conserve",fr,"Salmon roe, semi-preserved","(Genus and species unknown or multiple) viandes, oeufs, poissons meat, egg and fish",100,g,5.16,30.8,10.5,240,ciqual-2025-11-03
ciqual,26276,"Salade de pâtes au surimi, avec sauce, préemballée",fr,"Pasta salad, with surimi, with sauce, prepacked",entrées et plats composés starters and dishes,100,g,14.1,4.19,14.5,208,ciqual-2025-11-03
ciqual,26277,"Salade Alaska au surimi, ananas, carottes, avec sauce, préemballée",fr,"Mixed salad, Alaska-style, with surimi, pineapple, carrot, with sauce, prepacked",entrées et plats composés starters and dishes,100,g,7.12,3.81,13.4,170,ciqual-2025-11-03
ciqual,26278,"Salade de pâtes au poulet, fromage et crudités, avec sauce, préemballée",fr,"Pasta salad, with chicken, cheese and raw vegetables, with sauce, prepacked",entrées et plats composés starters and dishes,100,g,12.4,8.19,9.5,175,ciqual-2025-11-03
ciqual,26279,"Salade de pâtes aux poulet, oeuf, fromage et crudités, avec sauce, préemballée",fr,"Pasta salad, with chicken, egg, cheese and raw vegetables, with sauce, prepacked",entrées et plats composés starters and dishes,100,g,12.4,8.19,8.7,167,ciqual-2025-11-03
ciqual,26280,"Salade de pâtes au jambon cru, fromage et crudités, avec sauce, préemballée",fr,"Pasta salad, with ham, cheese and raw vegetables, with sauce, prepacked",entrées et plats composés starters and dishes,100,g,15.1,7.31,10.6,191,ciqual-2025-11-03
ciqual,26281,"Salade de chou rouge, avec sauce, préemballée",fr,"Red cabbage salad, with sauce, prepacked",entrées et plats composés starters and dishes,100,g,4.73,1.23,8.25,103,ciqual-2025-11-03
ciqual,26282,"Salade de pâtes au poulet et crudités, avec sauce, préemballée",fr,"Pasta salad, with chicken and raw vegetables, with sauce, prepacked",entrées et plats composés starters and dishes,100,g,13.5,5.91,5.52,131,ciqual-2025-11-03
ciqual,26692,"Anchois, filets, marinés à l'orientale (huile, piments…), semi-conserve, égouttés",fr,"Anchovy, fillets, marinated in oriental style (oil,chili pepper…), semi-preserved, drained","Engraulis encrasicolus (Linnaeus, 1758) viandes, oeufs, poissons meat, egg and fish",100,g,0.48,19.6,9.19,165,ciqual-2025-11-03
ciqual,26693,"Anchois, filets, salés, à l'huile de tournesol, semi-conserve, égouttés",fr,"Anchovy, fillets, salted, in sunflower oil, semi-preserved, drained","Engraulis encrasicolus (Linnaeus, 1758) viandes, oeufs, poissons meat, egg and fish",100,g,0.54,24.5,12.3,211,ciqual-2025-11-03
ciqual,26694,"Anchois, filets, salés, à l'huile d'olive, semi-conserve, égouttés",fr,"Anchovy, fillets, salted, in olive oil, semi-preserved, drained","Engraulis encrasicolus (Linnaeus, 1758) viandes, oeufs, poissons meat, egg and fish",100,g,1.36,25,9.9,197,ciqual-2025-11-03
ciqual,26695,"Saumon, sauvage, fumé",fr,"Salmon, wild, smoked","(Genus and species unknown or multiple) viandes, oeufs, poissons meat, egg and fish",100,g,0.048,23.6,2.91,121,ciqual-2025-11-03
ciqual,26696,"Saumon, élevage, fumé",fr,"Salmon, smoked, farmed","Salmo salar (Linnaeus, 1758) viandes, oeufs, poissons meat, egg and fish",100,g,0.14,22.1,11,188,ciqual-2025-11-03
ciqual,26697,"Sardine, à l'huile de tournesol, appertisée, égouttée",fr,"European pilchard or sardine, in sunflower oil, canned, drained","Sardina pichardus (Walbaum, 1792) viandes, oeufs, poissons meat, egg and fish",100,g,0.27,23.5,13.8,219,ciqual-2025-11-03
ciqual,26698,"Sardine, à l'huile d'arachide, appertisée, égouttée",fr,"European pilchard or sardine, in peanut oil, canned, drained","Sardina pichardus (Walbaum, 1792) viandes, oeufs, poissons meat, egg and fish",100,g,1.07,21.2,14.9,223,ciqual-2025-11-03
ciqual,26700,"Anchois, filets, marinés, semi-conserve, égouttés (aliment moyen)",fr,"Anchovy, marinated, semi-preserved, drained (average)","Engraulis encrasicolus (Linnaeus, 1758) viandes, oeufs, poissons meat, egg and fish",100,g,0.48,20.3,11.3,186,ciqual-2025-11-03
ciqual,26998,"Truite saumonée, sautée/poêlée",fr,"Salmon trout, sautéed/pan-fried without added fat","Salmo trutta forma lacustris (Linnaeus, 1758) viandes, oeufs, poissons meat, egg and fish",100,g,0,22,6.4,146,ciqual-2025-11-03
ciqual,26999,"Anguille, cuite (aliment moyen)",fr,"Eel, cooked (average)","Anguilla anguilla (Linnaeus, 1758) viandes, oeufs, poissons meat, egg and fish",100,g,0,22.1,13.8,213,ciqual-2025-11-03
ciqual,27000,"Anguille, rôtie/cuite au four",fr,"Eel, roasted/baked","Anguilla anguilla (Linnaeus, 1758) viandes, oeufs, poissons meat, egg and fish",100,g,0,23.6,15,229,ciqual-2025-11-03
ciqual,27001,"Anguille, bouillie/cuite à l'eau",fr,"Eel, boiled/cooked in water","Anguilla anguilla (Linnaeus, 1758) viandes, oeufs, poissons meat, egg and fish",100,g,0,20.5,12.7,197,ciqual-2025-11-03
ciqual,27002,"Brochet, rôti/cuit au four",fr,"Northern pike, roasted/baked","Esox lucius (Linnaeus, 1758) viandes, oeufs, poissons meat, egg and fish",100,g,0,23.1,0.88,100,ciqual-2025-11-03
ciqual,27003,"Carpe,  élevage, crue",fr,"Carp, raw, farmed","Cyprinus carpio viandes, oeufs, poissons meat, egg and fish",100,g,0,17.7,4.76,114,ciqual-2025-11-03
ciqual,27004,"Carpe, rôtie/cuite au four",fr,"Carp, roasted/baked","Cyprinus carpio viandes, oeufs, poissons meat, egg and fish",100,g,0,21.6,7.17,151,ciqual-2025-11-03
ciqual,27005,"Perche ou perche européenne, rôtie/cuite au four",fr,"European perch, roasted/baked","Perca fluviatilis (Linnaeus, 1758) viandes, oeufs, poissons meat, egg and fish",100,g,0,22.1,3.42,119,ciqual-2025-11-03
ciqual,27006,"Truite, rôtie/cuite au four",fr,"Trout, roasted/baked","Salmo trutta viandes, oeufs, poissons meat, egg and fish",100,g,0,26.6,8.47,183,ciqual-2025-11-03
ciqual,27007,"Truite ou truite fario, cuite à la vapeur",fr,"Trout, steamed","Salmo trutta viandes, oeufs, poissons meat, egg and fish",100,g,0,19,2.6,99.4,ciqual-2025-11-03
ciqual,27008,"Truite ou truite fario, élevage, crue",fr,"Trout, raw, farmed","Salmo trutta viandes, oeufs, poissons meat, egg and fish",100,g,0,19.3,6.22,133,ciqual-2025-11-03
ciqual,27009,"Truite arc en ciel, élevage, crue",fr,"Rainbow trout, raw, farmed","Oncorhynchus mykiss viandes, oeufs, poissons meat, egg and fish",100,g,0,19,6.24,132,ciqual-2025-11-03
ciqual,27010,"Perche ou perche européenne, crue",fr,"European perch, raw","Perca fluviatilis (Linnaeus, 1758) viandes, oeufs, poissons meat, egg and fish",100,g,0.6,17.9,1.19,84.6,ciqual-2025-11-03
ciqual,27011,"Brochet, cru",fr,"Northern pike, raw","Esox lucius (Linnaeus, 1758) viandes, oeufs, poissons meat, egg and fish",100,g,1,18.8,0.94,87.7,ciqual-2025-11-03
ciqual,27012,"Esturgeon d’Europe occidentale, cru",fr,"Sturgeon, raw","Acipenser sturio (Linnaeus, 1758) viandes, oeufs, poissons meat, egg and fish",100,g,0.87,17.7,5.84,127,ciqual-2025-11-03
ciqual,27014,"Truite arc en ciel, élevage, rôtie/cuite au four",fr,"Rainbow trout, farmed, roasted/baked","Oncorhynchus mykiss viandes, oeufs, poissons meat, egg and fish",100,g,0,21.5,6.33,143,ciqual-2025-11-03
ciqual,27015,"Truite arc en ciel, élevage, cuite à la vapeur",fr,"Rainbow trout, farmed, steamed","Oncorhynchus mykiss viandes, oeufs, poissons meat, egg and fish",100,g,0,20,4.14,117,ciqual-2025-11-03
ciqual,27016,"Anguille, crue",fr,"Eel, raw","Anguilla anguilla (Linnaeus, 1758) viandes, oeufs, poissons meat, egg and fish",100,g,2.06,16.1,18.6,240,ciqual-2025-11-03
ciqual,27017,"Pangas, poisson-chat, machoiron, cru",fr,"Brown bullhead, raw","Pangasius hypophthalmus viandes, oeufs, poissons meat, egg and fish",100,g,0,13.5,1.27,65.2,ciqual-2025-11-03
ciqual,27018,"Pangas, poisson-chat, machoiron, cuit",fr,"Pangasius, filets, cooked","Pangasius bocourti (Sauvage 1880) viandes, oeufs, poissons meat, egg and fish",100,g,0,17.5,1,79,ciqual-2025-11-03
ciqual,27019,"Tilapia, cru",fr,"Tilapia, raw","Oreochromis spp. viandes, oeufs, poissons meat, egg and fish",100,g,0,18.1,2.13,91.6,ciqual-2025-11-03
ciqual,27021,"Truite saumonée, crue",fr,"Salmon trout, raw","Salmo trutta forma lacustris (Linnaeus, 1758) viandes, oeufs, poissons meat, egg and fish",100,g,0,19.2,7.4,143,ciqual-2025-11-03
ciqual,27023,"Lotte de rivière, crue",fr,"Burbot, raw","Lota lota (Linnaeus, 1758) viandes, oeufs, poissons meat, egg and fish",100,g,0,17.8,0.66,77,ciqual-2025-11-03
ciqual,27024,"Sandre, cru",fr,"Pike-perch, raw","Lucioperca lucioperca (Linnaeus, 1758) or Sander lucioperca viandes, oeufs, poissons meat, egg and fish",100,g,1.06,18.3,1.08,87.2,ciqual-2025-11-03
ciqual,27025,"Perche du Nil, crue",fr,"Nile perch, raw","Lates niloticus viandes, oeufs, poissons meat, egg and fish",100,g,0,19.1,0.68,82.4,ciqual-2025-11-03
ciqual,27029,"Truite, élevage, fumée",fr,"Trout, smoked, farmed","Oncorhynchus mykiss viandes, oeufs, poissons meat, egg and fish",100,g,3.17,22.3,7.69,171,ciqual-2025-11-03
ciqual,27030,"Bar commun ou loup, rôti/cuit au four",fr,"European bass, roasted/baked","Dicentrarchus labrax (Linnaeus, 1758) viandes, oeufs, poissons meat, egg and fish",100,g,1.02,22.2,6.51,151,ciqual-2025-11-03
ciqual,27031,"Dorade royale ou daurade ou vraie daurade, rôtie/cuite au four",fr,"Gilthead seabream, roasted/baked","Sparus aurata viandes, oeufs, poissons meat, egg and fish",100,g,0,23.6,5.9,148,ciqual-2025-11-03
ciqual,28001,"Porc, épaule crue",fr,"Pork, shoulder, raw","viandes, oeufs, poissons meat, egg and fish",100,g,0.38,18.9,11.2,178,ciqual-2025-11-03
ciqual,28002,"Porc, poitrine crue",fr,"Pork, belly, raw","viandes, oeufs, poissons meat, egg and fish",100,g,0,17,20.5,253,ciqual-2025-11-03
ciqual,28009,"Porc, palette crue",fr,"Pork shoulder, raw","viandes, oeufs, poissons meat, egg and fish",100,g,0,24.8,12.1,208,ciqual-2025-11-03
ciqual,28010,"Porc, épaule cuite",fr,"Pork, shoulder, cooked","viandes, oeufs, poissons meat, egg and fish",100,g,0,30,14.8,253,ciqual-2025-11-03
ciqual,28100,"Porc, côte crue",fr,"Pork, chop, raw","viandes, oeufs, poissons meat, egg and fish",100,g,0.38,19.8,9.3,164,ciqual-2025-11-03
ciqual,28101,"Porc, côte grillée/poêlée",fr,"Pork, chop, grilled/pan-fried","viandes, oeufs, poissons meat, egg and fish",100,g,0,29.6,10.3,211,ciqual-2025-11-03
ciqual,28102,"Porc, rouelle de jambon crue",fr,"Pork, round steak, raw","viandes, oeufs, poissons meat, egg and fish",100,g,0,20.2,7.56,149,ciqual-2025-11-03
ciqual,28103,"Porc, rouelle de jambon cuite",fr,"Pork, round steak, cooked","viandes, oeufs, poissons meat, egg and fish",100,g,0,36.9,13.1,266,ciqual-2025-11-03
ciqual,28104,"Porc, carré cru",fr,"Pork, rack, raw","viandes, oeufs, poissons meat, egg and fish",100,g,0.4,22.7,5.94,146,ciqual-2025-11-03
ciqual,28105,"Porc, carré cuit",fr,"Pork, rack, cooked","viandes, oeufs, poissons meat, egg and fish",100,g,0.6,34.1,7.45,206,ciqual-2025-11-03
ciqual,28202,"Porc, filet maigre, en rôti, cuit",fr,"Pork, tenderloin roast, cooked","viandes, oeufs, poissons meat, egg and fish",100,g,0,28.3,9.39,198,ciqual-2025-11-03
ciqual,28203,"Porc, filet mignon cuit",fr,"Pork, filet mignon, cooked","viandes, oeufs, poissons meat, egg and fish",100,g,0,26.1,7.1,168,ciqual-2025-11-03
ciqual,28204,"Porc, filet mignon cru",fr,"Pork, filet mignon, raw","viandes, oeufs, poissons meat, egg and fish",100,g,0.4,21.2,4.09,123,ciqual-2025-11-03
ciqual,28205,"Porc, viande, cuite (aliment moyen)",fr,"Pork, meat, cooked (average)","viandes, oeufs, poissons meat, egg and fish",100,g,0.22,29.4,9.89,207,ciqual-2025-11-03
ciqual,28300,"Porc, rôti cru",fr,"Pork, roast, raw","viandes, oeufs, poissons meat, egg and fish",100,g,0.5,22.3,6.86,153,ciqual-2025-11-03
ciqual,28301,"Porc, rôti cuit",fr,"Pork, roast, cooked","viandes, oeufs, poissons meat, egg and fish",100,g,0.65,30.5,4.31,163,ciqual-2025-11-03
ciqual,28302,"Porc, échine crue",fr,"Pork, loin, raw","viandes, oeufs, poissons meat, egg and fish",100,g,0.1,17.1,18.8,238,ciqual-2025-11-03
ciqual,28400,"Porc, travers cru",fr,"Pork, spare-ribs, raw","viandes, oeufs, poissons meat, egg and fish",100,g,0.6,18,18,237,ciqual-2025-11-03
ciqual,28401,"Porc, travers braisé",fr,"Pork, spare-ribs, braised","viandes, oeufs, poissons meat, egg and fish",100,g,0,23.1,26.6,332,ciqual-2025-11-03
ciqual,28451,"Porc, échine rôtie/cuite au four",fr,"Pork, loin, roasted/baked","viandes, oeufs, poissons meat, egg and fish",100,g,0,26.2,21.2,295,ciqual-2025-11-03
ciqual,28460,"Porc, escalope de jambon crue",fr,"Pork, ham escalope, raw","viandes, oeufs, poissons meat, egg and fish",100,g,0,21.5,4.76,129,ciqual-2025-11-03
ciqual,28461,"Porc, escalope de jambon cuite",fr,"Pork, ham escalope, cooked","viandes, oeufs, poissons meat, egg and fish",100,g,0,36,6.2,200,ciqual-2025-11-03
ciqual,28470,"Porc, bardière découennée crue",fr,"Pork, back fat, rind less, raw","viandes, oeufs, poissons meat, egg and fish",100,g,0.1,4.51,80.6,744,ciqual-2025-11-03
ciqual,28471,"Porc, gorge découennée crue",fr,"Pork, jowl, rind less, raw","viandes, oeufs, poissons meat, egg and fish",100,g,0.14,11.6,47.5,475,ciqual-2025-11-03
ciqual,28472,"Porc, hachage sans jarret, sans bateau, découenné, dégraissé, désossé, cru",fr,"Pork, shoulder lower half, without rind, fat and bone, raw","viandes, oeufs, poissons meat, egg and fish",100,g,0.23,18.9,12.3,187,ciqual-2025-11-03
ciqual,28473,"Porc, jambon sans jarret, sans bateau, découenné, dégraissé, désossé, cru",fr,"Pork, way leg, without rind, fat and bone, raw","viandes, oeufs, poissons meat, egg and fish",100,g,0.28,20.9,6.3,141,ciqual-2025-11-03
ciqual,28474,"Porc, jambonneau arrière, découenné, dégraisssé, désossé, cru",fr,"Pork, knuckle oh ham, without rind, fat and bone, raw","viandes, oeufs, poissons meat, egg and fish",100,g,0.28,20.2,7.31,148,ciqual-2025-11-03
ciqual,28475,"Porc, maigre 90/10 cru",fr,"Pork, 90/10 trimming, raw","viandes, oeufs, poissons meat, egg and fish",100,g,0.24,18.8,15.1,212,ciqual-2025-11-03
ciqual,28476,"Porc, maigre 80/20 cru",fr,"Pork, 80/20 trimming, raw","viandes, oeufs, poissons meat, egg and fish",100,g,0.26,17.3,24.7,293,ciqual-2025-11-03
ciqual,28477,"Porc, palette, découennée, dégraissée, désossée, crue",fr,"Pork, shoulder upper half, without rind, fat and bone, raw","viandes, oeufs, poissons meat, egg and fish",100,g,0.25,19.9,10.4,174,ciqual-2025-11-03
ciqual,28479,"Porc, poitrine cutter, sans mouille, crue",fr,"Pork, belly, flank removed, raw","viandes, oeufs, poissons meat, egg and fish",100,g,0.22,15.9,28.7,323,ciqual-2025-11-03
ciqual,28480,"Porc, rôti filet avec chaînette, cru",fr,"Pork, eye of shortloin, raw","viandes, oeufs, poissons meat, egg and fish",100,g,0.37,22.3,6.2,146,ciqual-2025-11-03
ciqual,28501,"Lardon nature, cru",fr,"Lardoons, plain, raw","viandes, oeufs, poissons meat, egg and fish",100,g,1.01,16.6,22.1,269,ciqual-2025-11-03
ciqual,28502,"Poitrine de porc en salaison, fumée, crue",fr,"Pork belly, cured, smoked, raw","viandes, oeufs, poissons meat, egg and fish",100,g,0.79,15.6,26.1,303,ciqual-2025-11-03
ciqual,28503,Bresaola,fr,Bresaola,"viandes, oeufs, poissons meat, egg and fish",100,g,0.49,32.8,4.3,172,ciqual-2025-11-03
ciqual,28504,"Lardon nature, cuit",fr,"Lardoons, plain, cooked","viandes, oeufs, poissons meat, egg and fish",100,g,2,23.8,24.5,324,ciqual-2025-11-03
ciqual,28505,"Corned-beef, appertisé",fr,"Corned-beef, canned","viandes, oeufs, poissons meat, egg and fish",100,g,0,23.2,10.9,191,ciqual-2025-11-03
ciqual,28507,"Poitrine de porc en salaison, nature, crue",fr,"Pork belly, cured, plain, raw","viandes, oeufs, poissons meat, egg and fish",100,g,0.76,15.7,24.7,288,ciqual-2025-11-03
ciqual,28530,Oreille de porc demi-sel,fr,"Pig's ear, brined","viandes, oeufs, poissons meat, egg and fish",100,g,0.6,22.5,15.1,228,ciqual-2025-11-03
ciqual,28540,Pied de porc demi-sel,fr,"Pig's trotter, brined","viandes, oeufs, poissons meat, egg and fish",100,g,0.01,11.6,10,137,ciqual-2025-11-03
ciqual,28550,Poitrine de porc demi-sel,fr,"Pork belly, brined","viandes, oeufs, poissons meat, egg and fish",100,g,1.3,16.8,22,270,ciqual-2025-11-03
ciqual,28700,Jambon de porc à cuire ou jambon à rôtir/cuire au four,fr,"Pork ham, to cook / roast / bake","viandes, oeufs, poissons meat, egg and fish",100,g,1.75,18.8,9,163,ciqual-2025-11-03
ciqual,28720,"Lardon fumé, cru",fr,"Lardoons, smoked, raw","viandes, oeufs, poissons meat, egg and fish",100,g,0.35,16.7,22.6,272,ciqual-2025-11-03
ciqual,28723,"Lardon, cru, à teneur réduite en sel",fr,"Lardoons, plain, low salt, raw","viandes, oeufs, poissons meat, egg and fish",100,g,0.78,17.9,19,246,ciqual-2025-11-03
ciqual,28725,"Lardon fumé, cuit",fr,"Lardoons, smoked, cooked","viandes, oeufs, poissons meat, egg and fish",100,g,4.8,14.7,22.1,277,ciqual-2025-11-03
ciqual,28727,Filet de bacon,fr,"Bacon, back","viandes, oeufs, poissons meat, egg and fish",100,g,0.7,23.1,2.6,118,ciqual-2025-11-03
ciqual,28800,Jambon cru,fr,Cured ham,"viandes, oeufs, poissons meat, egg and fish",100,g,4.27,25.9,13.2,239,ciqual-2025-11-03
ciqual,28801,Jambon cru fumé,fr,"Cured ham, smoked","viandes, oeufs, poissons meat, egg and fish",100,g,0.98,24.2,16.1,246,ciqual-2025-11-03
ciqual,28803,"Jambon cuit, fumé",fr,"Cooked ham, smoked","viandes, oeufs, poissons meat, egg and fish",100,g,0.79,20,5.8,135,ciqual-2025-11-03
ciqual,28804,"Jambon cru fumé, allégé en matière grasse",fr,"Cured ham, smoked, reduced fat","viandes, oeufs, poissons meat, egg and fish",100,g,0.1,27.7,3.4,142,ciqual-2025-11-03
ciqual,28811,Jambon de Bayonne,fr,"Cured ham, from Bayonne, smoked","viandes, oeufs, poissons meat, egg and fish",100,g,4.51,28,12.6,243,ciqual-2025-11-03
ciqual,28812,Jambon sec,fr,Dry-cured ham,"viandes, oeufs, poissons meat, egg and fish",100,g,0.48,28.7,12.6,230,ciqual-2025-11-03
ciqual,28844,Jambon sec de Parme,fr,"Dry-cured ham, from Parma","viandes, oeufs, poissons meat, egg and fish",100,g,0.3,27.2,15.4,248,ciqual-2025-11-03
ciqual,28845,Jambon sec Serrano,fr,"Dry-cured ham, Serrano","viandes, oeufs, poissons meat, egg and fish",100,g,0.76,30.4,12.3,235,ciqual-2025-11-03
ciqual,28850,Coppa,fr,Coppa,"viandes, oeufs, poissons meat, egg and fish",100,g,1,25,20,284,ciqual-2025-11-03
ciqual,28858,Pancetta ou poitrine roulée sèche,fr,Pancetta,"viandes, oeufs, poissons meat, egg and fish",100,g,2.49,20.2,28.8,349,ciqual-2025-11-03
ciqual,28860,Viande des Grisons,fr,Viande des Grisons or dried beef meat,"viandes, oeufs, poissons meat, egg and fish",100,g,0.56,38.9,5.47,207,ciqual-2025-11-03
ciqual,28900,"Jambon cuit, supérieur",fr,"Cooked ham, superior quality","viandes, oeufs, poissons meat, egg and fish",100,g,0.76,21,2.83,113,ciqual-2025-11-03
ciqual,28901,"Jambon cuit, supérieur, avec couenne",fr,"Cooked ham, superior quality, with rind","viandes, oeufs, poissons meat, egg and fish",100,g,0.91,20.4,3.59,118,ciqual-2025-11-03
ciqual,28902,"Jambon cuit, supérieur, découenné",fr,"Cooked ham, superior quality, rind less","viandes, oeufs, poissons meat, egg and fish",100,g,0.77,20.5,3.52,117,ciqual-2025-11-03
ciqual,28905,Jambon à l'os braisé,fr,Braised ham on the bone,"viandes, oeufs, poissons meat, egg and fish",100,g,0.3,21.6,12.3,198,ciqual-2025-11-03
ciqual,28906,"Jambon cuit, supérieur, découenné dégraissé",fr,"Cooked ham, superior quality, rind less defatted","viandes, oeufs, poissons meat, egg and fish",100,g,0.14,20.3,3.66,115,ciqual-2025-11-03
ciqual,28907,"Jambon cuit, supérieur, dégraissé découenne, à teneur réduite en sel",fr,"Cooked ham, superior quality, rind less defatted, low salt","viandes, oeufs, poissons meat, egg and fish",100,g,0.74,20.8,3.83,121,ciqual-2025-11-03
ciqual,28910,"Jambon cuit, choix",fr,"Cooked ham, choice","viandes, oeufs, poissons meat, egg and fish",100,g,1.7,19.5,4.5,125,ciqual-2025-11-03
ciqual,28911,"Épaule de porc, cuite, choix, découennée dégraissée",fr,"Cooked pork shoulder, choice, rind less defatted","viandes, oeufs, poissons meat, egg and fish",100,g,2.8,18,4.5,124,ciqual-2025-11-03
ciqual,28912,"Jambon cuit, choix, avec couenne",fr,"Cooked ham, choice, with rind","viandes, oeufs, poissons meat, egg and fish",100,g,0.55,19.4,6.3,137,ciqual-2025-11-03
ciqual,28913,"Jambon cuit, choix, découenné dégraissé",fr,"Cooked ham, choice, rind less defatted","viandes, oeufs, poissons meat, egg and fish",100,g,1.88,19.6,3.24,115,ciqual-2025-11-03
ciqual,28917,Rond de jambon cuit,fr,"Round of ham, cooked","viandes, oeufs, poissons meat, egg and fish",100,g,1.4,20.3,10.6,182,ciqual-2025-11-03
ciqual,28922,"Dés, allumettes, râpé ou haché de jambon",fr,"Ham, cube, grated or minced","viandes, oeufs, poissons meat, egg and fish",100,g,2.08,17.9,4.46,120,ciqual-2025-11-03
ciqual,28924,"Épaule de porc, cuite, standard, découennée dégraissée",fr,"Cooked pork shoulder, standard, rind less defatted","viandes, oeufs, poissons meat, egg and fish",100,g,2.89,13.7,5.98,123,ciqual-2025-11-03
ciqual,28925,"Jambon cuit, de Paris, découenné dégraissé",fr,"Cooked ham, Parisian-style, rind less defatted","viandes, oeufs, poissons meat, egg and fish",100,g,1.08,20,3.42,115,ciqual-2025-11-03
ciqual,28927,Haché de volaille,fr,"Poultry, minced meat","viandes, oeufs, poissons meat, egg and fish",100,g,3.5,17.7,5.68,137,ciqual-2025-11-03
ciqual,28929,"Dés, allumettes, râpé ou haché de jambon de volaille",fr,"Ham, from poultry, cube, grated or minced","viandes, oeufs, poissons meat, egg and fish",100,g,1.58,18,5.88,132,ciqual-2025-11-03
ciqual,28960,"Jambonneau, cuit",fr,"Knuckle of ham, cooked","viandes, oeufs, poissons meat, egg and fish",100,g,5.43,20,6,157,ciqual-2025-11-03
ciqual,28963,Jambon de poulet ou blanc de poulet en tranche,fr,"Cooked ham, from chicken, in slices","viandes, oeufs, poissons meat, egg and fish",100,g,1.39,20.7,1.79,105,ciqual-2025-11-03
ciqual,28964,Jambon de dinde ou blanc de dinde en tranche,fr,"Cooked ham, from turkey, in slices","viandes, oeufs, poissons meat, egg and fish",100,g,0.023,20.9,1.67,99.3,ciqual-2025-11-03
ciqual,28965,"Jambon de volaille ou blanc de volaille, à teneur réduite en sel, en tranche",fr,"Cooked ham, from poultry, low salt, in slices","viandes, oeufs, poissons meat, egg and fish",100,g,1.6,21.3,1.65,108,ciqual-2025-11-03
ciqual,28976,"Rôti de volaille en salaison, cuit",fr,"Poultry roast, brined, cooked","viandes, oeufs, poissons meat, egg and fish",100,g,1.28,22,1.73,109,ciqual-2025-11-03
ciqual,29209,"Boisson au soja et jus de fruits concentrés, préemballée",fr,"Soy drink with concentrated fruit juice, prepacked",eaux et autres boissons beverages,100,g,9.5,2.3,1,56.2,ciqual-2025-11-03
ciqual,3000,"Lait 1er âge, poudre soluble (préparation pour nourrissons)",fr,"Baby milk, infant formula, powder",aliments infantiles baby food,100,g,55,10.7,25.3,496,ciqual-2025-11-03
ciqual,30005,Chipolata cuite,fr,"Chipolata sausage, cooked","viandes, oeufs, poissons meat, egg and fish",100,g,0.8,18.8,22.4,283,ciqual-2025-11-03
ciqual,30011,Saucisse de Toulouse cuite,fr,"Toulouse sausage, cooked","viandes, oeufs, poissons meat, egg and fish",100,g,1.28,18.8,22.1,279,ciqual-2025-11-03
ciqual,3002,"Lait 2e âge, poudre soluble (préparation de suite)",fr,"Baby milk, follow-on formula, powder",aliments infantiles baby food,100,g,56.3,11.4,23.2,484,ciqual-2025-11-03
ciqual,30050,Chair à saucisse crue,fr,"Sausage meat, raw","viandes, oeufs, poissons meat, egg and fish",100,g,0.6,14.7,29.1,323,ciqual-2025-11-03
ciqual,30051,"Chair à saucisse, pur porc, crue",fr,"Sausage meat, pure pork, raw","viandes, oeufs, poissons meat, egg and fish",100,g,0,16.9,21.2,258,ciqual-2025-11-03
ciqual,30052,Farce porc et boeuf crue,fr,"Sausage meat, pork and beef, raw","viandes, oeufs, poissons meat, egg and fish",100,g,4.4,11.8,26.5,309,ciqual-2025-11-03
ciqual,30104,Saucisse de Morteau,fr,Morteaux sausage,"viandes, oeufs, poissons meat, egg and fish",100,g,1.17,16,36.6,398,ciqual-2025-11-03
ciqual,30105,"Saucisse de Montbéliard, à cuire",fr,Montbeliard sausage to cook,"viandes, oeufs, poissons meat, egg and fish",100,g,1.72,17.3,27.3,322,ciqual-2025-11-03
ciqual,30108,Saucisse de Morteau bouillie/cuite à l'eau,fr,"Morteaux sausage, boiled/cooked in water","viandes, oeufs, poissons meat, egg and fish",100,g,0,15.2,29.1,323,ciqual-2025-11-03
ciqual,30110,Saucisse de Toulouse crue,fr,"Toulouse sausage, raw","viandes, oeufs, poissons meat, egg and fish",100,g,0.64,13.3,29.5,321,ciqual-2025-11-03
ciqual,30115,Chipolata crue,fr,"Chipolata sausage, raw","viandes, oeufs, poissons meat, egg and fish",100,g,1,15.8,20.6,253,ciqual-2025-11-03
ciqual,30130,Saucisse de volaille façon charcutière,fr,"Poultry sausage, delicatessen-style","viandes, oeufs, poissons meat, egg and fish",100,g,1.14,15.6,19.1,239,ciqual-2025-11-03
ciqual,30131,Saucisse de volaille type knack,fr,"Poultry sausage, knack-style","viandes, oeufs, poissons meat, egg and fish",100,g,1.82,14,18.9,236,ciqual-2025-11-03
ciqual,30134,Saucisse de Francfort,fr,Frankfurter sausage,"viandes, oeufs, poissons meat, egg and fish",100,g,3.37,13.7,23.4,279,ciqual-2025-11-03
ciqual,30150,Merguez crue,fr,"Merguez sausage, raw","viandes, oeufs, poissons meat, egg and fish",100,g,1.15,13.8,26.8,301,ciqual-2025-11-03
ciqual,30155,"Merguez, boeuf et mouton, cuite",fr,"Merguez sausage, beef and mutton, cooked","viandes, oeufs, poissons meat, egg and fish",100,g,1.8,19.8,21.8,283,ciqual-2025-11-03
ciqual,30156,"Merguez, boeuf et mouton, crue",fr,"Merguez sausage, beef and mutton, raw","viandes, oeufs, poissons meat, egg and fish",100,g,2.8,14,27.6,315,ciqual-2025-11-03
ciqual,30176,Saucisse de foie,fr,Liver sausage,"viandes, oeufs, poissons meat, egg and fish",100,g,0.9,11.7,35.9,374,ciqual-2025-11-03
ciqual,30181,"Haché végétal à base de soja, préemballé",fr,"Soy-based minced meat imitate, prepacked",entrées et plats composés starters and dishes,100,g,7.01,12.6,5.8,143,ciqual-2025-11-03
ciqual,30300,Saucisson sec,fr,Dry sausage,"viandes, oeufs, poissons meat, egg and fish",100,g,5.48,24.2,33.1,418,ciqual-2025-11-03
ciqual,30301,Saucisson sec pur porc,fr,"Dry sausage, pure pork","viandes, oeufs, poissons meat, egg and fish",100,g,1.79,28.7,32.3,417,ciqual-2025-11-03
ciqual,30302,"Saucisson sec pur porc, qualité supérieure",fr,"Dry sausage, pure pork, superior quality","viandes, oeufs, poissons meat, egg and fish",100,g,2.1,27.7,27.6,368,ciqual-2025-11-03
ciqual,30304,Rosette ou fuseau,fr,Rosette dry sausage,"viandes, oeufs, poissons meat, egg and fish",100,g,4.86,24.2,30.7,392,ciqual-2025-11-03
ciqual,30308,Saucisson sec de Lyon pur porc,fr,"Dry sausage, from Lyon, pure pork","viandes, oeufs, poissons meat, egg and fish",100,g,0.83,12.8,22,255,ciqual-2025-11-03
ciqual,30309,Saucisse sèche,fr,"Dry sausage, thin size","viandes, oeufs, poissons meat, egg and fish",100,g,4.04,27.3,37.1,460,ciqual-2025-11-03
ciqual,30311,Saucisson sec aux noix et/ou noisettes,fr,Dry sausage with walnuts and/or hazelnuts,"viandes, oeufs, poissons meat, egg and fish",100,g,1.78,27.7,39.7,477,ciqual-2025-11-03
ciqual,30312,Pavé au poivre (charcuterie),fr,"Dry sausage, with pepper","viandes, oeufs, poissons meat, egg and fish",100,g,1.51,23.5,30.3,374,ciqual-2025-11-03
ciqual,30314,Saucisson sec allégé en matière grasse,fr,"Dry sausage, reduced fat","viandes, oeufs, poissons meat, egg and fish",100,g,1.57,34.6,15.7,286,ciqual-2025-11-03
ciqual,30315,Chorizo,fr,Spicy pork sausage with red pepper,"viandes, oeufs, poissons meat, egg and fish",100,g,1.24,23.5,36.1,425,ciqual-2025-11-03
ciqual,30316,"Chorizo supérieur, doux ou fort, type saucisse sèche",fr,"Spicy pork sausage with red pepper, dry","viandes, oeufs, poissons meat, egg and fish",100,g,1.87,20.9,41.9,474,ciqual-2025-11-03
ciqual,30317,"Chorizo supérieur, doux ou fort, type charcuterie en tranches",fr,"Spicy pork sausage with red pepper, in slices","viandes, oeufs, poissons meat, egg and fish",100,g,1.47,22.6,23.9,320,ciqual-2025-11-03
ciqual,30350,Salami,fr,Salami,"viandes, oeufs, poissons meat, egg and fish",100,g,2.59,17.7,41.8,457,ciqual-2025-11-03
ciqual,30351,Salami pur porc,fr,"Salami, pure pork","viandes, oeufs, poissons meat, egg and fish",100,g,0.75,17,41.5,446,ciqual-2025-11-03
ciqual,30366,Salami type danois,fr,"Salami, Danish-style","viandes, oeufs, poissons meat, egg and fish",100,g,2.42,14.5,43,455,ciqual-2025-11-03
ciqual,30700,Saucisson à l'ail,fr,Garlic sausage,"viandes, oeufs, poissons meat, egg and fish",100,g,0.56,15,23.6,276,ciqual-2025-11-03
ciqual,30701,Saucisson pur porc cuit,fr,"Sausage, pure pork, cooked","viandes, oeufs, poissons meat, egg and fish",100,g,1.3,13.8,29,322,ciqual-2025-11-03
ciqual,30707,"Saucisson brioché, cuit",fr,"Sausage in a brioche crust, cooked","viandes, oeufs, poissons meat, egg and fish",100,g,20.9,14.7,17.4,303,ciqual-2025-11-03
ciqual,30730,Cervelas,fr,Saveloy or cervelat,"viandes, oeufs, poissons meat, egg and fish",100,g,1.56,11.9,24.8,278,ciqual-2025-11-03
ciqual,30731,Cervelas obernois,fr,"Saveloy or cervelat, from Obernai Alsace","viandes, oeufs, poissons meat, egg and fish",100,g,1,13,27.5,305,ciqual-2025-11-03
ciqual,30732,"Cervelas à l'ail, pur porc",fr,"Saveloy or cervelat with garlic, pure pork","viandes, oeufs, poissons meat, egg and fish",100,g,0.2,12.5,27.4,297,ciqual-2025-11-03
ciqual,30742,"Saucisse de Strasbourg ou knack, à cuire",fr,"Strasbourg sausage, to cook","viandes, oeufs, poissons meat, egg and fish",100,g,1.39,12.4,25.9,291,ciqual-2025-11-03
ciqual,30743,"Saucisse de Strasbourg ou knack, à teneur réduite en sel, à cuire",fr,"Strasbourg sausage, low salt, to cook","viandes, oeufs, poissons meat, egg and fish",100,g,1.5,12,25.3,284,ciqual-2025-11-03
ciqual,30746,Saucisse cocktail,fr,Cocktail sausage,"viandes, oeufs, poissons meat, egg and fish",100,g,1.46,12.7,25.9,290,ciqual-2025-11-03
ciqual,30764,Saucisse de jambon pur porc,fr,"Ham sausage, pure pork","viandes, oeufs, poissons meat, egg and fish",100,g,3.96,15.7,17.5,236,ciqual-2025-11-03
ciqual,30780,Saucisse (aliment moyen),fr,Sausage (average),"viandes, oeufs, poissons meat, egg and fish",100,g,1.22,17.4,23.4,286,ciqual-2025-11-03
ciqual,30789,Mortadelle,fr,Mortadella,"viandes, oeufs, poissons meat, egg and fish",100,g,0.69,15.2,27.4,310,ciqual-2025-11-03
ciqual,30790,"Mortadelle, pur porc",fr,"Mortadella, pure pork","viandes, oeufs, poissons meat, egg and fish",100,g,4.46,14.8,25.8,310,ciqual-2025-11-03
ciqual,30791,"Mortadelle, porc et boeuf",fr,"Mortadella, pork and beef","viandes, oeufs, poissons meat, egg and fish",100,g,2.53,16.4,25.4,304,ciqual-2025-11-03
ciqual,30797,Mortadelle pistachée pur porc,fr,"Mortadella with pistachios, pure pork","viandes, oeufs, poissons meat, egg and fish",100,g,0.42,14.4,28.2,317,ciqual-2025-11-03
ciqual,30801,Saucisson de cheval type cervelas,fr,"Horse sausage, cervelas type","viandes, oeufs, poissons meat, egg and fish",100,g,1.4,14.2,20,244,ciqual-2025-11-03
ciqual,30886,"Gelée, autres fruits ou mélange de fruits (extra ou classique)",fr,"Jelly, all fruits",produits sucrés sugar and confectionery,100,g,61.9,0.1,0.1,252,ciqual-2025-11-03
ciqual,30887,"Confiture, autres fruits ou mélange de fruits, allégée en sucres (extra ou classique)",fr,"Other jam, reduced sugar",produits sucrés sugar and confectionery,100,g,38,0.75,0.21,162,ciqual-2025-11-03
ciqual,30888,Marmelade ou confiture d'autres agrumes ou mélange d'agrumes (extra ou classique),fr,"Marmalade or jam, other citrus fruits or mixed citrus fruits",produits sucrés sugar and confectionery,100,g,59.5,0.33,0.2,,ciqual-2025-11-03
ciqual,30889,"Marmelade ou confiture d'orange, allégée en sucres",fr,"Marmalade or jam, orange, reduced sugar",produits sucrés sugar and confectionery,100,g,40.6,0.25,0.063,,ciqual-2025-11-03
ciqual,30900,Charcuterie (aliment moyen),fr,Cured meat and sausages (average),"viandes, oeufs, poissons meat, egg and fish",100,g,1.94,18.6,17.5,241,ciqual-2025-11-03
ciqual,30990,Confiture de mûre (extra ou classique),fr,"Jam, blackberry",produits sucrés sugar and confectionery,100,g,58.3,0.44,0.63,245,ciqual-2025-11-03
ciqual,30991,Gelée de mûre (extra ou classique),fr,"Jelly, blackberry",produits sucrés sugar and confectionery,100,g,60,0.53,0.28,245,ciqual-2025-11-03
ciqual,30992,Confiture de rhubarbe (extra ou classique),fr,"Jam, rhubarb",produits sucrés sugar and confectionery,100,g,58.6,0.26,0.057,239,ciqual-2025-11-03
ciqual,30993,Confiture de pêche (extra ou classique),fr,"Jam, peach",produits sucrés sugar and confectionery,100,g,59.5,0.27,0.075,242,ciqual-2025-11-03
ciqual,30994,Confiture de figue (extra ou classique),fr,"Jam, fig",produits sucrés sugar and confectionery,100,g,59.1,0.63,0.17,243,ciqual-2025-11-03
ciqual,30995,"Confiture de fraise, allégée en sucres",fr,"Jam, strawberry, reduced sugar",produits sucrés sugar and confectionery,100,g,40.3,0.31,0.1,166,ciqual-2025-11-03
ciqual,30996,"Confiture d'abricot, allégée en sucres",fr,"Jam, apricot, reduced sugar",produits sucrés sugar and confectionery,100,g,40.5,0.41,0.067,167,ciqual-2025-11-03
ciqual,30997,"Confiture de framboise, allégée en sucres",fr,"Jam, raspberry, reduced sugar",produits sucrés sugar and confectionery,100,g,39.2,0.68,0.14,167,ciqual-2025-11-03
ciqual,30998,Gelée de framboise (extra ou classique),fr,"Jelly, raspberry",produits sucrés sugar and confectionery,100,g,61,0.56,0.1,249,ciqual-2025-11-03
ciqual,30999,"Confiture ou marmelade, tout type de fruits, sans précision sur la teneur en sucres (aliment moyen)",fr,"Jam or marmalade, miscellaneaous fruits, sugar content unknown, (average)",produits sucrés sugar and confectionery,100,g,57.1,0.36,0.27,235,ciqual-2025-11-03
ciqual,31000,Barre chocolatée biscuitée,fr,Chocolate bar with biscuit,produits sucrés sugar and confectionery,100,g,61.4,5.56,24.1,492,ciqual-2025-11-03
ciqual,31001,Barre chocolatée non biscuitée enrobée,fr,"Chocolate bar, chocolate-coated, without biscuit",produits sucrés sugar and confectionery,100,g,66.4,3.7,24.1,496,ciqual-2025-11-03
ciqual,31002,"Barre à la noix de coco, enrobée de chocolat",fr,"Coconut bar, chocolate-coated",produits sucrés sugar and confectionery,100,g,60.2,3.88,23.8,475,ciqual-2025-11-03
ciqual,31004,"Chocolat au lait, tablette",fr,"Milk chocolate, bar",produits sucrés sugar and confectionery,100,g,58.9,7.5,30.8,550,ciqual-2025-11-03
ciqual,31005,"Chocolat noir 50 % de cacao environ, tablette",fr,"Dark chocolate, 50% cocoa, bar",produits sucrés sugar and confectionery,100,g,53,5.98,29.6,521,ciqual-2025-11-03
ciqual,31006,"Confiture ou marmelade ou gelée, tout type de fruits, non allégée en sucres (aliment moyen)",fr,"Jam or marmalade, miscellaneaous fruits (not reduced sugar) (average)",produits sucrés sugar and confectionery,100,g,59.3,0.33,0.28,244,ciqual-2025-11-03
ciqual,31007,"Chewing-gum, sucré",fr,"Chewing gum, with sugar(s)",produits sucrés sugar and confectionery,100,g,86.4,0.25,0.65,360,ciqual-2025-11-03
ciqual,31008,Miel,fr,Honey,produits sucrés sugar and confectionery,100,g,82.1,0.65,0,331,ciqual-2025-11-03
ciqual,31009,"Chocolat au lait aux céréales croustillantes, tablette",fr,"Milk chocolate, with puffed/popped cereals, bar",produits sucrés sugar and confectionery,100,g,60.6,7.15,26.6,515,ciqual-2025-11-03
ciqual,31010,"Chocolat blanc, tablette",fr,"White chocolate, bar",produits sucrés sugar and confectionery,100,g,57.1,6.16,34.2,563,ciqual-2025-11-03
ciqual,31012,Barre ou confiserie chocolatée au lait,fr,"Chocolate confectionery or bar, with milk",produits sucrés sugar and confectionery,100,g,50.9,8.75,34.2,551,ciqual-2025-11-03
ciqual,31013,"Sorbet, bâtonnet",fr,"Sorbet, stick",glaces et sorbets ice cream and sorbet,100,g,24.8,0.23,0.28,103,ciqual-2025-11-03
ciqual,31014,Pâte de fruits,fr,Fruit jelly or fruit paste,produits sucrés sugar and confectionery,100,g,76.6,1.69,1.8,336,ciqual-2025-11-03
ciqual,31016,Sucre blanc,fr,"Sugar, white",produits sucrés sugar and confectionery,100,g,99.7,0,0,399,ciqual-2025-11-03
ciqual,31017,Sucre roux,fr,"Sugar, brown",produits sucrés sugar and confectionery,100,g,98.1,0.12,0,393,ciqual-2025-11-03
ciqual,31018,"Chocolat au lait aux fruits secs (noisettes, amandes, raisins, praline), tablette",fr,"Milk chocolate, with dried fruits (nuts, almonds, raisins, praliné), bar",produits sucrés sugar and confectionery,100,g,48.7,8.43,35.9,559,ciqual-2025-11-03
ciqual,31020,"Chocolat au lait sans sucres ajoutés, avec édulcorants, tablette",fr,"Milk chocolate, no added sugars, with sweeteners, bar",produits sucrés sugar and confectionery,100,g,54.2,5.75,34.6,487,ciqual-2025-11-03
ciqual,31021,Ecorce d'orange confite,fr,Candied orange peel,produits sucrés sugar and confectionery,100,g,75.6,0.59,0.083,307,ciqual-2025-11-03
ciqual,31023,Marron glacé,fr,Candied chestnut,produits sucrés sugar and confectionery,100,g,77.5,0.89,0.54,320,ciqual-2025-11-03
ciqual,31024,Confiture de fraise (extra ou classique),fr,"Jam, strawberry",produits sucrés sugar and confectionery,100,g,60.5,0.25,0.5,248,ciqual-2025-11-03
ciqual,31026,"Chocolat blanc aux fruits secs (noisettes, amandes, raisins, praliné) , tablette",fr,"White chocolate, with dried fruits (nuts, almonds, raisins, praliné), bar",produits sucrés sugar and confectionery,100,g,48,7.64,39.1,579,ciqual-2025-11-03
ciqual,31027,Fruit confit,fr,Candied fruit,produits sucrés sugar and confectionery,100,g,72.4,0.25,0.063,297,ciqual-2025-11-03
ciqual,31028,Bonbon dragéifié,fr,Coated candies,produits sucrés sugar and confectionery,100,g,89.9,0.53,1.94,378,ciqual-2025-11-03
ciqual,31030,"Chocolat noir sans sucres ajoutés, avec édulcorants, en tablette",fr,"Dark chocolate, no added sugars, with sweetener(s), bar",produits sucrés sugar and confectionery,100,g,34.1,8.48,42.3,525,ciqual-2025-11-03
ciqual,31032,Pâte à tartiner chocolat et noisette,fr,Chocolate spread with hazelnuts,produits sucrés sugar and confectionery,100,g,57.9,5.02,32.4,549,ciqual-2025-11-03
ciqual,31034,Sirop d'érable,fr,Maple syrup,produits sucrés sugar and confectionery,100,g,67.2,0.04,0.06,269,ciqual-2025-11-03
ciqual,31035,Barre glacée chocolatée,fr,"Ice cream bar, chocolate",glaces et sorbets ice cream and sorbet,100,g,37,4.79,20.5,354,ciqual-2025-11-03
ciqual,31036,Dragée amande,fr,Sugared almond,produits sucrés sugar and confectionery,100,g,75.7,5.25,14.7,465,ciqual-2025-11-03
ciqual,31037,Confiture d'abricot (extra ou classique),fr,"Jam, apricot",produits sucrés sugar and confectionery,100,g,59.7,0.25,0.3,246,ciqual-2025-11-03
ciqual,31038,Confiture de cerise (extra ou classique),fr,"Jam, cherry",produits sucrés sugar and confectionery,100,g,58.1,0.48,0.19,238,ciqual-2025-11-03
ciqual,31039,Marmelade d'orange ou confiture d'orange (extra ou classique),fr,"Marmalade or jam, orange",produits sucrés sugar and confectionery,100,g,59.3,0.25,0.4,245,ciqual-2025-11-03
ciqual,31040,Confiture de lait,fr,Dulce de leche or confiture de lait,produits sucrés sugar and confectionery,100,g,61.7,6.7,7.35,340,ciqual-2025-11-03
ciqual,31041,Confiserie au chocolat dragéifiée,fr,"Chocolate confectionery, coated",produits sucrés sugar and confectionery,100,g,64.9,5.49,24.3,505,ciqual-2025-11-03
ciqual,31042,Cacahuète enrobée de chocolat dragéifiée,fr,Chocolate-coated peanut,produits sucrés sugar and confectionery,100,g,55.9,9.5,25,499,ciqual-2025-11-03
ciqual,31044,Sucre vanillé,fr,"Sugar, vanilla flavoured",produits sucrés sugar and confectionery,100,g,98.6,0.1,0.33,397,ciqual-2025-11-03
ciqual,31046,Caramel liquide ou nappage caramel,fr,Liquid caramel,produits sucrés sugar and confectionery,100,g,81,0,0,324,ciqual-2025-11-03
ciqual,31047,Gélifiant pour confitures,fr,Gelling agent for jam,aides culinaires et ingrédients divers miscellaneous,100,g,62,0,0,278,ciqual-2025-11-03
ciqual,31050,Guimauve ou marshmallow,fr,Marshmallow,produits sucrés sugar and confectionery,100,g,80.7,3.31,0.081,336,ciqual-2025-11-03
ciqual,31052,Praline,fr,Candied almond or praline,produits sucrés sugar and confectionery,100,g,67.7,8.7,19.7,483,ciqual-2025-11-03
ciqual,31053,"Confiture de prune, par ex. mirabelle, quetsche, reine-claude (extra ou classique)",fr,"Jam, plum",produits sucrés sugar and confectionery,100,g,58.9,0.28,0.089,240,ciqual-2025-11-03
ciqual,31054,"Chewing-gum, sans sucres",fr,"Chewing gum, sugar-free",produits sucrés sugar and confectionery,100,g,76,0.22,0.25,206,ciqual-2025-11-03
ciqual,31059,Bonbon dur et sucette,fr,Hard candy and lollipop,produits sucrés sugar and confectionery,100,g,95.3,0.16,0.18,384,ciqual-2025-11-03
ciqual,31060,Bonbon gélifié,fr,Jelly candy,produits sucrés sugar and confectionery,100,g,76.9,4.88,0.53,339,ciqual-2025-11-03
ciqual,31062,Confiture de framboise (extra ou classique),fr,"Jam, raspberry",produits sucrés sugar and confectionery,100,g,55.2,0.56,0.17,232,ciqual-2025-11-03
ciqual,31063,Bouchée chocolat fourrage fruits à coques et/ou praliné,fr,"Chocolate confectionery, filled with nuts and/or praliné",produits sucrés sugar and confectionery,100,g,51.5,9.1,34.7,558,ciqual-2025-11-03
ciqual,31064,Édulcorant à la saccharine,fr,Saccharin sweetener,produits sucrés sugar and confectionery,100,g,0,1.25,0,5,ciqual-2025-11-03
ciqual,31066,Rocher chocolat fourré praliné,fr,"Chocolate and nut confectionery, filled with praliné",produits sucrés sugar and confectionery,100,g,51.4,6.53,35.3,558,ciqual-2025-11-03
ciqual,31067,Mélasse de canne,fr,Cane molasses,produits sucrés sugar and confectionery,100,g,74.7,0,0.1,300,ciqual-2025-11-03
ciqual,31068,Confiture de myrtille (extra ou classique),fr,"Jam, blueberry",produits sucrés sugar and confectionery,100,g,58.9,0.25,0.4,245,ciqual-2025-11-03
ciqual,31069,"Chocolat noir aux fruits (orange, framboise, poire), tablette",fr,"Dark chocolate, with fruits (orange, raspberries, pear), bar",produits sucrés sugar and confectionery,100,g,45.3,6.8,34.4,539,ciqual-2025-11-03
ciqual,31070,"Chocolat noir aux fruits secs (noisettes, amandes, raisins, praline), tablette",fr,"Dark chocolate, with dried fruits (nuts, almonds, raisin, praliné), bar",produits sucrés sugar and confectionery,100,g,40.7,8.69,39,567,ciqual-2025-11-03
ciqual,31071,Barre chocolatée aux fruits secs,fr,Chocolate bar with dried fruits,produits sucrés sugar and confectionery,100,g,57.6,7.23,26,494,ciqual-2025-11-03
ciqual,31072,Chocolat noir fourrage confiseur à la menthe,fr,"Dark chocolate, filled with mint confectionery",produits sucrés sugar and confectionery,100,g,70.2,2.9,16,445,ciqual-2025-11-03
ciqual,31073,"Gâteau moelleux fourré au chocolat et au lait, enrobé de chocolat, préemballé, rayon frais",fr,"Soft cake filled with chocolate and milk, with chocolate coating, prepacked, refrigerated",produits sucrés sugar and confectionery,100,g,42.4,5.95,28,449,ciqual-2025-11-03
ciqual,31074,"Chocolat noir 70 % de cacao environ, de dégustation, tablette",fr,"Dark chocolate, 70% cocoa, bar",produits sucrés sugar and confectionery,100,g,26.9,10.4,46.3,591,ciqual-2025-11-03
ciqual,31076,Edulcorant à base de sucre et aspartame (petits morceaux),fr,Sweetener with sugar and aspartam (little lumps),produits sucrés sugar and confectionery,100,g,98.7,0.81,0,398,ciqual-2025-11-03
ciqual,31077,Fructose,fr,Fructose,produits sucrés sugar and confectionery,100,g,99.8,0,0,399,ciqual-2025-11-03
ciqual,31080,"Chocolat noir fourré praliné, tablette",fr,"Dark chocolate, filled with praliné, bar",produits sucrés sugar and confectionery,100,g,52.4,6.38,34.8,559,ciqual-2025-11-03
ciqual,31081,"Bonbon tendre, au caramel",fr,"Chewy candy, caramel",produits sucrés sugar and confectionery,100,g,79.1,2.23,9.98,415,ciqual-2025-11-03
ciqual,31082,Préparation de fruits divers (en taux de sucres : confitures allégées en sucres < préparations de fruits < confitures),fr,"Fruit preparation, sweetened, less sugar than classic, but not as reduced as in reduced sugar jams",produits sucrés sugar and confectionery,100,g,47.3,0.48,0.17,195,ciqual-2025-11-03
ciqual,31083,"Confiture, autres fruits ou mélange de fruits (extra ou classique)",fr,Other jam,produits sucrés sugar and confectionery,100,g,59.8,0.36,0.15,244,ciqual-2025-11-03
ciqual,31084,"Chocolat au lait fourré au praliné, tablette",fr,"Milk chocolate, filled with praliné, bar",produits sucrés sugar and confectionery,100,g,52.9,7.29,34.9,559,ciqual-2025-11-03
ciqual,31085,"Chocolat noir 40% de cacao et plus, à pâtisser, tablette",fr,"Dark chocolate, more than 40% cocoa, for cooking, bar",produits sucrés sugar and confectionery,100,g,51.4,6.39,33.1,546,ciqual-2025-11-03
ciqual,31087,Édulcorant à base d'extrait de stévia,fr,Stevia sweetener,produits sucrés sugar and confectionery,100,g,0.3,0.16,0,1.2,ciqual-2025-11-03
ciqual,31089,Sirop d'agave,fr,Agave syrup,produits sucrés sugar and confectionery,100,g,78,0.25,0.5,,ciqual-2025-11-03
ciqual,31091,Bouchée/bonbon au chocolat fourrage gaufrettes ou biscuit,fr,"Chocolate confectionery, filled with wafer/biscuit",produits sucrés sugar and confectionery,100,g,55.1,6.5,29.4,521,ciqual-2025-11-03
ciqual,31092,Calisson d'Aix en Provence,fr,Calisson from Aix en Provence (marzipan and candied melon sweet),produits sucrés sugar and confectionery,100,g,59.8,7.97,18,440,ciqual-2025-11-03
ciqual,31093,"Guimauve ou marshmallow, enrobé de chocolat",fr,"Marshmallow, chocolate-coated",produits sucrés sugar and confectionery,100,g,67.5,4.4,10.5,383,ciqual-2025-11-03
ciqual,31094,"Bonbon dur, au caramel",fr,"Hard candy, caramel",produits sucrés sugar and confectionery,100,g,86.6,1.33,7.09,416,ciqual-2025-11-03
ciqual,31095,Gelée de groseille (extra ou classique),fr,"Jelly, currant (red)",produits sucrés sugar and confectionery,100,g,59.7,0.25,0.044,244,ciqual-2025-11-03
ciqual,31097,Bonbon tendre,fr,Chewy candy,produits sucrés sugar and confectionery,100,g,84.3,0.94,5.1,392,ciqual-2025-11-03
ciqual,31098,Barre chocolat au lait avec nougat,fr,"Chocolate bar, milk chocolate, with nougat",produits sucrés sugar and confectionery,100,g,60.5,5.8,29,532,ciqual-2025-11-03
ciqual,31100,"Barre céréalière pour petit déjeuner au lait, au chocolat ou non, enrichie en vitamines et minéraux",fr,"Cereal bar, for breakfast, with milk, with chocolate or not, fortified with vitamins and minerals",produits sucrés sugar and confectionery,100,g,79.5,7.06,3.2,382,ciqual-2025-11-03
ciqual,31101,"Barre céréalière ""équilibre"" aux fruits, enrichie en vitamines et minéraux",fr,"Cereal bar with fruit, fortified with vitamins and minerals",produits sucrés sugar and confectionery,100,g,73.3,6.13,6.53,382,ciqual-2025-11-03
ciqual,31102,"Barre céréalière ""équilibre"" au chocolat, enrichie en vitamines et minéraux",fr,"Cereal bar with chocolate, fortified with vitamins and minerals",produits sucrés sugar and confectionery,100,g,70.3,5.99,10.9,407,ciqual-2025-11-03
ciqual,31104,Barre céréalière diététique hypocalorique,fr,"Cereal bar, low calorie",produits sucrés sugar and confectionery,100,g,71,5.9,11.2,391,ciqual-2025-11-03
ciqual,31106,Barre céréalière au chocolat,fr,Cereal bar with chocolate,produits sucrés sugar and confectionery,100,g,73,6.55,14.9,451,ciqual-2025-11-03
ciqual,31109,"Pollen, partiellement séché",fr,"Pollen, partially dried",aides culinaires et ingrédients divers miscellaneous,100,g,52.5,21.9,4.2,358,ciqual-2025-11-03
ciqual,31111,"Pollen, frais",fr,"Pollen, fresh",aides culinaires et ingrédients divers miscellaneous,100,g,42.3,17.5,5.17,304,ciqual-2025-11-03
ciqual,31112,"Bonbon gélifié à la réglisse, type rouleau ou batonnet",fr,"Jelly candy, liquorice, roll or stick",produits sucrés sugar and confectionery,100,g,75.6,3.62,1.55,347,ciqual-2025-11-03
ciqual,31113,Barre céréalière aux fruits,fr,Cereal bar with fruit,produits sucrés sugar and confectionery,100,g,74.1,5.49,7.07,379,ciqual-2025-11-03
ciqual,31114,Barre céréalière aux amandes ou noisettes,fr,Cereal bar with almonds or hazelnuts,produits sucrés sugar and confectionery,100,g,60.6,8.69,18.2,444,ciqual-2025-11-03
ciqual,31115,Barre céréalière au chocolat et aux fruits,fr,Cereal bar with chocolate and fruits,produits sucrés sugar and confectionery,100,g,70.4,5.7,11.8,419,ciqual-2025-11-03
ciqual,31120,"Chocolat, tablette (aliment moyen)",fr,"Chocolate, bar (average)",produits sucrés sugar and confectionery,100,g,50.4,7.57,34.2,552,ciqual-2025-11-03
ciqual,31121,"Chewing-gum, sans précision sur la teneur en sucres (aliment moyen)",fr,"Chewing gum, sugar level unknown (average)",produits sucrés sugar and confectionery,100,g,79.9,0.23,0.4,263,ciqual-2025-11-03
ciqual,31122,"Bonbon tendre, au caramel enrobé de chocolat",fr,"Chewy candy, caramel, chocolate-coated",produits sucrés sugar and confectionery,100,g,69.6,3.29,16.8,446,ciqual-2025-11-03
ciqual,31124,"Bonbon dur type collier, sifflet, sucette, pastille, au dextrose",fr,"Hard candy (necklace, whistle, lollipop, drop), with dextrose",produits sucrés sugar and confectionery,100,g,91.1,0.018,1.35,376,ciqual-2025-11-03
ciqual,31125,"Pastille rafraîchissante, sans sucres",fr,"Breath mint, sugar-free",produits sucrés sugar and confectionery,100,g,96.3,0.08,0.65,241,ciqual-2025-11-03
ciqual,31126,"Pastille rafraîchissante, sucrée",fr,"Breath mint, with sugar(s)",produits sucrés sugar and confectionery,100,g,96.7,0.13,0.37,390,ciqual-2025-11-03
ciqual,31127,Nougat tendre,fr,"Nougat, soft",produits sucrés sugar and confectionery,100,g,69.3,6.98,13.9,437,ciqual-2025-11-03
ciqual,31128,"Bonbon dur et sucette, sans sucres",fr,"Hard candy and lollipop, sugar-free",produits sucrés sugar and confectionery,100,g,96,0.081,0.44,235,ciqual-2025-11-03
ciqual,31129,"Préparation aux fruits divers (35% de fruits min, sucres et autre(s) ingrédient(s))",fr,"Fruit preparation, sweetened, 35% fruits minimum, with sugars and other ingredient(s)",produits sucrés sugar and confectionery,100,g,47.4,0.81,0.75,204,ciqual-2025-11-03
ciqual,32000,"Grains de blé soufflés au miel ou caramel, enrichis en vitamines et minéraux",fr,"Puffed wheat, with honey or caramel, fortified with vitamins and minerals",produits sucrés sugar and confectionery,100,g,82.8,7.31,2,390,ciqual-2025-11-03
ciqual,32001,"Céréales pour petit déjeuner chocolatées, non fourrées, enrichies en vitamines et minéraux",fr,"Breakfast cereals with chocolate, extruded, not filled, fortified with vitamins and minerals",produits sucrés sugar and confectionery,100,g,74.7,8.19,5.1,393,ciqual-2025-11-03
ciqual,32003,Céréales pour petit déjeuner (aliment moyen),fr,Breakfast cereals (average),produits sucrés sugar and confectionery,100,g,73.2,8.02,7.21,402,ciqual-2025-11-03
ciqual,32004,Muesli (aliment moyen),fr,Muesli (average),produits sucrés sugar and confectionery,100,g,63.4,8.87,14.3,433,ciqual-2025-11-03
ciqual,32005,"Pétales de maïs nature, enrichis en vitamines et minéraux",fr,"Corn flakes, plain, fortified with vitamins and minerals",produits sucrés sugar and confectionery,100,g,80,6.88,1,368,ciqual-2025-11-03
ciqual,32006,"Riz soufflé nature, enrichi en vitamines et minéraux",fr,"Puffed rice, plain, fortified with vitamins and minerals",produits sucrés sugar and confectionery,100,g,86.3,7,1.2,388,ciqual-2025-11-03
ciqual,32008,"Céréales pour petit déjeuner riches en fibres, au chocolat, enrichies en vitamines et minéraux",fr,"Breakfast cereals, rich in fibre, with chocolate, fortified with vitamins and minerals",produits sucrés sugar and confectionery,100,g,71.9,9.9,4.7,389,ciqual-2025-11-03
ciqual,32012,"Riz soufflé chocolaté, non enrichi en vitamines et minéraux",fr,"Puffed rice, with chocolate, not fortified",produits sucrés sugar and confectionery,100,g,83.3,6.26,2.3,387,ciqual-2025-11-03
ciqual,32013,"Céréales pour petit déjeuner chocolatées, non fourrées, non enrichies en vitamines et minéraux",fr,"Breakfast cereals with chocolate, not filled, not fortified",produits sucrés sugar and confectionery,100,g,77.7,8.63,3.2,387,ciqual-2025-11-03
ciqual,32014,"Pétales de maïs nature, non enrichis en vitamines et minéraux",fr,"Corn flakes, plain, not fortified",produits sucrés sugar and confectionery,100,g,82.4,6.88,0.7,372,ciqual-2025-11-03
ciqual,32016,"Céréales pour petit déjeuner fourrées au chocolat ou chocolat-noisettes, enrichies en vitamines et minéraux",fr,"Breakfast cereals, chocolate or chocolate-hazelnut filling, fortified with vitamins and minerals",produits sucrés sugar and confectionery,100,g,67,7.06,15,440,ciqual-2025-11-03
ciqual,32017,"Céréales pour petit déjeuner fourrées au chocolat ou chocolat-noisettes, non enrichies en vitamines et minéraux",fr,"Breakfast cereals, chocolate or chocolate-hazelnut filling, not fortified",produits sucrés sugar and confectionery,100,g,67.2,7,17.2,457,ciqual-2025-11-03
ciqual,32018,"Céréales pour petit déjeuner fourrées au lait ou à la vanille, enrichies en vitamines et minéraux",fr,"Breakfast cereals, vanilla or milk filling, fortified with vitamins and minerals",produits sucrés sugar and confectionery,100,g,63.9,10.4,13.4,429,ciqual-2025-11-03
ciqual,32022,"Pétales de céréales au chocolat, avec ou sans fruits à coque, enrichis en vitamines et minéraux",fr,"Cereal flakes with chocolate, with or without nuts, fortified with vitamins and minerals",produits sucrés sugar and confectionery,100,g,74.5,8,6.3,399,ciqual-2025-11-03
ciqual,32023,"Pétales de céréales aux fruits, enrichis en vitamines et minéraux",fr,"Cereal flakes with fruits, fortified with vitamins and minerals",produits sucrés sugar and confectionery,100,g,80.6,8.1,1.58,377,ciqual-2025-11-03
ciqual,32025,"Pétales de céréales aux fruits à coque, enrichis en vitamines et minéraux",fr,"Cereal flakes with nuts, fortified with vitamins and minerals",produits sucrés sugar and confectionery,100,g,73.5,8.97,5.53,392,ciqual-2025-11-03
ciqual,32028,"Pétales de céréales au chocolat, avec ou sans fruits à coque, non enrichis en vitamines et minéraux",fr,"Cereal flakes with chocolate, with or without nuts, not fortified",produits sucrés sugar and confectionery,100,g,73.6,7.63,8.4,413,ciqual-2025-11-03
ciqual,32029,"Pétales de céréales aux fruits, non enrichis en vitamines et minéraux",fr,"Cereal flakes with fruits, not fortified",produits sucrés sugar and confectionery,100,g,79.7,8.36,1.62,378,ciqual-2025-11-03
ciqual,32030,"Pétales de céréales, nature, sucrées, enrichies en vitamines et minéraux",fr,"Cereal flakes, plain, with sugar(s), fortified with vitamins and minerals",produits sucrés sugar and confectionery,100,g,77.7,8.5,1.5,372,ciqual-2025-11-03
ciqual,32031,"Céréales pour petit déjeuner, enrichies en vitamines et minéraux (aliment moyen)",fr,"Breakfast cereals, fortified with vitamins and minerals (average)",produits sucrés sugar and confectionery,100,g,72.8,7.76,8.2,408,ciqual-2025-11-03
ciqual,32032,"Céréales pour petit déjeuner, non enrichies en vitamines et minéraux (aliment moyen)",fr,"Breakfast cereals, not fortified (average)",produits sucrés sugar and confectionery,100,g,77.1,8.45,3.39,386,ciqual-2025-11-03
ciqual,32033,"Céréales pour petit déjeuner riches en fibres, aux fruits ou fruits à coque, enrichies en vitamines et minéraux",fr,"Breakfast cereals, rich in fibre, with fruits or nuts, fortified with vitamins and minerals",produits sucrés sugar and confectionery,100,g,64.5,8.63,9,395,ciqual-2025-11-03
ciqual,32034,"Céréales pour petit déjeuner riches en fibres, aux fruits ou fruits à coque, non enrichies en vitamines et minéraux",fr,"Breakfast cereals, rich in fibre, with fruits or nuts, not fortified",produits sucrés sugar and confectionery,100,g,71.1,8.53,3.93,374,ciqual-2025-11-03
ciqual,32035,"Céréales pour petit déjeuner riches en fibres, nature, enrichies en vitamines et minéraux",fr,"Breakfast cereals, rich in fibre, plain, fortified with vitamins and minerals",produits sucrés sugar and confectionery,100,g,67.7,11.9,2.13,361,ciqual-2025-11-03
ciqual,32036,"Céréales pour petit déjeuner riches en fibres, nature, non enrichies en vitamines et minéraux",fr,"Breakfast cereals, rich in fibre, plain, not fortified",produits sucrés sugar and confectionery,100,g,74.8,8.48,1.85,368,ciqual-2025-11-03
ciqual,32037,"Céréales pour petit déjeuner au chocolat et caramel, extrudées, enrichies en vitamines et minéraux",fr,"Breakfast cereals with chocolate and caramel, extruded, fortified with vitamins and minerals",produits sucrés sugar and confectionery,100,g,74.7,8.06,7.2,410,ciqual-2025-11-03
ciqual,32038,"Céréales pour petit déjeuner au chocolat et caramel, extrudées, non enrichies en vitamines et minéraux",fr,"Breakfast cereals with chocolate and caramel, extruded, not fortified",produits sucrés sugar and confectionery,100,g,76.2,9.13,4.43,394,ciqual-2025-11-03
ciqual,32039,"Céréales pour petit déjeuner fourrées au lait ou à la vanille, non enrichies en vitamines et minéraux",fr,"Breakfast cereals, vanilla or milk filling, not fortified",produits sucrés sugar and confectionery,100,g,67.5,7.94,14.5,440,ciqual-2025-11-03
ciqual,32040,"Grains de blé soufflés au miel ou caramel, non enrichis en vitamines et minéraux",fr,"Puffed wheat, with honey or caramel, not fortified",produits sucrés sugar and confectionery,100,g,77.6,8.93,2.52,382,ciqual-2025-11-03
ciqual,32041,"Mélange de flocons de céréales, nature, non enrichi en vitamines et minéraux",fr,"Breakfast cereals, mix of flakes, plain, not fortified",produits sucrés sugar and confectionery,100,g,61.7,10.2,3.17,341,ciqual-2025-11-03
ciqual,32042,"Pétales de céréales, nature, sucrées, non enrichies en vitamines et minéraux",fr,"Cereal flakes, plain, with sugar(s), not fortified",produits sucrés sugar and confectionery,100,g,80.1,8,1.5,377,ciqual-2025-11-03
ciqual,32043,"Pétales de céréales, nature, sans sucres ajoutés, non enrichies en vitamines et minéraux",fr,"Cereal flakes plain, no added sugars, not fortified",produits sucrés sugar and confectionery,100,g,70.2,12.2,2.78,369,ciqual-2025-11-03
ciqual,32107,"Pétales de maïs glacés au sucre, non enrichis en vitamines et minéraux",fr,"Corn flakes, sugar frosted, not fortified",produits sucrés sugar and confectionery,100,g,85.4,6.22,0.96,381,ciqual-2025-11-03
ciqual,32108,"Muesli croustillant aux fruits, avec ou sans fruits à coque et/ou graines, non enrichi en vitamines et minéraux",fr,"Granola with fruits, with or without nut and seeds, not fortified",produits sucrés sugar and confectionery,100,g,62.7,8.69,15.7,442,ciqual-2025-11-03
ciqual,32109,"Muesli croustillant au chocolat, non enrichi en vitamines et minéraux",fr,"Granola with chocolate, not fortified",produits sucrés sugar and confectionery,100,g,64.7,9.25,15.1,446,ciqual-2025-11-03
ciqual,32110,"Muesli floconneux aux fruits, fruits à coque et/ou graines, enrichi en vitamines et minéraux",fr,"Muesli, with fruits, nuts and/or seeds, fortified with vitamins and minerals",produits sucrés sugar and confectionery,100,g,68.9,9.5,5.3,378,ciqual-2025-11-03
ciqual,32111,"Muesli croustillant aux fruits, avec ou sans fruits à coque et/ou graines, enrichi en vitamines et minéraux",fr,"Granola with fruits, with or without nut and seeds, fortified with vitamins and minerals",produits sucrés sugar and confectionery,100,g,60.4,8.38,19.4,464,ciqual-2025-11-03
ciqual,32112,"Muesli croustillant au chocolat, enrichi en vitamines et minéraux",fr,"Granola with chocolate, fortified with vitamins and minerals",produits sucrés sugar and confectionery,100,g,61.9,8,19.7,469,ciqual-2025-11-03
ciqual,32113,"Muesli floconneux aux fruits, fruits à coque et/ou graines, sans sucres ajoutés, non enrichi",fr,"Muesli, with fruits, nuts and/or seeds, no added sugars, not fortified",produits sucrés sugar and confectionery,100,g,59.8,10.3,8.1,374,ciqual-2025-11-03
ciqual,32116,"Céréales pour petit déjeuner très riches en fibres, nature, enrichies en vitamines et minéraux",fr,"Breakfast cereals, very rich in fibre, plain, fortified with vitamins and minerals",produits sucrés sugar and confectionery,100,g,43.3,13.4,3.8,327,ciqual-2025-11-03
ciqual,32121,"Pétales de maïs glacés au sucre, enrichis en vitamines et minéraux",fr,"Corn flakes, sugar frosted, fortified with vitamins and minerals",produits sucrés sugar and confectionery,100,g,88.6,4.25,0.5,381,ciqual-2025-11-03
ciqual,32129,"Boules de maïs soufflées au miel, non enrichies en vitamines et minéraux",fr,"Breakfast cereals, puffed corn with honey, not fortified",produits sucrés sugar and confectionery,100,g,87.3,5.84,1.41,389,ciqual-2025-11-03
ciqual,32130,Blé khorasan complet soufflé,fr,"Khorasan wheat, wholegrain, puffed",produits sucrés sugar and confectionery,100,g,80.5,7.32,1.96,378,ciqual-2025-11-03
ciqual,32131,"Riz soufflé chocolaté, enrichi en vitamines et minéraux",fr,"Puffed rice, with chocolate, fortified with vitamins and minerals",produits sucrés sugar and confectionery,100,g,81.8,6.75,2,382,ciqual-2025-11-03
ciqual,32133,"Boules de maïs soufflées au miel, enrichies en vitamines et minéraux",fr,"Breakfast cereals, puffed corn with honey, fortified with vitamins and minerals",produits sucrés sugar and confectionery,100,g,86.6,5.63,0.9,384,ciqual-2025-11-03
ciqual,32138,"Muesli floconneux aux fruits, fruits à coque et/ou graines, non enrichi en vitamines et minéraux",fr,"Muesli, with fruits, nuts and/or seeds, not fortified",produits sucrés sugar and confectionery,100,g,60.9,10.6,7,371,ciqual-2025-11-03
ciqual,32139,Muesli enrichi en vitamines et minéraux (aliment moyen),fr,"Muesli, fortified with vitamins and minerals (average)",produits sucrés sugar and confectionery,100,g,63.6,8.78,14.6,436,ciqual-2025-11-03
ciqual,32140,Flocons d'avoine,fr,Oat flakes,produits sucrés sugar and confectionery,100,g,57.7,11.4,7.82,369,ciqual-2025-11-03
ciqual,32141,Muesli non enrichi en vitamines et minéraux (aliment moyen),fr,"Muesli, not fortified (average food)",produits sucrés sugar and confectionery,100,g,61.8,9.63,11.6,409,ciqual-2025-11-03
ciqual,32142,"Céréales pour petit déjeuner au miel ou caramel, soufflées ou extrudées, enrichies en vitamines et minéraux",fr,"Breakfast cereals, puffed or extruded, with honey or caramel, fortified with vitamins and minerals",produits sucrés sugar and confectionery,100,g,75.4,7.44,4.6,388,ciqual-2025-11-03
ciqual,32143,"Céréales pour petit déjeuner au miel ou caramel, soufflées ou extrudées, non enrichies en vitamines et minéraux",fr,"Breakfast cereals, puffed or extruded, with honey or caramel, not fortified",produits sucrés sugar and confectionery,100,g,80.1,6.73,2.78,382,ciqual-2025-11-03
ciqual,32144,"Muesli croustillant aux fruits à coque et/ou graines uniquement, enrichi en vitamines et minéraux",fr,"Granola with nuts and/or seeds only, fortified with vitamins and minerals",produits sucrés sugar and confectionery,100,g,63.3,9.77,13.8,433,ciqual-2025-11-03
ciqual,32145,"Muesli croustillant aux fruits à coque et/ou graines uniquement, non enrichi en vitamines et minéraux",fr,"Granola with nuts and/or seeds only, not fortified",produits sucrés sugar and confectionery,100,g,61.2,10,16.5,450,ciqual-2025-11-03
ciqual,34000,"Lapin, viande braisée",fr,"Rabbit, meat, braised","viandes, oeufs, poissons meat, egg and fish",100,g,0,30.4,8.41,197,ciqual-2025-11-03
ciqual,34001,"Lapin, viande crue",fr,"Rabbit, meat, raw","viandes, oeufs, poissons meat, egg and fish",100,g,0.58,20.4,11.6,188,ciqual-2025-11-03
ciqual,34002,"Lapin, viande cuite",fr,"Rabbit, meat, cooked","viandes, oeufs, poissons meat, egg and fish",100,g,0.5,20.5,9.2,167,ciqual-2025-11-03
ciqual,34003,"Lapin de garenne, viande crue",fr,"Rabbit, wild, meat, raw","viandes, oeufs, poissons meat, egg and fish",100,g,0,21.8,2.32,108,ciqual-2025-11-03
ciqual,34004,"Lapin de garenne, viande cuite",fr,"Rabbit, wild, meat, cooked","viandes, oeufs, poissons meat, egg and fish",100,g,0,33,3.51,164,ciqual-2025-11-03
ciqual,34500,"Grenouille, cuisse, crue",fr,"Frog, leg, raw","(Genus and species unknown or multiple) viandes, oeufs, poissons meat, egg and fish",100,g,0.66,16.2,0.28,70,ciqual-2025-11-03
ciqual,34501,"Grenouille, cuisse, grillée/poêlée",fr,"Frog, leg, grilled/pan-fried without added fat","(Genus and species unknown or multiple) viandes, oeufs, poissons meat, egg and fish",100,g,0.015,21.9,0.9,95.7,ciqual-2025-11-03
ciqual,36000,"Poule, viande et peau crues",fr,"Hen, meat and skin, raw","viandes, oeufs, poissons meat, egg and fish",100,g,0.4,17.6,20.3,255,ciqual-2025-11-03
ciqual,36001,"Poule, viande crue",fr,"Hen, meat, raw","viandes, oeufs, poissons meat, egg and fish",100,g,0,21.3,6.32,142,ciqual-2025-11-03
ciqual,36002,"Poulet, cuisse, viande et peau crue",fr,"Chicken, leg, meat and skin, raw","viandes, oeufs, poissons meat, egg and fish",100,g,0,17.3,13.5,192,ciqual-2025-11-03
ciqual,36003,"Poulet, viande crue",fr,"Chicken, meat, raw","viandes, oeufs, poissons meat, egg and fish",100,g,0,20.9,2.89,109,ciqual-2025-11-03
ciqual,36004,"Poulet, cuisse, viande et peau rôtie/cuite au four",fr,"Chicken, leg, meat and skin, roasted/baked","viandes, oeufs, poissons meat, egg and fish",100,g,0,25.9,11.3,205,ciqual-2025-11-03
ciqual,36005,"Poulet, viande et peau rôties/cuites au four",fr,"Chicken, meat and skin, roasted/baked","viandes, oeufs, poissons meat, egg and fish",100,g,0,28.9,9.88,204,ciqual-2025-11-03
ciqual,36006,"Poulet, cuisse, viande rôtie/cuite au four",fr,"Chicken leg, meat, roasted/baked","viandes, oeufs, poissons meat, egg and fish",100,g,0,24.8,8.03,171,ciqual-2025-11-03
ciqual,36007,"Poulet blanc, viande et peau crues",fr,"Chicken, white race, meat and skin, raw","viandes, oeufs, poissons meat, egg and fish",100,g,0,20.8,4.3,122,ciqual-2025-11-03
ciqual,36008,"Poulet fermier, viande et peau crues",fr,"Chicken, free-range, meat and skin, raw","viandes, oeufs, poissons meat, egg and fish",100,g,0,22,3.5,120,ciqual-2025-11-03
ciqual,36014,"Poule, cuisse crue",fr,"Hen, leg, raw","viandes, oeufs, poissons meat, egg and fish",100,g,0,19.6,5.92,131,ciqual-2025-11-03
ciqual,36016,"Poulet, viande et peau crues",fr,"Chicken, meat and skin, raw","viandes, oeufs, poissons meat, egg and fish",100,g,0.3,21.5,9.54,173,ciqual-2025-11-03
ciqual,36017,"Poulet, filet sans peau cru",fr,"Chicken, breast, without skin, raw","viandes, oeufs, poissons meat, egg and fish",100,g,0,23.4,1.5,110,ciqual-2025-11-03
ciqual,36018,"Poulet, filet sans peau grillé/poêlé",fr,"Chicken, breast, without skin, grilled/pan-fried","viandes, oeufs, poissons meat, egg and fish",100,g,0,30.1,2,141,ciqual-2025-11-03
ciqual,36019,"Poulet, haut de cuisse, viande crue",fr,"Chicken high leg, meat, raw","viandes, oeufs, poissons meat, egg and fish",100,g,0,19.7,4.12,116,ciqual-2025-11-03
ciqual,36020,"Poulet éviscéré sans abats, cru",fr,"Chicken, eviscerated without offal, raw","viandes, oeufs, poissons meat, egg and fish",100,g,0,18.6,15.1,210,ciqual-2025-11-03
ciqual,36022,"Poulet, pilon cru",fr,"Chicken, drumstick, raw","viandes, oeufs, poissons meat, egg and fish",100,g,0,18.1,9.2,155,ciqual-2025-11-03
ciqual,36023,"Poulet, aile, viande et peau crues",fr,"Chicken, wing, meat and skin, raw","viandes, oeufs, poissons meat, egg and fish",100,g,0,20.4,11,181,ciqual-2025-11-03
ciqual,36024,"Poulet, cuisse, viande crue",fr,"Chicken, leg, meat, raw","viandes, oeufs, poissons meat, egg and fish",100,g,0,19.3,4.05,114,ciqual-2025-11-03
ciqual,36027,"Nuggets ou croquette panée de poulet, préemballé",fr,"Chicken nuggets, breaded croquette, prepacked",entrées et plats composés starters and dishes,100,g,19.4,15.6,11.6,250,ciqual-2025-11-03
ciqual,36029,"Poulet, poitrine, viande et peau crues",fr,"Chicken, breast, meat and skin, raw","viandes, oeufs, poissons meat, egg and fish",100,g,0,20.9,9.25,167,ciqual-2025-11-03
ciqual,36030,"Poulet, cuisse, viande bouillie/cuite à l'eau",fr,"Chicken leg, meat, boiled/cooked in water","viandes, oeufs, poissons meat, egg and fish",100,g,0.7,24.8,9.52,188,ciqual-2025-11-03
ciqual,36032,"Poulet, poitrine, viande et peau rôties/cuites au four",fr,"Chicken, breast, meat and skin, roasted/baked","viandes, oeufs, poissons meat, egg and fish",100,g,0,29.8,7.78,189,ciqual-2025-11-03
ciqual,36033,"Poulet, aile, viande et peau rôties/cuites au four",fr,"Chicken, wing, meat and skin, roasted/baked","viandes, oeufs, poissons meat, egg and fish",100,g,0,23.8,16.9,247,ciqual-2025-11-03
ciqual,36035,"Poulet, manchons marinés, préemballés, rôtis/cuits au four",fr,"Chicken, marinated wings, prepacked, roasted/baked",entrées et plats composés starters and dishes,100,g,2.1,22.4,12.6,213,ciqual-2025-11-03
ciqual,36036,"Escalope panée, viennoise ou milanaise, poulet, cuite",fr,Milanese-style chicken escalope or breaded chicken escalope,entrées et plats composés starters and dishes,100,g,21.7,7.25,24,339,ciqual-2025-11-03
ciqual,36037,"Poulet, cuisse, viande et peau crues bio",fr,"Chicken, leg, meat and skin, raw, organic","viandes, oeufs, poissons meat, egg and fish",100,g,0,18.1,13.3,193,ciqual-2025-11-03
ciqual,36038,"Poulet, cuisse, viande et peau crues label rouge",fr,"Chicken, leg, meat and skin, raw, label rouge","viandes, oeufs, poissons meat, egg and fish",100,g,0,19.1,10.6,173,ciqual-2025-11-03
ciqual,36039,"Poulet, filet sans peau cru, bio",fr,"Chicken, breast, without skin, raw, organic","viandes, oeufs, poissons meat, egg and fish",100,g,0,24.6,1.8,118,ciqual-2025-11-03
ciqual,36040,"Poulet, filet sans peau cru, label rouge",fr,"Chicken, breast, without skin, raw, label rouge","viandes, oeufs, poissons meat, egg and fish",100,g,0,25.2,1,113,ciqual-2025-11-03
ciqual,36041,"Poulet, filet sans peau grillé/poêlé, bio",fr,"Chicken, breast, without skin, grilled/pan-fried, organic","viandes, oeufs, poissons meat, egg and fish",100,g,0,31.1,1.8,144,ciqual-2025-11-03
ciqual,36042,"Volaille, viande cuite (aliment moyen)",fr,"Poultry, meat, cooked (average)","viandes, oeufs, poissons meat, egg and fish",100,g,0.031,27.8,4.36,152,ciqual-2025-11-03
ciqual,36050,"Chapon, viande et peau crues",fr,"Capon, meat and skin, raw","viandes, oeufs, poissons meat, egg and fish",100,g,0,19.9,12.8,195,ciqual-2025-11-03
ciqual,36051,"Chapon, viande et peau rôties/cuites au four",fr,"Capon, meat and skin, roasted/baked","viandes, oeufs, poissons meat, egg and fish",100,g,0,29,11.7,221,ciqual-2025-11-03
ciqual,36100,"Caille, viande et peau crues",fr,"Quail, meat and skin, raw","viandes, oeufs, poissons meat, egg and fish",100,g,0,19.6,6.8,140,ciqual-2025-11-03
ciqual,36101,"Caille, viande crue",fr,"Quail, meat, raw","viandes, oeufs, poissons meat, egg and fish",100,g,0,21.8,4.53,128,ciqual-2025-11-03
ciqual,36102,"Caille, viande et peau cuites",fr,"Quail, meat and skin, cooked","viandes, oeufs, poissons meat, egg and fish",100,g,0,26.8,10.9,206,ciqual-2025-11-03
ciqual,36200,"Canard, viande et peau rôties/cuites au four",fr,"Duck, meat and skin, roasted/baked","viandes, oeufs, poissons meat, egg and fish",100,g,0,19,28.4,331,ciqual-2025-11-03
ciqual,36201,"Canard, viande crue",fr,"Duck, meat, raw","viandes, oeufs, poissons meat, egg and fish",100,g,0,18.3,5.95,127,ciqual-2025-11-03
ciqual,36202,"Canard, viande rôtie/cuite au four",fr,"Duck, meat, roasted/baked","viandes, oeufs, poissons meat, egg and fish",100,g,0,23.3,11.2,194,ciqual-2025-11-03
ciqual,36203,"Canard, cuisse avec peau, sans os, crue",fr,"Duck, leg, meat and skin, raw","viandes, oeufs, poissons meat, egg and fish",100,g,0.3,18.7,3.1,104,ciqual-2025-11-03
ciqual,36204,"Canard, viande et peau crues",fr,"Duck, meat and skin, raw","viandes, oeufs, poissons meat, egg and fish",100,g,0,17.4,22.6,273,ciqual-2025-11-03
ciqual,36205,"Canard, magret grillé/poêlé",fr,"Duck, magret, grilled/pan-fried","viandes, oeufs, poissons meat, egg and fish",100,g,0,26.7,9.05,188,ciqual-2025-11-03
ciqual,36206,"Canard, magret cru",fr,"Duck, breast fillet, raw","viandes, oeufs, poissons meat, egg and fish",100,g,0.1,17.9,29.4,337,ciqual-2025-11-03
ciqual,36300,"Dinde, viande et peau crues",fr,"Turkey, meat and skin, raw","viandes, oeufs, poissons meat, egg and fish",100,g,0,21.6,5.64,137,ciqual-2025-11-03
ciqual,36301,"Dinde, viande crue",fr,"Turkey, meat, raw","viandes, oeufs, poissons meat, egg and fish",100,g,0,22.6,1.93,108,ciqual-2025-11-03
ciqual,36302,"Dinde, viande rôtie/cuite au four",fr,"Turkey, meat, roasted/baked","viandes, oeufs, poissons meat, egg and fish",100,g,0,29.1,3.84,151,ciqual-2025-11-03
ciqual,36304,"Dinde, escalope crue",fr,"Turkey, escalope, raw","viandes, oeufs, poissons meat, egg and fish",100,g,0,23.7,1.48,108,ciqual-2025-11-03
ciqual,36305,"Dinde, cuisse, viande et peau crues",fr,"Turkey, leg, meat and skin, raw","viandes, oeufs, poissons meat, egg and fish",100,g,0,19.7,7.85,149,ciqual-2025-11-03
ciqual,36306,"Dinde, escalope grillée/poêlée",fr,"Turkey, escalope, grilled/pan-fried","viandes, oeufs, poissons meat, egg and fish",100,g,0,28.5,1.09,124,ciqual-2025-11-03
ciqual,36307,"Dinde, cuisse, viande crue",fr,"Turkey, leg, meat, raw","viandes, oeufs, poissons meat, egg and fish",100,g,0,21.3,2.5,108,ciqual-2025-11-03
ciqual,36308,"Dinde, escalope rôtie/cuite au four",fr,"Turkey, escalope, roasted/baked","viandes, oeufs, poissons meat, egg and fish",100,g,0,30.1,2.08,139,ciqual-2025-11-03
ciqual,36310,"Dinde, aile crue",fr,"Turkey, wing, raw","viandes, oeufs, poissons meat, egg and fish",100,g,0,20.2,12.3,192,ciqual-2025-11-03
ciqual,36318,"Escalope panée, viennoise ou milanaise, dinde, cuite",fr,Milanese-style turkey escalope or breaded turkey escalope,entrées et plats composés starters and dishes,100,g,13.5,14.1,10.9,211,ciqual-2025-11-03
ciqual,36401,"Faisan, viande crue",fr,"Pheasant, meat, raw","viandes, oeufs, poissons meat, egg and fish",100,g,0,23.2,3.73,126,ciqual-2025-11-03
ciqual,36402,"Faisan, viande rôtie/cuite au four",fr,"Pheasant, meat, roasted/baked","viandes, oeufs, poissons meat, egg and fish",100,g,0,32.4,12.1,239,ciqual-2025-11-03
ciqual,36403,"Faisan, viande et peau crues",fr,"Pheasant, meat and skin, raw","viandes, oeufs, poissons meat, egg and fish",100,g,0,23.2,7.95,164,ciqual-2025-11-03
ciqual,36500,"Oie, viande crue",fr,"Goose, meat, raw","viandes, oeufs, poissons meat, egg and fish",100,g,0,22.8,7.13,155,ciqual-2025-11-03
ciqual,36501,"Oie, viande et peau crues",fr,"Goose, meat and skin, raw","viandes, oeufs, poissons meat, egg and fish",100,g,0,15.9,33.6,366,ciqual-2025-11-03
ciqual,36502,"Oie, viande rôtie/cuite au four",fr,"Goose, meat, roasted/baked","viandes, oeufs, poissons meat, egg and fish",100,g,0,29,12.7,230,ciqual-2025-11-03
ciqual,36503,"Oie, viande et peau rôties/cuites au four",fr,"Goose, meat and skin, roasted/baked","viandes, oeufs, poissons meat, egg and fish",100,g,0,25.2,21.9,298,ciqual-2025-11-03
ciqual,36600,"Pigeon, viande crue",fr,"Pigeon, meat, raw","viandes, oeufs, poissons meat, egg and fish",100,g,0,18,15.7,213,ciqual-2025-11-03
ciqual,36602,"Pigeon, viande rôtie/cuite au four",fr,"Pigeon, meat, roasted/baked","viandes, oeufs, poissons meat, egg and fish",100,g,0,23.9,13,213,ciqual-2025-11-03
ciqual,36603,"Gibier à plumes, viande, cuit (aliment moyen)",fr,"Feathered game, meat, cooked (average)","viandes, oeufs, poissons meat, egg and fish",100,g,0,24.9,11.5,203,ciqual-2025-11-03
ciqual,36700,"Pintade, viande crue",fr,"Guinea fowl, meat, raw","viandes, oeufs, poissons meat, egg and fish",100,g,0,22,4.46,128,ciqual-2025-11-03
ciqual,36702,"Pintade, poitrine crue",fr,"Guinea fowl, breast, raw","viandes, oeufs, poissons meat, egg and fish",100,g,0,25.1,0.7,107,ciqual-2025-11-03
ciqual,36703,"Pintade, cuisse crue",fr,"Guinea fowl, leg, raw","viandes, oeufs, poissons meat, egg and fish",100,g,0.2,22.8,2.9,118,ciqual-2025-11-03
ciqual,36800,"Autruche, viande crue",fr,"Ostrich, meat, raw","viandes, oeufs, poissons meat, egg and fish",100,g,0,20.2,8.7,159,ciqual-2025-11-03
ciqual,36801,"Autruche, viande cuite",fr,"Ostrich, meat, cooked","viandes, oeufs, poissons meat, egg and fish",100,g,0,26.2,7.07,168,ciqual-2025-11-03
ciqual,36900,"Volaille, cuite (aliment moyen)",fr,"Poultry, cooked (average)","viandes, oeufs, poissons meat, egg and fish",100,g,0.033,27.3,6.37,167,ciqual-2025-11-03
ciqual,37000,"Base de pizza (pâte et sauce à la crème), crue",fr,"Base for pizza (dough + cream sauce), raw",aides culinaires et ingrédients divers miscellaneous,100,g,51.1,7.7,2.6,261,ciqual-2025-11-03
ciqual,37001,"Pâte à pizza, préemballée, crue",fr,"Pizza dough, prepacked, raw",produits céréaliers cereal products,100,g,44.2,7.05,3.45,240,ciqual-2025-11-03
ciqual,37002,"Base de pizza (pâte et sauce à la tomate), crue",fr,"Base for pizza (dough + tomato sauce), raw",aides culinaires et ingrédients divers miscellaneous,100,g,44.6,6.9,2.7,232,ciqual-2025-11-03
ciqual,38104,"Chips, beignet ou pétale à la crevette",fr,Prawn crackers,produits céréaliers cereal products,100,g,63.7,3.1,26.6,508,ciqual-2025-11-03
ciqual,38105,"Chips de maïs ou tortilla chips, aromatisé",fr,"Maiz/corn chips or tortilla chips, flavoured",produits céréaliers cereal products,100,g,59.1,6.53,25.4,499,ciqual-2025-11-03
ciqual,38106,"Biscuit ou cracker apéritif, soufflé, goût pomme de terre",fr,"Puffed salty snacks, potato flavour",produits céréaliers cereal products,100,g,60.6,4.59,23,475,ciqual-2025-11-03
ciqual,38107,"Biscuit ou cracker apéritif, mini bretzel ou sticks",fr,"Salty snacks, crackers, mini pretzels or sticks",produits céréaliers cereal products,100,g,73.7,11.2,3.13,376,ciqual-2025-11-03
ciqual,38109,"Biscuit apéritif, mini-chou fourré, préemballé",fr,"Salty snack, filled, prepacked",produits céréaliers cereal products,100,g,28.2,10.7,54.7,651,ciqual-2025-11-03
ciqual,38399,Biscuit ou cracker apéritif (aliment moyen),fr,"Salty snacks, crackers (average)",produits céréaliers cereal products,100,g,61.2,10.2,20.9,480,ciqual-2025-11-03
ciqual,38401,"Biscuit ou cracker apéritif, à base de blé, au fromage",fr,"Salty snacks, crackers, made from wheat, with cheese",produits céréaliers cereal products,100,g,47,14.8,29.4,519,ciqual-2025-11-03
ciqual,38402,"Biscuit ou cracker apéritif, à base de blé, nature ou aromatisé",fr,"Salty snacks, crackers, made from wheat, plain or flavoured",produits céréaliers cereal products,100,g,59.1,10.4,23.8,499,ciqual-2025-11-03
ciqual,38403,"Biscuit ou cracker apéritif, à base de blé, nature, allégé en matière grasse",fr,"Salty snacks, crackers, made from wheat, plain, reduced fat",produits céréaliers cereal products,100,g,73.1,6.53,9.33,410,ciqual-2025-11-03
ciqual,38404,"Biscuit ou cracker apéritif, soufflé, goût cacahuète",fr,"Puffed salty snacks, peanut flavour",produits céréaliers cereal products,100,g,54.8,13.3,22.9,487,ciqual-2025-11-03
ciqual,38405,"Biscuit ou cracker apéritif, tuile, à base de pomme de terre",fr,"Salty snacks, crackers, made from potato",produits céréaliers cereal products,100,g,59.1,4.63,28.8,521,ciqual-2025-11-03
ciqual,38406,"Cacahuète enrobée d'un biscuit salé ou aromatisé, pour apéritif",fr,Peanuts coated with savoury biscuit (with salt or flavoured),produits céréaliers cereal products,100,g,45.4,15.8,29.7,518,ciqual-2025-11-03
ciqual,38407,"Biscuit ou cracker apéritif, feuilleté (flûtes, torsades, palmiers…), sans fromage",fr,"Salty snacks, crackers, puff pastry, without cheese",produits céréaliers cereal products,100,g,59.7,10.9,20.7,476,ciqual-2025-11-03
ciqual,38408,"Biscuit apéritif, crêpe dentelle fourrée, préemballée",fr,"Salted crispy crepe, filled, prepacked",produits céréaliers cereal products,100,g,48.8,9.3,35.6,555,ciqual-2025-11-03
ciqual,38410,"Biscuit ou cracker apéritif, feuilleté (flûtes, torsades, palmiers…), au fromage",fr,"Salty snacks, crackers, puff pastry, with cheese",produits céréaliers cereal products,100,g,50.2,13.1,29.6,524,ciqual-2025-11-03
ciqual,38411,"Biscuit ou cracker apéritif, à base de blé, assortiment",fr,"Salty snacks, crackers, made from wheat, various types",produits céréaliers cereal products,100,g,58.2,8.88,25.3,501,ciqual-2025-11-03
ciqual,38413,"Biscuit ou cracker apéritif, gaufrette fourrée",fr,"Salty snacks, crackers, mini waffle, filled",produits céréaliers cereal products,100,g,39.6,10.4,42.4,585,ciqual-2025-11-03
ciqual,38414,"Gressin, au sésame",fr,"Grissini or bread stick, with sesame",produits céréaliers cereal products,100,g,59.3,14,15.7,443,ciqual-2025-11-03
ciqual,38415,"Gressin, au sésame, allégé en matière grasse",fr,"Grissini or bread stick, with sesame, reduced fat",produits céréaliers cereal products,100,g,56.8,15.4,13.9,427,ciqual-2025-11-03
ciqual,38416,"Biscuit ou cracker apéritif, à base de riz et cacahuètes enrobées, mélange japonais",fr,"Salty snacks, crackers made from rice and coated peanuts, japanese style",produits céréaliers cereal products,100,g,72,10.8,8.27,409,ciqual-2025-11-03
ciqual,38417,"Chips de maïs ou tortilla chips, nature",fr,"Maize/corn chips or tortilla chips, plain",produits céréaliers cereal products,100,g,62.6,6.68,22.5,488,ciqual-2025-11-03
ciqual,38419,"Biscuit ou cracker apéritif, soufflé, goût bacon",fr,"Puffed salty snacks, bacon flavour",produits céréaliers cereal products,100,g,62.2,6.5,25.9,513,ciqual-2025-11-03
ciqual,38420,"Biscuit ou cracker apéritif, soufflé, nature",fr,"Puffed salty snacks, plain",produits céréaliers cereal products,100,g,64,7.17,19.2,464,ciqual-2025-11-03
ciqual,38421,"Biscuit ou cracker apéritif, soufflé, goût fromage",fr,"Puffed salty snacks, cheese flavour",produits céréaliers cereal products,100,g,57.6,7.29,27.3,510,ciqual-2025-11-03
ciqual,38422,"Biscuit ou cracker apéritif, soufflé, sans précision (aliment moyen)",fr,Puffed salty snacks (average),produits céréaliers cereal products,100,g,48.8,10.5,32.6,535,ciqual-2025-11-03
ciqual,38500,"Croûton, à l'ail, aux fines herbes ou aux oignons, préemballé",fr,"Crouton with garlic, herbs or onions, prepacked",produits céréaliers cereal products,100,g,59,8.87,22.9,484,ciqual-2025-11-03
ciqual,38501,"Croûton, au fromage, préemballé",fr,"Crouton with cheese, prepacked",produits céréaliers cereal products,100,g,52.3,8.24,32,535,ciqual-2025-11-03
ciqual,39001,"Milkshake, de restauration rapide",fr,"Milkshake, from fast food",produits laitiers milk and milk products,100,g,17.4,3.32,4.66,126,ciqual-2025-11-03
ciqual,39200,"Crème dessert au chocolat, rayon frais",fr,"Custard dessert, chocolate, refrigerated",produits laitiers milk and milk products,100,g,17.9,3.39,3.55,121,ciqual-2025-11-03
ciqual,39206,"Mousse au chocolat (base laitière), rayon frais",fr,"Chocolate mousse (milk-based), refrigerated",produits laitiers milk and milk products,100,g,20.3,4.95,5.45,155,ciqual-2025-11-03
ciqual,39209,"Crème caramel, rayon frais",fr,"Caramel custard, refrigerated",produits laitiers milk and milk products,100,g,21,4.65,5.74,155,ciqual-2025-11-03
ciqual,39210,"Mousse au chocolat traditionnelle, rayon frais",fr,"Chocolate mousse, traditional, refrigerated",produits laitiers milk and milk products,100,g,23.8,7.23,21.1,319,ciqual-2025-11-03
ciqual,39211,"Crème aux oeufs (petit pot de crème chocolat, vanille, etc.), rayon frais",fr,"Custard with eggs (small jar of chocolate or vanilla cream), refrigerated",produits laitiers milk and milk products,100,g,17.5,4.25,8.1,162,ciqual-2025-11-03
ciqual,39212,"Riz au lait vanille, cannelle ou nature, rayon frais",fr,"Rice pudding, vanilla, cinnamon or plain, refrigerated",produits laitiers milk and milk products,100,g,18.9,2.94,3.4,121,ciqual-2025-11-03
ciqual,39213,"Crème brûlée, rayon frais",fr,"Caramelized custard cream (crème brûlée), refrigerated",produits laitiers milk and milk products,100,g,17.5,4.35,20.1,269,ciqual-2025-11-03
ciqual,39214,"Crème dessert à la vanille, appertisée",fr,"Custard dessert, vanilla, canned",produits laitiers milk and milk products,100,g,21.1,3.77,3.62,133,ciqual-2025-11-03
ciqual,39215,"Ile flottante, rayon frais",fr,"Floating island (meringue poached in milk and served in a light custard cream), refrigerated",produits laitiers milk and milk products,100,g,21.4,4.6,3.05,131,ciqual-2025-11-03
ciqual,39216,"Clafoutis aux fruits, rayon frais",fr,"Fruits batter-pudding, refrigerated",produits laitiers milk and milk products,100,g,29.4,5.1,6.39,198,ciqual-2025-11-03
ciqual,39218,"Semoule au lait, rayon frais",fr,"Semolina pudding, refrigerated",produits laitiers milk and milk products,100,g,18.9,3.34,4.73,132,ciqual-2025-11-03
ciqual,39220,"Liégeois aux fruits, rayon frais",fr,"Fruit liegeois, refrigerated",produits laitiers milk and milk products,100,g,17.7,1.15,7.26,145,ciqual-2025-11-03
ciqual,39229,"Crème dessert à la vanille, rayon frais",fr,"Custard dessert, vanilla, refrigerated",produits laitiers milk and milk products,100,g,16.2,2.92,2.88,103,ciqual-2025-11-03
ciqual,39230,"Crème dessert, rayon frais (aliment moyen)",fr,"Custard dessert, refrigerated (average)",produits laitiers milk and milk products,100,g,17.4,3.43,5.82,138,ciqual-2025-11-03
ciqual,39233,"Fondant au chocolat noir et crème anglaise, rayon frais",fr,"Dark chocolate fondant with light custard cream, refrigerated",produits laitiers milk and milk products,100,g,19,4.5,13,211,ciqual-2025-11-03
ciqual,39234,"Gâteau au chocolat, coeur fondant, rayon frais",fr,"Chocolate cake, with creamy chocolate heart, refrigerated",produits laitiers milk and milk products,100,g,41.2,6.56,19.5,373,ciqual-2025-11-03
ciqual,39235,"Mousse liégeoise (chocolat, café, caramel ou vanille), rayon frais",fr,"Mousse (chocolate, coffee, caramel or vanilla) topped with whipped cream, refrigerated",produits laitiers milk and milk products,100,g,19.2,3.67,9.35,177,ciqual-2025-11-03
ciqual,39236,Pain perdu,fr,French toast,produits laitiers milk and milk products,100,g,30.8,6,8.45,226,ciqual-2025-11-03
ciqual,39246,"Crème dessert au café, rayon frais",fr,"Custard dessert, coffee, refrigerated",produits laitiers milk and milk products,100,g,17.3,2.8,4.09,118,ciqual-2025-11-03
ciqual,39247,"Crème dessert au caramel, rayon frais",fr,"Custard dessert, caramel, refrigerated",produits laitiers milk and milk products,100,g,18.1,2.83,2.68,108,ciqual-2025-11-03
ciqual,39248,"Mousse au chocolat végétale, rayon frais",fr,"Chocolate mousse, plant-based, refrigerated",produits laitiers milk and milk products,100,g,24.3,6.69,14,262,ciqual-2025-11-03
ciqual,39249,"Mousse aux fruits, au fromage frais, 0% MG, sucrée, avec édulcorants, enrichie en calcium, rayon frais",fr,"Fruit mousse, with cottage cheese, 0% fat, with sugar(s) and sweetener(s), fortified with calcium, refrigerated",produits laitiers milk and milk products,100,g,5.51,6.13,0,51.7,ciqual-2025-11-03
ciqual,39250,"Mousse aux fruits, au fromage frais, sucrée, rayon frais",fr,"Fruit mousse, with cottage cheese, with sugar(s), refrigerated",produits laitiers milk and milk products,100,g,14.4,4.92,7.39,144,ciqual-2025-11-03
ciqual,39251,"Riz au lait, au caramel, rayon frais",fr,"Rice pudding with caramel, refrigerated",produits laitiers milk and milk products,100,g,24.5,2.89,4,146,ciqual-2025-11-03
ciqual,39252,"Riz au lait, rhum raisins, rayon frais",fr,"Rice pudding with rhum and raisins, refrigerated",produits laitiers milk and milk products,100,g,22.3,2.97,3.44,133,ciqual-2025-11-03
ciqual,39253,"Mousse au chocolat ou café, sur ganache, rayon frais",fr,"Chocolate or coffee mousse, on ganache cream, refrigerated",produits laitiers milk and milk products,100,g,17.5,4.49,29.7,360,ciqual-2025-11-03
ciqual,39254,"Crème dessert au chocolat et billes de céréales chocolatées, rayon frais",fr,"Custard dessert, chocolate, with chocolate-coated cereals, refrigerated",produits laitiers milk and milk products,100,g,22.5,3.78,3.78,140,ciqual-2025-11-03
ciqual,39400,"Lait de poule, sans alcool",fr,"Eggnog, without alcohol",produits laitiers milk and milk products,100,g,8.05,4.46,4.19,87.8,ciqual-2025-11-03
ciqual,39401,Pêche melba,fr,Peach melba (with vanilla ice cream and raspberry sauce),glaces et sorbets ice cream and sorbet,100,g,18.8,2.02,3.62,119,ciqual-2025-11-03
ciqual,39500,"Glace à l'eau ou sorbet ou crème glacée, tout parfum (aliment moyen)",fr,"Ice cream or sorbet or ice pop, any flavour (average)",glaces et sorbets ice cream and sorbet,100,g,32,2.68,11.9,249,ciqual-2025-11-03
ciqual,39502,Dessert glacé type mystère ou vacherin,fr,"Frozen dessert, ice cream with meringue",glaces et sorbets ice cream and sorbet,100,g,32.9,2.8,9,226,ciqual-2025-11-03
ciqual,39503,"Glace ou crème glacée, bâtonnet enrobage chocolat",fr,"Ice cream, stick, chocolate-coated",glaces et sorbets ice cream and sorbet,100,g,33.3,3.23,20,329,ciqual-2025-11-03
ciqual,39505,"Crème dessert, appertisée (aliment moyen)",fr,"Custard dessert, canned (average)",produits laitiers milk and milk products,100,g,21.5,3.46,3.51,136,ciqual-2025-11-03
ciqual,39506,"Crème dessert au chocolat, appertisée",fr,"Custard dessert, chocolate, canned",produits laitiers milk and milk products,100,g,21.8,3.18,3.42,138,ciqual-2025-11-03
ciqual,39509,"Glace ou crème glacée, cône (taille standard)",fr,"Ice cream, cone (normal size)",glaces et sorbets ice cream and sorbet,100,g,36.8,3.44,13.5,290,ciqual-2025-11-03
ciqual,39511,"Crème dessert, rayon frais ou appertisée (aliment moyen)",fr,"Custard dessert, refrigerated or canned (average)",produits laitiers milk and milk products,100,g,17.6,3.43,5.75,138,ciqual-2025-11-03
ciqual,39512,Dessert glacé type sundae,fr,"Frozen dessert, Sundae ice cream type",glaces et sorbets ice cream and sorbet,100,g,30.8,2.37,8.7,211,ciqual-2025-11-03
ciqual,39515,"Glace ou crème glacée, en bac",fr,"Ice cream, in box",glaces et sorbets ice cream and sorbet,100,g,26.1,2.5,8.4,191,ciqual-2025-11-03
ciqual,39516,"Dessert glacé feuilleté, à partager",fr,"Frozen dessert, crispy chocolate and ice cream, to share",glaces et sorbets ice cream and sorbet,100,g,27.3,2.31,13.6,242,ciqual-2025-11-03
ciqual,39517,Glace au yaourt,fr,Frozen yogurt,glaces et sorbets ice cream and sorbet,100,g,22.7,3.38,2.2,126,ciqual-2025-11-03
ciqual,39518,Omelette norvégienne,fr,Baked Alaska,glaces et sorbets ice cream and sorbet,100,g,34.8,3.6,6.5,212,ciqual-2025-11-03
ciqual,39519,Poire belle Hélène,fr,Belle Helene pear (cooked pear topped with hot chocolate sauce on a bed of vanilla ice cream),glaces et sorbets ice cream and sorbet,100,g,23.5,2.68,9.57,196,ciqual-2025-11-03
ciqual,39520,"Glace ou crème glacée, gourmande, en bac",fr,"Ice cream, gourmet, in box",glaces et sorbets ice cream and sorbet,100,g,29.4,3.26,11,231,ciqual-2025-11-03
ciqual,39521,"Glace ou crème glacée, gourmande, en pot",fr,"Ice cream, gourmet, in cup",glaces et sorbets ice cream and sorbet,100,g,29.2,3.86,13.6,256,ciqual-2025-11-03
ciqual,39522,"Glace ou crème glacée, mini cône",fr,"Ice cream, cone, mini",glaces et sorbets ice cream and sorbet,100,g,40.2,3.81,19,351,ciqual-2025-11-03
ciqual,39523,"Glace ou crème glacée, pot individuel",fr,"Ice cream, in individual cup",glaces et sorbets ice cream and sorbet,100,g,23.3,3.57,13.8,233,ciqual-2025-11-03
ciqual,39524,"Sorbet, en bac",fr,"Sorbet, in box",glaces et sorbets ice cream and sorbet,100,g,28.7,0.4,0.56,122,ciqual-2025-11-03
ciqual,39525,"Sorbet, pot individuel",fr,"Sorbet,  in individual cup",glaces et sorbets ice cream and sorbet,100,g,28.4,0.49,1.03,126,ciqual-2025-11-03
ciqual,39526,Glace à l'eau,fr,Ice lolly,glaces et sorbets ice cream and sorbet,100,g,20.5,0.17,0.17,83.8,ciqual-2025-11-03
ciqual,39527,"Glace ou crème glacée, bac ou pot (aliment moyen)",fr,"Ice cream, box or cup (average)",glaces et sorbets ice cream and sorbet,100,g,25,2.78,6.45,171,ciqual-2025-11-03
ciqual,39528,"Sorbet, cône",fr,"Sorbet, cone",glaces et sorbets ice cream and sorbet,100,g,38.2,1.79,5.78,216,ciqual-2025-11-03
ciqual,39529,Nougat glacé,fr,Iced nougat,glaces et sorbets ice cream and sorbet,100,g,26.4,4.38,13.4,249,ciqual-2025-11-03
ciqual,39530,Citron givré ou orange givrée (sorbet),fr,Frosted lemon or orange (sorbet),glaces et sorbets ice cream and sorbet,100,g,29.1,0.14,1.77,133,ciqual-2025-11-03
ciqual,39531,"Glace ou crème glacée, petit pot enfant",fr,"Ice cream, in cup for children",glaces et sorbets ice cream and sorbet,100,g,24.9,2.27,6.64,170,ciqual-2025-11-03
ciqual,39532,Coupe glacée type café ou chocolat liégeois,fr,"Goblet of ice cream, coffe or chocolate ice cream topped with whipped cream",glaces et sorbets ice cream and sorbet,100,g,28.7,2.66,9.24,210,ciqual-2025-11-03
ciqual,39533,Bûche glacée,fr,Ice cream log,glaces et sorbets ice cream and sorbet,100,g,29.8,2.74,9.61,219,ciqual-2025-11-03
ciqual,39534,Coupe glacée parfum pêche Melba ou poire Belle-Hélène,fr,"Goblet of ice cream, Belle-Hélène pear or Melba peach-style",glaces et sorbets ice cream and sorbet,100,g,28.9,1.43,4.07,160,ciqual-2025-11-03
ciqual,39535,"Glace ou crème glacée, bâtonnet enrobage fruits",fr,"Ice cream, stick, fruit-coated",glaces et sorbets ice cream and sorbet,100,g,26.8,1.49,5.14,160,ciqual-2025-11-03
ciqual,39700,"Crème anglaise, préemballée",fr,"Light custard cream with vanilla, prepacked",aides culinaires et ingrédients divers miscellaneous,100,g,14.8,3.44,2.5,97.3,ciqual-2025-11-03
ciqual,39710,"Crème pâtissière instantanée, reconstituée",fr,"Pastry cream or custard, instant, reconstituted",produits laitiers milk and milk products,100,g,18,3.79,3.6,120,ciqual-2025-11-03
ciqual,4000,"Tapioca ou perles du Japon, cru",fr,"Tapioca, raw","fruits, légumes, légumineuses et oléagineux fruits, vegetables, legumes and nuts",100,g,87.8,0.19,0.02,354,ciqual-2025-11-03
ciqual,40002,"Cervelle, agneau, crue",fr,"Brain, lamb, raw","viandes, oeufs, poissons meat, egg and fish",100,g,0.49,10.4,8.58,121,ciqual-2025-11-03
ciqual,40003,"Cervelle, agneau, cuite",fr,"Brain, lamb, cooked","viandes, oeufs, poissons meat, egg and fish",100,g,0.19,12.6,10.2,142,ciqual-2025-11-03
ciqual,40004,"Cervelle, porc, braisée",fr,"Brain, pork, braised","viandes, oeufs, poissons meat, egg and fish",100,g,0,12.4,13.8,174,ciqual-2025-11-03
ciqual,40005,"Cervelle, porc, crue",fr,"Brain, pork, raw","viandes, oeufs, poissons meat, egg and fish",100,g,1.02,10.3,9.21,128,ciqual-2025-11-03
ciqual,40006,"Cervelle, veau, crue",fr,"Brain, calf, raw","viandes, oeufs, poissons meat, egg and fish",100,g,0.33,10.3,8.21,116,ciqual-2025-11-03
ciqual,40007,"Cervelle, veau, cuite",fr,"Brain, calf, cooked","viandes, oeufs, poissons meat, egg and fish",100,g,0.6,11.5,9.63,135,ciqual-2025-11-03
ciqual,4002,"Pomme de terre, sans peau, rôtie/cuite au four",fr,"Potato, peeled, roasted/baked","fruits, légumes, légumineuses et oléagineux fruits, vegetables, legumes and nuts",100,g,20.1,1.96,0.1,91.9,ciqual-2025-11-03
ciqual,4003,"Pomme de terre, bouillie/cuite à l'eau",fr,"Potato, boiled/cooked in water","fruits, légumes, légumineuses et oléagineux fruits, vegetables, legumes and nuts",100,g,16.8,1.8,0.34,81,ciqual-2025-11-03
ciqual,4004,Chips de pommes de terre nature ou aromatisées,fr,"Potato, crisps, plain or flavoured, standard","fruits, légumes, légumineuses et oléagineux fruits, vegetables, legumes and nuts",100,g,51,6,32.7,532,ciqual-2025-11-03
ciqual,40052,"Coeur, boeuf, cru",fr,"Heart, beef, raw","viandes, oeufs, poissons meat, egg and fish",100,g,0.6,18.5,2.95,103,ciqual-2025-11-03
ciqual,40053,"Coeur, boeuf, cuit",fr,"Heart, beef, cooked","viandes, oeufs, poissons meat, egg and fish",100,g,0,23,4.5,133,ciqual-2025-11-03
ciqual,40054,"Coeur, poulet, cru",fr,"Heart, chicken, raw","viandes, oeufs, poissons meat, egg and fish",100,g,0.71,15.6,9.33,149,ciqual-2025-11-03
ciqual,40055,"Coeur, dinde, cru",fr,"Heart, turkey, raw","viandes, oeufs, poissons meat, egg and fish",100,g,0.4,16.7,7.44,135,ciqual-2025-11-03
ciqual,40056,"Coeur, poulet, cuit",fr,"Heart, chicken, cooked","viandes, oeufs, poissons meat, egg and fish",100,g,0.1,26.4,7.92,177,ciqual-2025-11-03
ciqual,40057,"Coeur, dinde, cuit",fr,"Heart, turkey, cooked","viandes, oeufs, poissons meat, egg and fish",100,g,0,24.9,7.52,167,ciqual-2025-11-03
ciqual,40058,"Coeur, agneau, cru",fr,"Heart, lamb, raw","viandes, oeufs, poissons meat, egg and fish",100,g,0.21,16.5,5.68,118,ciqual-2025-11-03
ciqual,40059,"Coeur, agneau, cuit",fr,"Heart, lamb, cooked","viandes, oeufs, poissons meat, egg and fish",100,g,1.93,25,7.91,179,ciqual-2025-11-03
ciqual,40060,"Coeur, porc, cru",fr,"Heart, pork, raw","viandes, oeufs, poissons meat, egg and fish",100,g,1.32,17.3,4.36,114,ciqual-2025-11-03
ciqual,40062,"Coeur, veau, cru",fr,"Heart, calf, raw","viandes, oeufs, poissons meat, egg and fish",100,g,0.08,17.2,3.98,105,ciqual-2025-11-03
ciqual,4007,"Pomme de terre nouvelle ou primeur, bouillie/cuite à l'eau",fr,"Potato, new, boiled/cooked in water","fruits, légumes, légumineuses et oléagineux fruits, vegetables, legumes and nuts",100,g,15,1.44,0.3,71.6,ciqual-2025-11-03
ciqual,4008,"Pomme de terre, sans peau, crue",fr,"Potato, peeled, raw","fruits, légumes, légumineuses et oléagineux fruits, vegetables, legumes and nuts",100,g,16.2,2.02,0.09,80,ciqual-2025-11-03
ciqual,40102,"Foie, agneau, cru",fr,"Liver, lamb, raw","viandes, oeufs, poissons meat, egg and fish",100,g,0.16,21.8,5.45,137,ciqual-2025-11-03
ciqual,40103,"Foie, agneau, cuit",fr,"Liver, lamb, cooked","viandes, oeufs, poissons meat, egg and fish",100,g,4.37,23,5.8,162,ciqual-2025-11-03
ciqual,40104,"Foie, génisse, cru",fr,"Liver, heifer, raw","viandes, oeufs, poissons meat, egg and fish",100,g,3.33,21,4.3,136,ciqual-2025-11-03
ciqual,40105,"Foie, génisse, cuit",fr,"Liver, heifer, cooked","viandes, oeufs, poissons meat, egg and fish",100,g,2.2,26.3,5.71,165,ciqual-2025-11-03
ciqual,40106,"Foie, veau, cru",fr,"Liver, calf, raw","viandes, oeufs, poissons meat, egg and fish",100,g,5.64,15.5,3.4,120,ciqual-2025-11-03
ciqual,40107,"Foie, veau, cuit",fr,"Liver, calf, cooked","viandes, oeufs, poissons meat, egg and fish",100,g,9.23,19,3.02,140,ciqual-2025-11-03
ciqual,40108,"Foie, volaille, cru",fr,"Liver, poultry, raw","viandes, oeufs, poissons meat, egg and fish",100,g,1.25,21.5,4.75,134,ciqual-2025-11-03
ciqual,40109,"Foie, volaille, cuit",fr,"Liver, poultry, cooked","viandes, oeufs, poissons meat, egg and fish",100,g,0,25.8,6.4,164,ciqual-2025-11-03
ciqual,4011,"Pomme de terre, appertisée, égouttée",fr,"Potato, canned, drained","fruits, légumes, légumineuses et oléagineux fruits, vegetables, legumes and nuts",100,g,10.7,1.58,0.41,57.2,ciqual-2025-11-03
ciqual,40110,"Foie, lapin, cru",fr,"Liver, rabbit, raw","viandes, oeufs, poissons meat, egg and fish",100,g,5.39,19,4,134,ciqual-2025-11-03
ciqual,40111,"Foie, poulet, cru",fr,"Liver, chicken, raw","viandes, oeufs, poissons meat, egg and fish",100,g,0.73,16.9,4.83,114,ciqual-2025-11-03
ciqual,40113,"Foie, porc, cuit",fr,"Liver, pork, cooked","viandes, oeufs, poissons meat, egg and fish",100,g,3.76,26,4.4,159,ciqual-2025-11-03
ciqual,40115,"Foie, dinde, cru",fr,"Liver, turkey, raw","viandes, oeufs, poissons meat, egg and fish",100,g,0,18.3,5.5,123,ciqual-2025-11-03
ciqual,40116,"Foie, poulet, cuit",fr,"Liver, chicken, cooked","viandes, oeufs, poissons meat, egg and fish",100,g,0.86,24.5,6.51,160,ciqual-2025-11-03
ciqual,40118,"Foie, dinde, cuit",fr,"Liver, turkey, cooked","viandes, oeufs, poissons meat, egg and fish",100,g,0,27,8.18,182,ciqual-2025-11-03
ciqual,40119,"Foie, porc, cru",fr,"Liver, pork, raw","viandes, oeufs, poissons meat, egg and fish",100,g,1.06,20.6,4.2,124,ciqual-2025-11-03
ciqual,40120,"Foie, oie, cru",fr,"Liver, goose, raw","viandes, oeufs, poissons meat, egg and fish",100,g,6.32,16.4,4.28,129,ciqual-2025-11-03
ciqual,40121,"Foie, canard, cru",fr,"Liver, duck, raw","viandes, oeufs, poissons meat, egg and fish",100,g,3.52,18.7,4.64,131,ciqual-2025-11-03
ciqual,4013,"Pomme de terre noisette, surgelée, à cuire",fr,"Noisette potato, frozen, raw","fruits, légumes, légumineuses et oléagineux fruits, vegetables, legumes and nuts",100,g,25.3,2.44,7.02,179,ciqual-2025-11-03
ciqual,4014,"Pomme de terre vapeur, sous vide",fr,"Potato, steamed, vacuum-packed","fruits, légumes, légumineuses et oléagineux fruits, vegetables, legumes and nuts",100,g,15.8,1.84,0.25,76,ciqual-2025-11-03
ciqual,4015,"Pomme de terre poêlée, avec matière grasse",fr,"Potato, sautéed/pan-fried with fat","fruits, légumes, légumineuses et oléagineux fruits, vegetables, legumes and nuts",100,g,17.3,2.5,5.7,137,ciqual-2025-11-03
ciqual,4016,"Flocons de pomme de terre, au lait ou à la crème, déshydratés",fr,"Potato flakes, dehydrated, with milk or cream","fruits, légumes, légumineuses et oléagineux fruits, vegetables, legumes and nuts",100,g,71,10,3.97,376,ciqual-2025-11-03
ciqual,4017,"Purée de pomme de terre, à base de flocons, reconstituée avec lait entier et matière grasse",fr,"Mashed potatoes, made from flakes, reconstituted with whole milk, with added fat","fruits, légumes, légumineuses et oléagineux fruits, vegetables, legumes and nuts",100,g,12.6,1.92,5.18,107,ciqual-2025-11-03
ciqual,4018,"Purée de pomme de terre, avec lait et beurre, sans sel ajouté",fr,"Mashed potatoes, prepared with milk and butter, no added salt","fruits, légumes, légumineuses et oléagineux fruits, vegetables, legumes and nuts",100,g,15.7,1.87,2.4,94.8,ciqual-2025-11-03
ciqual,4019,"Purée de pomme de terre, à base de flocons, reconstituée avec lait demi-écrémé et eau, non salée",fr,"Mashed potatoes, made from flakes, reconstituted with semi-skimmed milk and water, no added salt","fruits, légumes, légumineuses et oléagineux fruits, vegetables, legumes and nuts",100,g,12.4,2.63,0.53,68.5,ciqual-2025-11-03
ciqual,4020,"Pomme de terre dauphine, surgelée, à cuire",fr,"Dauphine potato, frozen, raw","fruits, légumes, légumineuses et oléagineux fruits, vegetables, legumes and nuts",100,g,19.7,4.25,15.7,242,ciqual-2025-11-03
ciqual,40201,"Langue, veau, cuite",fr,"Tongue, calf, cooked","viandes, oeufs, poissons meat, egg and fish",100,g,0,21,17,237,ciqual-2025-11-03
ciqual,40202,"Langue, boeuf, crue",fr,"Tongue, beef, raw","viandes, oeufs, poissons meat, egg and fish",100,g,0.82,16.8,13.8,195,ciqual-2025-11-03
ciqual,40203,"Langue, boeuf, cuite",fr,"Tongue, beef, cooked","viandes, oeufs, poissons meat, egg and fish",100,g,0.22,23.7,15.6,236,ciqual-2025-11-03
ciqual,40204,"Langue, veau, crue",fr,"Tongue, calf, raw","viandes, oeufs, poissons meat, egg and fish",100,g,0.83,16.9,12.2,181,ciqual-2025-11-03
ciqual,40205,"Langue, porc, crue",fr,"Tongue, pork, raw","viandes, oeufs, poissons meat, egg and fish",100,g,0.5,16.3,17.2,222,ciqual-2025-11-03
ciqual,40207,"Langue, agneau, crue",fr,"Tongue, lamb, raw","viandes, oeufs, poissons meat, egg and fish",100,g,1.75,15.4,10.9,167,ciqual-2025-11-03
ciqual,4021,"Pomme de terre dauphine, surgelée, cuite",fr,"Dauphine potato, frozen, cooked","fruits, légumes, légumineuses et oléagineux fruits, vegetables, legumes and nuts",100,g,30.2,4.5,17.7,302,ciqual-2025-11-03
ciqual,4022,"Flocons de pomme de terre, nature, déshydratés",fr,"Potato flakes, dehydrated, plain","fruits, légumes, légumineuses et oléagineux fruits, vegetables, legumes and nuts",100,g,73.5,8,0.41,346,ciqual-2025-11-03
ciqual,4023,"Pomme de terre nouvelle ou primeur, crue",fr,"Potato, new, raw","fruits, légumes, légumineuses et oléagineux fruits, vegetables, legumes and nuts",100,g,15.8,1.94,0.3,76.4,ciqual-2025-11-03
ciqual,4025,"Potatoes ou wedges ou quartiers de pommes de terre épicés, surgelées, cuites",fr,"Potato wedge, spiced, frozen, cooked","fruits, légumes, légumineuses et oléagineux fruits, vegetables, legumes and nuts",100,g,25.3,3.25,5.8,175,ciqual-2025-11-03
ciqual,4026,"Pomme de terre, rôtie/cuite au four",fr,"Potato, roasted/baked","fruits, légumes, légumineuses et oléagineux fruits, vegetables, legumes and nuts",100,g,19,2.5,0.13,91.4,ciqual-2025-11-03
ciqual,4027,"Pomme de terre sautée/poêlée/rissolée, préfrite, surgelée, cuite",fr,"Potato, sautéed/pan-fried, pre-fried, frozen, cooked","fruits, légumes, légumineuses et oléagineux fruits, vegetables, legumes and nuts",100,g,23,2.81,4.8,156,ciqual-2025-11-03
ciqual,4028,"Pomme de terre de conservation, sans peau, bouillie/cuite à l'eau",fr,"Potato, ware, peeled, boiled/cooked in water","fruits, légumes, légumineuses et oléagineux fruits, vegetables, legumes and nuts",100,g,15.4,1.81,0,72.6,ciqual-2025-11-03
ciqual,4029,"Pomme de terre nouvelle ou primeur, bouillie/cuite à l'eau, sans peau",fr,"Potato, early, peeled, boiled/cooked in water","fruits, légumes, légumineuses et oléagineux fruits, vegetables, legumes and nuts",100,g,14.9,1.84,0,71.1,ciqual-2025-11-03
ciqual,4030,"Frites de pommes de terre, surgelées, rôties/cuites au four",fr,"French fries or chips, frozen, roasted/baked","fruits, légumes, légumineuses et oléagineux fruits, vegetables, legumes and nuts",100,g,32.6,3.75,6.6,213,ciqual-2025-11-03
ciqual,40302,"Ris, agneau, cru",fr,"Sweetbread, lamb, raw","viandes, oeufs, poissons meat, egg and fish",100,g,0.17,14.8,9.82,148,ciqual-2025-11-03
ciqual,40303,"Ris, agneau, cuit",fr,"Sweetbread, lamb, cooked","viandes, oeufs, poissons meat, egg and fish",100,g,0.25,22.8,15.1,228,ciqual-2025-11-03
ciqual,40304,"Ris, veau, cru",fr,"Sweetbread, calf, raw","viandes, oeufs, poissons meat, egg and fish",100,g,0,17.2,3.07,96.5,ciqual-2025-11-03
ciqual,40305,"Ris, veau, braisé ou grillé/poêlé",fr,"Sweetbread, calf, braised or grilled/pan-fried","viandes, oeufs, poissons meat, egg and fish",100,g,9.52,21,5.8,174,ciqual-2025-11-03
ciqual,4032,"Frites de pommes de terre, surgelées, cuites en friteuse",fr,"French fries or chips, frozen, deep-fried","fruits, légumes, légumineuses et oléagineux fruits, vegetables, legumes and nuts",100,g,32.7,3.28,11.9,258,ciqual-2025-11-03
ciqual,4034,"Pomme de terre duchesse, surgelée, cuite",fr,"Duchesse potato, frozen, cooked","fruits, légumes, légumineuses et oléagineux fruits, vegetables, legumes and nuts",100,g,29.6,3.44,8.5,218,ciqual-2025-11-03
ciqual,4035,"Pomme de terre noisette, surgelée, cuite",fr,"Noisette potato, frozen, cooked","fruits, légumes, légumineuses et oléagineux fruits, vegetables, legumes and nuts",100,g,28.4,2.81,6.6,191,ciqual-2025-11-03
ciqual,4036,Pomme de terre sautée/poêlée/rissolée à la graisse de canard,fr,"Potato, sautéed/pan-fried with goose fat","fruits, légumes, légumineuses et oléagineux fruits, vegetables, legumes and nuts",100,g,20.8,2.44,11.4,200,ciqual-2025-11-03
ciqual,4037,"Chips de pommes de terre nature ou aromatisées, à l'ancienne",fr,"Potato crisps, plain or flavoured, old style","fruits, légumes, légumineuses et oléagineux fruits, vegetables, legumes and nuts",100,g,46.7,5.62,36.9,551,ciqual-2025-11-03
ciqual,4038,"Chips de pommes de terre nature ou aromatisées, allégées en matière grasse (et assimilés )",fr,"Potato crisps and similar, plain or flavoured, reduced fat","fruits, légumes, légumineuses et oléagineux fruits, vegetables, legumes and nuts",100,g,61.4,6.57,22.1,481,ciqual-2025-11-03
ciqual,4039,Rostis ou galette de pomme de terre,fr,Rostis,"fruits, légumes, légumineuses et oléagineux fruits, vegetables, legumes and nuts",100,g,22.5,2.38,8.3,182,ciqual-2025-11-03
ciqual,4040,"Purée de pomme de terre, avec lait et beurre, salée",fr,"Mashed potatoes, prepared with milk and butter, salted","fruits, légumes, légumineuses et oléagineux fruits, vegetables, legumes and nuts",100,g,11.3,1.96,6.7,117,ciqual-2025-11-03
ciqual,40401,"Rognon, cuit (aliment moyen)",fr,"Kidney, cooked (average)","viandes, oeufs, poissons meat, egg and fish",100,g,0.018,26.3,6.68,165,ciqual-2025-11-03
ciqual,40402,"Rognon, boeuf, cru",fr,"Kidney, beef, raw","viandes, oeufs, poissons meat, egg and fish",100,g,0.85,17.1,2.65,95.7,ciqual-2025-11-03
ciqual,40403,"Rognon, boeuf, cuit",fr,"Kidney, beef, cooked","viandes, oeufs, poissons meat, egg and fish",100,g,0,27,7,171,ciqual-2025-11-03
ciqual,40404,"Rognon, porc, cru",fr,"Kidney, pork, raw","viandes, oeufs, poissons meat, egg and fish",100,g,1.1,16.5,3.25,99.5,ciqual-2025-11-03
ciqual,40405,"Rognon, porc, cuit",fr,"Kidney, pork, cooked","viandes, oeufs, poissons meat, egg and fish",100,g,0,25.4,4.7,144,ciqual-2025-11-03
ciqual,40406,"Rognon, agneau, braisé",fr,"Kidney, lamb, braised","viandes, oeufs, poissons meat, egg and fish",100,g,0.99,23.7,3.62,131,ciqual-2025-11-03
ciqual,40407,"Rognon, agneau, cru",fr,"Kidney, lamb, raw","viandes, oeufs, poissons meat, egg and fish",100,g,1.08,14.7,3.43,93.9,ciqual-2025-11-03
ciqual,40408,"Rognon, veau, braisé ou grillé/poêlé",fr,"Kidney, veal, braised or grilled/pan-fried","viandes, oeufs, poissons meat, egg and fish",100,g,0,26,7,167,ciqual-2025-11-03
ciqual,40409,"Rognon, veau, cru",fr,"Kidney, calf, raw","viandes, oeufs, poissons meat, egg and fish",100,g,0.85,15.8,3.12,94.5,ciqual-2025-11-03
ciqual,4041,"Aligot (purée de pomme de terre à la tomme fraîche), préemballé",fr,"Mashed potatoes with fresh tome cheese, prepacked",entrées et plats composés starters and dishes,100,g,9.5,8.06,13.3,195,ciqual-2025-11-03
ciqual,4042,"Pomme de terre duchesse, surgelée, à cuire",fr,"Duchesse potato, frozen, raw","fruits, légumes, légumineuses et oléagineux fruits, vegetables, legumes and nuts",100,g,21.4,2.41,6.26,157,ciqual-2025-11-03
ciqual,4043,"Pomme de terre sautée/poêlée/rissolée, préfrite, surgelée, à cuire",fr,"Potato, sautéed/pan-fried, pre-fried, frozen, raw","fruits, légumes, légumineuses et oléagineux fruits, vegetables, legumes and nuts",100,g,20.4,2.35,4.5,137,ciqual-2025-11-03
ciqual,4044,"Frites de pommes de terre, surgelées, préfrites, pour cuisson au four",fr,"French fries or chips, frozen, pre-fried, raw, to cook in the oven","fruits, légumes, légumineuses et oléagineux fruits, vegetables, legumes and nuts",100,g,21,2.38,4.73,142,ciqual-2025-11-03
ciqual,4045,"Frites de pommes de terre, surgelées, préfrites, pour cuisson micro-onde",fr,"French fries or chips, frozen, pre-fried, aw, to be microwave","fruits, légumes, légumineuses et oléagineux fruits, vegetables, legumes and nuts",100,g,27.2,3.26,10.2,223,ciqual-2025-11-03
ciqual,4046,"Frites de pommes de terre, surgelées, préfrites, pour cuisson en friteuse",fr,"French fries or chips, frozen, pre-fried, raw, to deep-fry","fruits, légumes, légumineuses et oléagineux fruits, vegetables, legumes and nuts",100,g,29.1,3.12,12.1,244,ciqual-2025-11-03
ciqual,4047,Purée de pomme de terre (aliment moyen),fr,Mashed potatoes (average),"fruits, légumes, légumineuses et oléagineux fruits, vegetables, legumes and nuts",100,g,13,2.1,3.7,96.8,ciqual-2025-11-03
ciqual,4048,"Pomme de terre, cuite (aliment moyen)",fr,"Potato, cooked (average food)","fruits, légumes, légumineuses et oléagineux fruits, vegetables, legumes and nuts",100,g,17.2,2.05,1.58,94.9,ciqual-2025-11-03
ciqual,4049,"Croquette de pomme de terre, surgelée, à cuire",fr,"Potato, croquette, frozen, raw","fruits, légumes, légumineuses et oléagineux fruits, vegetables, legumes and nuts",100,g,22.4,2.52,6.59,164,ciqual-2025-11-03
ciqual,4050,"Chips de pommes de terre nature ou aromatisées, sans sel ajouté",fr,"Potato, crisps, plain or flavoured, no added salt","fruits, légumes, légumineuses et oléagineux fruits, vegetables, legumes and nuts",100,g,47.6,6.2,30.8,503,ciqual-2025-11-03
ciqual,40502,"Tripes, boeuf, crues",fr,"Tripe, beef, raw","viandes, oeufs, poissons meat, egg and fish",100,g,0,12.1,3.69,81.5,ciqual-2025-11-03
ciqual,4051,"Poêlée de pommes de terre à la sarladaise (graisse de canard, ail et persil), surgelée, à cuire",fr,"Potato, sarladaise-style (goose fat, garlic and parsley), frozen, raw","fruits, légumes, légumineuses et oléagineux fruits, vegetables, legumes and nuts",100,g,20.9,2.27,11.6,203,ciqual-2025-11-03
ciqual,4052,"Potatoes ou wedges ou quartiers de pommes de terre épicés, surgelées, à cuire",fr,"Potato wedge, spiced, frozen, raw","fruits, légumes, légumineuses et oléagineux fruits, vegetables, legumes and nuts",100,g,20.3,2.48,5,141,ciqual-2025-11-03
ciqual,4053,"Pomme de terre grenaille, préfrite, surgelée, à cuire",fr,"Potato, grenaille, pre-fried, frozen, raw","fruits, légumes, légumineuses et oléagineux fruits, vegetables, legumes and nuts",100,g,17.9,2.4,5.3,133,ciqual-2025-11-03
ciqual,40600,"Sang, boeuf, cru",fr,"Blood, beef, raw","viandes, oeufs, poissons meat, egg and fish",100,g,0.8,19.5,0.12,82.1,ciqual-2025-11-03
ciqual,40601,"Abat, cuit (aliment moyen)",fr,"Offal, cooked (average)","viandes, oeufs, poissons meat, egg and fish",100,g,2.18,27.4,4.58,159,ciqual-2025-11-03
ciqual,40700,"Gésier, poulet, cru",fr,"Gizzard, chicken, raw","viandes, oeufs, poissons meat, egg and fish",100,g,0,16.8,3.53,99.1,ciqual-2025-11-03
ciqual,40701,"Gésier, canard, confit, appertisé",fr,"Preserved gizzards, duck, canned","viandes, oeufs, poissons meat, egg and fish",100,g,0,32.4,2.1,148,ciqual-2025-11-03
ciqual,4090,Fécule de pomme de terre,fr,Potato starch,produits céréaliers cereal products,100,g,86.3,0,0.2,348,ciqual-2025-11-03
ciqual,4101,"Patate douce, crue",fr,"Sweet potato, raw","fruits, légumes, légumineuses et oléagineux fruits, vegetables, legumes and nuts",100,g,17.1,1.57,0.05,81.2,ciqual-2025-11-03
ciqual,4102,"Patate douce, cuite",fr,"Sweet potato, cooked","fruits, légumes, légumineuses et oléagineux fruits, vegetables, legumes and nuts",100,g,16.3,1.69,0.15,79.1,ciqual-2025-11-03
ciqual,4103,"Patate douce, purée, cuisinée à la crème",fr,"Sweet potato, puree, cooked with cream","fruits, légumes, légumineuses et oléagineux fruits, vegetables, legumes and nuts",100,g,12.1,1.1,2,79.8,ciqual-2025-11-03
ciqual,42000,"Substitut de repas hypocalorique, crème dessert",fr,"Meal replacement, low calorie, custard cream dessert type",aides culinaires et ingrédients divers miscellaneous,100,g,9.29,6.3,2.75,89.4,ciqual-2025-11-03
ciqual,42003,"Substitut de repas hypocalorique, prêt à boire",fr,"Meal replacement, low calorie, ready-to-drink",aides culinaires et ingrédients divers miscellaneous,100,g,9.8,6.65,2.45,87.9,ciqual-2025-11-03
ciqual,42004,"Substitut de repas hypocalorique, poudre reconstituée avec lait écrémé",fr,"Meal replacement, low calorie, powder, reconstituted with skimmed milk",aides culinaires et ingrédients divers miscellaneous,100,g,9.34,5.97,1.73,79.1,ciqual-2025-11-03
ciqual,42005,"Substitut de repas hypocalorique, poudre reconstituée avec lait écrémé, type milkshake",fr,"Meal replacement, low calorie, powder, reconstituted with skimmed milk, milkshake type",aides culinaires et ingrédients divers miscellaneous,100,g,10.1,6.07,2.28,86.6,ciqual-2025-11-03
ciqual,42200,Lécithine de soja,fr,Soy lecithin,aides culinaires et ingrédients divers miscellaneous,100,g,8,0,83,779,ciqual-2025-11-03
ciqual,42501,Poudre cacaotée pour bébé,fr,Cocoa powder for baby beverage,aliments infantiles baby food,100,g,85,8.5,1.9,396,ciqual-2025-11-03
ciqual,42603,"Plat légumes, avec féculent et viande/poisson, dès 6/8 mois",fr,"Baby meal, vegetables with meat/fish and starchy food, from 6-8 months",aliments infantiles baby food,100,g,5.9,3.6,1.6,59,ciqual-2025-11-03
ciqual,42604,"Plat légumes, avec féculent et viande/poisson, dès 8/12 mois",fr,"Baby meal, vegetables with meat/fish and starchy food, from 8-12 months",aliments infantiles baby food,100,g,6.77,2.8,1.31,54.6,ciqual-2025-11-03
ciqual,42605,"Plat légumes, avec féculent et viande/poisson, dès 12 mois",fr,"Baby meal, vegetables with meat/fish and starchy food, from 12 months",aliments infantiles baby food,100,g,8.95,2.5,2.9,75.7,ciqual-2025-11-03
ciqual,42606,"Plat légumes, avec féculent et viande/poisson, dès 18 mois",fr,"Baby meal, vegetables with meat/fish and starchy food, from 18 months",aliments infantiles baby food,100,g,9.02,2.76,1.82,66.7,ciqual-2025-11-03
ciqual,5000,Bière brune,fr,"Beer, dark",eaux et autres boissons beverages,100,g,4.1,0.43,0,40.5,ciqual-2025-11-03
ciqual,5001,"Bière ""coeur de marché"" (4-5° alcool)",fr,"Beer, regular (4-5° alcohol)",eaux et autres boissons beverages,100,g,3.12,0.39,0,39,ciqual-2025-11-03
ciqual,5002,Bière forte (>8° alcool),fr,"Beer, strong (>8° alcohol)",eaux et autres boissons beverages,100,g,4.6,0.51,0,62.5,ciqual-2025-11-03
ciqual,5003,Cidre (aliment moyen),fr,Cider (average),eaux et autres boissons beverages,100,g,3.67,0.075,0,36.5,ciqual-2025-11-03
ciqual,5004,Panaché (limonade et bière),fr,Shandy (beer + lemonade),eaux et autres boissons beverages,100,g,6.33,0,0,39,ciqual-2025-11-03
ciqual,5005,"Panaché préemballé (<1° alc.), aromatisé ou non",fr,"Shandy, prepacked (<1° alcohol), flavoured or plain",eaux et autres boissons beverages,100,g,7.11,0.0046,0.021,32,ciqual-2025-11-03
ciqual,5006,Cidre brut,fr,"Cider, dry",eaux et autres boissons beverages,100,g,2.62,0,0,35.9,ciqual-2025-11-03
ciqual,5008,Bière faiblement alcoolisée (3° alcool),fr,"Beer, low alcohol-content (3° alcohol)",eaux et autres boissons beverages,100,g,4.62,0.31,0,35.3,ciqual-2025-11-03
ciqual,5009,Bière blanche,fr,"Beer, white",eaux et autres boissons beverages,100,g,7.55,0.5,0,60.9,ciqual-2025-11-03
ciqual,5010,"Bière ""spéciale"" (5-6° alcool)",fr,"Beer, special (5-6° alcohol)",eaux et autres boissons beverages,100,g,4.55,0.48,0,56,ciqual-2025-11-03
ciqual,5011,"Bière ""de spécialités"" ou d'abbaye, régionales ou d'une brasserie (degré d'alcool variable)",fr,"Beer, from an abbey or brewery (variable alcohol content)",eaux et autres boissons beverages,100,g,3.2,0.51,0,47.1,ciqual-2025-11-03
ciqual,5020,Cidre traditionnel,fr,"Cider, traditionnal",eaux et autres boissons beverages,100,g,1.87,0,0,32.5,ciqual-2025-11-03
ciqual,5029,"Bière sans alcool, sucrée, aromatisée ou au jus de fruits",fr,"Beer, alcohol-free, sweetened, flavoured or with fruit juice",eaux et autres boissons beverages,100,g,7.36,0.2,0.041,30.6,ciqual-2025-11-03
ciqual,5030,"Bière sans alcool (<1,2° alcool) et sans sucres ajoutés, aromatisée ou non",fr,"Beer, alcohol-free (<1,2° alcohol), without added sugars, flavoured or unflavoured",eaux et autres boissons beverages,100,g,6.08,0.2,0.053,29.4,ciqual-2025-11-03
ciqual,5100,Pétillant de fruits,fr,Sparkling fruit wine,eaux et autres boissons beverages,100,g,6.95,0,0,65.7,ciqual-2025-11-03
ciqual,51500,"Meloukhia, feuilles de corète séchées, en poudre",fr,Molokhia powder (dried jute leaves),aides culinaires et ingrédients divers miscellaneous,100,g,12.7,23,1.8,239,ciqual-2025-11-03
ciqual,51502,"Meloukhia, sauce, artisanale",fr,"Molokhia sauce, homemade",aides culinaires et ingrédients divers miscellaneous,100,g,1.45,1.13,21,215,ciqual-2025-11-03
ciqual,51510,"Frik (blé dur immature concassé), cru",fr,"Frik (crushed immature durum wheat), raw",produits céréaliers cereal products,100,g,55.8,10.3,2.25,323,ciqual-2025-11-03
ciqual,51511,"Frik (blé dur immature concassé), cuit, sans sel ajouté",fr,"Frik (crushed immature durum wheat), cooked, no added salt",produits céréaliers cereal products,100,g,14,2.19,0.48,76,ciqual-2025-11-03
ciqual,51550,"Feuille de brick ou khatfa, préemballée",fr,"Khatfa (phyllo or filo pastry sheets), prepacked",produits céréaliers cereal products,100,g,59,7,1.5,283,ciqual-2025-11-03
ciqual,5201,Vin blanc mousseux,fr,"Wine, white, sparkling",eaux et autres boissons beverages,100,g,1.78,0.1,0,72.3,ciqual-2025-11-03
ciqual,5207,Champagne,fr,Champagne,eaux et autres boissons beverages,100,g,1.4,0.3,0,76.1,ciqual-2025-11-03
ciqual,5209,Vin blanc mousseux aromatisé,fr,"Wine, white, sparkling, flavoured",eaux et autres boissons beverages,100,g,5.1,0.2,0,83.5,ciqual-2025-11-03
ciqual,5210,Vin (aliment moyen),fr,Wine (average),eaux et autres boissons beverages,100,g,0.96,0.16,0,76.7,ciqual-2025-11-03
ciqual,5214,Vin rouge,fr,"Wine, red",eaux et autres boissons beverages,100,g,0,0.16,0,75.7,ciqual-2025-11-03
ciqual,5215,Vin blanc sec,fr,"Wine, white, dry",eaux et autres boissons beverages,100,g,0.17,0.25,0,55.3,ciqual-2025-11-03
ciqual,5216,Vin rosé,fr,"Wine, rose",eaux et autres boissons beverages,100,g,1.4,0.15,0,69.2,ciqual-2025-11-03
ciqual,5217,Vin cuisiné (alcool évaporé),fr,"Wine, cooked (alcohol evaporated)",aides culinaires et ingrédients divers miscellaneous,100,g,3.66,0.1,0,15,ciqual-2025-11-03
ciqual,5219,"Alcool fort (type rhum), cuisiné (alcool évaporé)",fr,"Rum, cooked (alohol evaporated)",aides culinaires et ingrédients divers miscellaneous,100,g,0.00049,0,0,0.0019,ciqual-2025-11-03
ciqual,53100,"Banane plantain, crue",fr,"Plantain banana, raw","Musa × paradisiaca L. fruits, légumes, légumineuses et oléagineux fruits, vegetables, legumes and nuts",100,g,29.6,1.3,0.37,132,ciqual-2025-11-03
ciqual,53101,"Banane plantain, cuite",fr,"Plantain banana, cooked","fruits, légumes, légumineuses et oléagineux fruits, vegetables, legumes and nuts",100,g,28.9,0.79,0.18,125,ciqual-2025-11-03
ciqual,53200,"Taro, tubercule, cru",fr,"Taro, tuber, raw","fruits, légumes, légumineuses et oléagineux fruits, vegetables, legumes and nuts",100,g,22.4,1.5,0.2,105,ciqual-2025-11-03
ciqual,53201,"Taro, tubercule, cuit",fr,"Taro, tuber, cooked","fruits, légumes, légumineuses et oléagineux fruits, vegetables, legumes and nuts",100,g,29.5,0.52,0.11,131,ciqual-2025-11-03
ciqual,53502,"Igname, pelée, crue",fr,"Yam, peeled, raw","fruits, légumes, légumineuses et oléagineux fruits, vegetables, legumes and nuts",100,g,23.7,1.53,0.17,111,ciqual-2025-11-03
ciqual,53503,"Igname, épluchée, bouillie/cuite à l'eau",fr,"Yam, peeled, boiled/cooked in water","fruits, légumes, légumineuses et oléagineux fruits, vegetables, legumes and nuts",100,g,23.6,1.49,0.14,109,ciqual-2025-11-03
ciqual,53672,"Igname, crue",fr,"Yam, raw","fruits, légumes, légumineuses et oléagineux fruits, vegetables, legumes and nuts",100,g,23.9,1.25,0.2,111,ciqual-2025-11-03
ciqual,54031,"Manioc, racine crue",fr,"Cassava or manioc, root, raw","fruits, légumes, légumineuses et oléagineux fruits, vegetables, legumes and nuts",100,g,36.3,1.36,0.28,157,ciqual-2025-11-03
ciqual,54034,"Manioc, racine cuite",fr,"Cassava or manioc, root, cooked","fruits, légumes, légumineuses et oléagineux fruits, vegetables, legumes and nuts",100,g,32.8,0.69,0.043,135,ciqual-2025-11-03
ciqual,54035,"Gari, semoule de manioc fermentée et séchée",fr,"Gari, cassava flour, dried, fermented",produits céréaliers cereal products,100,g,81.6,1.12,0.73,340,ciqual-2025-11-03
ciqual,54500,"Fruit à pain, cru",fr,"Breadfruit, raw","Artocarpus altilis fruits, légumes, légumineuses et oléagineux fruits, vegetables, legumes and nuts",100,g,22.2,1.07,0.23,,ciqual-2025-11-03
ciqual,58100,"Gombo, fruit, cru",fr,"Okra, raw","Abelmoschus esculentus L. fruits, légumes, légumineuses et oléagineux fruits, vegetables, legumes and nuts",100,g,3.8,1.93,0.19,31,ciqual-2025-11-03
ciqual,58103,"Gombo, fruit, cuit",fr,"Okra, cooked","Abelmoschus esculentus L. fruits, légumes, légumineuses et oléagineux fruits, vegetables, legumes and nuts",100,g,2.01,1.87,0.21,22.4,ciqual-2025-11-03
ciqual,6001,"Boeuf, côte crue",fr,"Beef, rib, raw","viandes, oeufs, poissons meat, egg and fish",100,g,0,18.7,19.6,251,ciqual-2025-11-03
ciqual,6002,"Boeuf, épaule crue",fr,"Beef, shoulder, raw","viandes, oeufs, poissons meat, egg and fish",100,g,0,21.4,4.97,130,ciqual-2025-11-03
ciqual,6003,"Boeuf, basse-côte crue",fr,"Beef, chuck steak, raw","viandes, oeufs, poissons meat, egg and fish",100,g,1.45,19,13.2,201,ciqual-2025-11-03
ciqual,6100,"Boeuf, entrecôte, partie maigre grillée/poêlée",fr,"Beef, rib steak, lean, grilled/pan-fried","viandes, oeufs, poissons meat, egg and fish",100,g,0,25.5,10.7,198,ciqual-2025-11-03
ciqual,6101,Boeuf braisé,fr,"Beef, braised","viandes, oeufs, poissons meat, egg and fish",100,g,0,32.1,12.4,240,ciqual-2025-11-03
ciqual,6102,"Boeuf, gîte à la noix cru",fr,"Beef, round, raw","viandes, oeufs, poissons meat, egg and fish",100,g,0,20.7,11.5,187,ciqual-2025-11-03
ciqual,6103,"Boeuf, entrecôte crue",fr,"Beef, rib steak, raw","viandes, oeufs, poissons meat, egg and fish",100,g,0,19.4,17.1,231,ciqual-2025-11-03
ciqual,6104,"Boeuf, gîte à la noix cuit",fr,"Beef, round, cooked","viandes, oeufs, poissons meat, egg and fish",100,g,0.2,21,1.9,102,ciqual-2025-11-03
ciqual,6105,"Boeuf, faux-filet rôti/cuit au four",fr,"Beef, sirloin steak, roasted/baked","viandes, oeufs, poissons meat, egg and fish",100,g,0,28.8,8.71,194,ciqual-2025-11-03
ciqual,6106,"Boeuf, rond de gîte cru",fr,"Beef, eye of round, raw","viandes, oeufs, poissons meat, egg and fish",100,g,0.38,22.9,2.02,111,ciqual-2025-11-03
ciqual,6110,"Boeuf, faux-filet grillé/poêlé",fr,"Beef, sirloin steak, grilled/pan-fried","viandes, oeufs, poissons meat, egg and fish",100,g,0,27.1,8.17,182,ciqual-2025-11-03
ciqual,6111,"Boeuf, faux-filet cru",fr,"Beef, sirloin steak, raw","viandes, oeufs, poissons meat, egg and fish",100,g,0.6,22.3,6.74,152,ciqual-2025-11-03
ciqual,6116,"Boeuf, filet cru",fr,"Beef, tenderloin, raw","viandes, oeufs, poissons meat, egg and fish",100,g,0.22,21.6,4.95,132,ciqual-2025-11-03
ciqual,6122,"Boeuf, plat de côtes cru",fr,"Beef, short ribs, raw","viandes, oeufs, poissons meat, egg and fish",100,g,0,18.4,23.7,287,ciqual-2025-11-03
ciqual,6123,"Boeuf, plat de côtes braisé ou bouilli/cuit à l'eau",fr,"Beef, short ribs, braised or boiled","viandes, oeufs, poissons meat, egg and fish",100,g,0,37.3,13.3,269,ciqual-2025-11-03
ciqual,6130,"Boeuf, hampe crue",fr,"Beef, thin flank, raw","viandes, oeufs, poissons meat, egg and fish",100,g,0,19,8.63,154,ciqual-2025-11-03
ciqual,6131,"Boeuf, hampe grillée/poêlée",fr,"Beef, thin flank, grilled/pan-fried","viandes, oeufs, poissons meat, egg and fish",100,g,0,21.6,9.76,174,ciqual-2025-11-03
ciqual,6140,"Boeuf, joue crue",fr,"Beef, cheek, raw","viandes, oeufs, poissons meat, egg and fish",100,g,0.4,22.3,5.02,136,ciqual-2025-11-03
ciqual,6141,"Boeuf, joue, braisée ou bouillie/cuite à l'eau",fr,"Beef, cheek, braised or boiled","viandes, oeufs, poissons meat, egg and fish",100,g,0,39.2,8.82,236,ciqual-2025-11-03
ciqual,6151,"Boeuf, jarret bouilli/cuit à l'eau",fr,"Beef, knuckle, boiled/cooked in water","viandes, oeufs, poissons meat, egg and fish",100,g,0,31,4.1,161,ciqual-2025-11-03
ciqual,6160,"Boeuf, tende de tranche crue",fr,"Beef, topside, raw","viandes, oeufs, poissons meat, egg and fish",100,g,0.57,23.1,2.34,116,ciqual-2025-11-03
ciqual,6161,"Boeuf, tende de tranche grillée/poêlée",fr,"Beef, topside, grilled/pan-fried","viandes, oeufs, poissons meat, egg and fish",100,g,0,28.7,2.92,141,ciqual-2025-11-03
ciqual,6162,"Boeuf, tende de tranche rôtie/cuite au four",fr,"Beef, topside, roasted/baked","viandes, oeufs, poissons meat, egg and fish",100,g,0,29.8,3.03,146,ciqual-2025-11-03
ciqual,6200,"Boeuf, steak ou bifteck grillé/poêlé",fr,"Beef, steak or beef steak, grilled/pan-fried","viandes, oeufs, poissons meat, egg and fish",100,g,0,27.6,1.95,128,ciqual-2025-11-03
ciqual,6201,"Boeuf, steak ou bifteck cru",fr,"Beef, steak or beef steak, raw","viandes, oeufs, poissons meat, egg and fish",100,g,0.06,18.7,17.2,229,ciqual-2025-11-03
ciqual,6202,"Boeuf, boule de macreuse crue",fr,"Beef, bolar-blade, raw","viandes, oeufs, poissons meat, egg and fish",100,g,0,21.8,3.36,118,ciqual-2025-11-03
ciqual,6204,"Boeuf, onglet cru",fr,"Beef, hanger steak, raw","viandes, oeufs, poissons meat, egg and fish",100,g,0.62,19.9,6.18,138,ciqual-2025-11-03
ciqual,6205,"Boeuf, onglet grillé/poêlé",fr,"Beef, hanger steak, grilled/pan-fried","viandes, oeufs, poissons meat, egg and fish",100,g,0,23,8.8,171,ciqual-2025-11-03
ciqual,6206,"Boeuf, rumsteck cru",fr,"Beef, rump steak, raw","viandes, oeufs, poissons meat, egg and fish",100,g,0.4,23.5,2.5,118,ciqual-2025-11-03
ciqual,6207,"Boeuf, rumsteck grillé/poêlé",fr,"Beef, rump steak, grilled/pan-fried","viandes, oeufs, poissons meat, egg and fish",100,g,0,29,2.1,138,ciqual-2025-11-03
ciqual,6208,"Boeuf, boule de macreuse grillée/poêlée",fr,"Beef, bolar-blade, grilled/pan-fried","viandes, oeufs, poissons meat, egg and fish",100,g,0,26.7,4.11,144,ciqual-2025-11-03
ciqual,6210,"Boeuf, rosbif rôti/cuit au four",fr,"Beef, roast beef, roasted/baked","viandes, oeufs, poissons meat, egg and fish",100,g,0.3,24.1,3.16,126,ciqual-2025-11-03
ciqual,6211,"Boeuf, bavette d'aloyau grillée/poêlée",fr,"Beef, flank steak, grilled/pan-fried","viandes, oeufs, poissons meat, egg and fish",100,g,0,25,6.94,162,ciqual-2025-11-03
ciqual,6212,"Boeuf, bavette d'aloyau crue",fr,"Beef, flank steak, raw","viandes, oeufs, poissons meat, egg and fish",100,g,0,20.4,5.67,133,ciqual-2025-11-03
ciqual,6214,"Boeuf, boule de macreuse rôtie/cuite au four",fr,"Beef, bolar-blade, roasted/baked","viandes, oeufs, poissons meat, egg and fish",100,g,0,27.3,4.2,147,ciqual-2025-11-03
ciqual,6230,"Boeuf, à bourguignon ou pot-au-feu, cuit",fr,"Beef, stewing meat, cooked","viandes, oeufs, poissons meat, egg and fish",100,g,0,34,4.05,172,ciqual-2025-11-03
ciqual,6231,"Boeuf, à bourguignon ou pot-au-feu, cru",fr,"Beef, stewing meat, raw","viandes, oeufs, poissons meat, egg and fish",100,g,0,24,7.5,164,ciqual-2025-11-03
ciqual,6240,"Boeuf, collier cru",fr,"Beef, neck, raw","viandes, oeufs, poissons meat, egg and fish",100,g,0.78,20.1,12.7,198,ciqual-2025-11-03
ciqual,6241,"Boeuf, collier braisé",fr,"Beef, neck, braised","viandes, oeufs, poissons meat, egg and fish",100,g,0,33,5.8,184,ciqual-2025-11-03
ciqual,6250,"Boeuf, steak haché 5% MG cru",fr,"Beef, minced steak, 5% fat, raw","viandes, oeufs, poissons meat, egg and fish",100,g,0.3,21.9,4.59,130,ciqual-2025-11-03
ciqual,6251,"Boeuf, steak haché 5% MG cuit",fr,"Beef, minced steak, 5% fat, cooked","viandes, oeufs, poissons meat, egg and fish",100,g,0,25.5,5.85,155,ciqual-2025-11-03
ciqual,6252,"Boeuf, steak haché 10% MG cru",fr,"Beef, minced steak, 10% fat, raw","viandes, oeufs, poissons meat, egg and fish",100,g,0,20,10,170,ciqual-2025-11-03
ciqual,6253,"Boeuf, steak haché 10% MG cuit",fr,"Beef, minced steak, 10% fat, cooked","viandes, oeufs, poissons meat, egg and fish",100,g,0,26.1,11.8,210,ciqual-2025-11-03
ciqual,6254,"Boeuf, steak haché 15% MG cru",fr,"Beef, minced steak, 15% fat, raw","viandes, oeufs, poissons meat, egg and fish",100,g,0.47,20.2,14.8,215,ciqual-2025-11-03
ciqual,6255,"Boeuf, steak haché 15% MG cuit",fr,"Beef, minced steak, 15% fat, cooked","viandes, oeufs, poissons meat, egg and fish",100,g,0,23.6,16.1,239,ciqual-2025-11-03
ciqual,6256,"Boeuf, steak haché 20% MG cru",fr,"Beef, minced steak, 20% fat, raw","viandes, oeufs, poissons meat, egg and fish",100,g,0,17.2,20,249,ciqual-2025-11-03
ciqual,6257,"Boeuf, steak haché 20% MG cuit",fr,"Beef, minced steak, 20% fat, cooked","viandes, oeufs, poissons meat, egg and fish",100,g,0,23,19.2,265,ciqual-2025-11-03
ciqual,6259,"Boeuf, steak haché, cuit (aliment moyen)",fr,"Beef, ground, cooked (average)","viandes, oeufs, poissons meat, egg and fish",100,g,0,23.8,14.9,229,ciqual-2025-11-03
ciqual,6270,"Boeuf, paleron cru",fr,"Beef, chuck, raw","viandes, oeufs, poissons meat, egg and fish",100,g,0,21.2,6.54,144,ciqual-2025-11-03
ciqual,6271,"Boeuf, paleron, braisé ou bouilli/cuit à l'eau",fr,"Beef, chuck, braised or boiled","viandes, oeufs, poissons meat, egg and fish",100,g,0.2,36.8,11.4,251,ciqual-2025-11-03
ciqual,6310,"Boeuf, queue bouillie/cuite à l'eau",fr,"Beef, oxtail, boiled/cooked in water","viandes, oeufs, poissons meat, egg and fish",100,g,0,28,9.3,196,ciqual-2025-11-03
ciqual,6311,"Boeuf, queue crue",fr,"Beef, oxtail, raw","viandes, oeufs, poissons meat, egg and fish",100,g,0.23,21.5,12.9,203,ciqual-2025-11-03
ciqual,6510,"Veau, côte crue",fr,"Veal, chop, raw","viandes, oeufs, poissons meat, egg and fish",100,g,0,18.3,12.9,189,ciqual-2025-11-03
ciqual,6511,"Veau, côte grillée/poêlée",fr,"Veal, chop, grilled/pan-fried","viandes, oeufs, poissons meat, egg and fish",100,g,0,25.1,6.24,156,ciqual-2025-11-03
ciqual,6512,"Veau, carré grillé/poêlé",fr,"Veal, loin, grilled/pan-fried","viandes, oeufs, poissons meat, egg and fish",100,g,0,28,6.6,171,ciqual-2025-11-03
ciqual,6513,"Veau, carré cru",fr,"Veal, loin, raw","viandes, oeufs, poissons meat, egg and fish",100,g,0.4,19.3,5.44,128,ciqual-2025-11-03
ciqual,6520,"Veau, escalope cuite",fr,"Veal, escalope, cooked","viandes, oeufs, poissons meat, egg and fish",100,g,0,31,2.5,147,ciqual-2025-11-03
ciqual,6521,"Veau, escalope crue",fr,"Veal, escalope, raw","viandes, oeufs, poissons meat, egg and fish",100,g,0.58,20.5,3.28,114,ciqual-2025-11-03
ciqual,6522,"Veau, noix,crue",fr,"Veal, tenderloin, raw","viandes, oeufs, poissons meat, egg and fish",100,g,0,21.8,2.58,111,ciqual-2025-11-03
ciqual,6523,"Veau, noix grillée/poêlée",fr,"Veal, tenderloin, grilled/pan-fried","viandes, oeufs, poissons meat, egg and fish",100,g,0,29.1,3.44,147,ciqual-2025-11-03
ciqual,6524,"Veau, noix rôtie/cuite au four",fr,"Veal, tenderloin, roasted/baked","viandes, oeufs, poissons meat, egg and fish",100,g,0,29.1,3.44,147,ciqual-2025-11-03
ciqual,6530,"Veau, filet cru",fr,"Veal fillet, raw","viandes, oeufs, poissons meat, egg and fish",100,g,0,20.6,1.4,95,ciqual-2025-11-03
ciqual,6531,"Veau, filet rôti/cuit au four",fr,"Veal fillet, roasted/baked","viandes, oeufs, poissons meat, egg and fish",100,g,0.5,24.8,12.3,212,ciqual-2025-11-03
ciqual,6535,"Veau, steak haché 20% MG cru",fr,"Veal, minced steak, 20% fat, raw","viandes, oeufs, poissons meat, egg and fish",100,g,0.4,16.7,19.5,243,ciqual-2025-11-03
ciqual,6536,"Veau, steak haché 15% MG cru",fr,"Veal, minced steak, 15% fat, raw","viandes, oeufs, poissons meat, egg and fish",100,g,0,18.2,15,208,ciqual-2025-11-03
ciqual,6540,"Veau, poitrine crue",fr,"Veal, breast, raw","viandes, oeufs, poissons meat, egg and fish",100,g,0,17.5,14.8,203,ciqual-2025-11-03
ciqual,6550,"Veau, rôti cru",fr,"Veal, roast, raw","viandes, oeufs, poissons meat, egg and fish",100,g,0,27.3,3.96,145,ciqual-2025-11-03
ciqual,6551,"Veau, rôti cuit",fr,"Veal, roast, cooked","viandes, oeufs, poissons meat, egg and fish",100,g,0,28.1,3.39,143,ciqual-2025-11-03
ciqual,6560,"Veau, épaule crue",fr,"Veal, shoulder, raw","viandes, oeufs, poissons meat, egg and fish",100,g,0,20.7,4.63,124,ciqual-2025-11-03
ciqual,6562,"Veau, épaule grillée/poêlée",fr,"Veal, shoulder, grilled/pan-fried","viandes, oeufs, poissons meat, egg and fish",100,g,0,27.6,6.17,166,ciqual-2025-11-03
ciqual,6563,"Veau, épaule braisée ou bouillie",fr,"Veal, shoulder, braised or boiled","viandes, oeufs, poissons meat, egg and fish",100,g,0,36.4,8.14,219,ciqual-2025-11-03
ciqual,6564,"Veau, viande, cuite (aliment moyen)",fr,"Veal, meat, cooked (average)","viandes, oeufs, poissons meat, egg and fish",100,g,0.011,29.1,5.25,164,ciqual-2025-11-03
ciqual,6580,"Veau, pied cru",fr,"Veal, foot, raw","viandes, oeufs, poissons meat, egg and fish",100,g,0,19.1,12,184,ciqual-2025-11-03
ciqual,6581,"Veau, jarret braisé ou bouilli",fr,"Veal, knuckle or shank, braised or boiled","viandes, oeufs, poissons meat, egg and fish",100,g,0,37.4,6.43,207,ciqual-2025-11-03
ciqual,6582,"Veau, tête, bouillie/cuite à l'eau",fr,"Calf, head, boiled/cooked in water","viandes, oeufs, poissons meat, egg and fish",100,g,0,21,11.4,187,ciqual-2025-11-03
ciqual,6583,"Veau, jarret cru",fr,"Veal, knuckle or shank, raw","viandes, oeufs, poissons meat, egg and fish",100,g,0,21.3,3.66,118,ciqual-2025-11-03
ciqual,6584,"Viande blanche, cuite (aliment moyen)",fr,"Meat, white, cooked (average)","viandes, oeufs, poissons meat, egg and fish",100,g,0.1,28,7.12,177,ciqual-2025-11-03
ciqual,6585,"Viande rouge, cuite (aliment moyen)",fr,"Red meat, cooked (average)","viandes, oeufs, poissons meat, egg and fish",100,g,0.025,26.3,7.22,170,ciqual-2025-11-03
ciqual,6590,"Veau, collier cru",fr,"Veal, neck, raw","viandes, oeufs, poissons meat, egg and fish",100,g,0,19.8,5.92,133,ciqual-2025-11-03
ciqual,6591,"Veau, collier braisé ou bouilli",fr,"Veal, neck, braised or boiled","viandes, oeufs, poissons meat, egg and fish",100,g,0,34.9,10.4,233,ciqual-2025-11-03
ciqual,6900,"Cheval, viande crue",fr,"Horse, meat, raw","viandes, oeufs, poissons meat, egg and fish",100,g,0.5,20.2,5.5,132,ciqual-2025-11-03
ciqual,6901,"Cheval, steak ou bifteck cru",fr,"Horse, steak, raw","viandes, oeufs, poissons meat, egg and fish",100,g,0.4,21.4,4.6,129,ciqual-2025-11-03
ciqual,6902,"Cheval, viande rôtie/cuite au four",fr,"Horse, meat, roasted/baked","viandes, oeufs, poissons meat, egg and fish",100,g,0,28,2.85,138,ciqual-2025-11-03
ciqual,6903,"Cheval, tende de tranche crue",fr,"Horse, topside, raw","viandes, oeufs, poissons meat, egg and fish",100,g,0,22.7,1.68,106,ciqual-2025-11-03
ciqual,6904,"Cheval, faux-filet cru",fr,"Horse, sirloin steak, raw","viandes, oeufs, poissons meat, egg and fish",100,g,0,22.2,3.58,121,ciqual-2025-11-03
ciqual,6905,"Cheval, entrecôte crue",fr,"Horse, rib steak, raw","viandes, oeufs, poissons meat, egg and fish",100,g,0,22.1,3.34,118,ciqual-2025-11-03
ciqual,6906,"Cheval, tende de tranche grillée/poêlée",fr,"Horse, topside, grilled/pan-fried","viandes, oeufs, poissons meat, egg and fish",100,g,0,27.9,2.58,135,ciqual-2025-11-03
ciqual,6907,"Cheval, faux-filet grillé/poêlé",fr,"Horse, sirloin steak, grilled/pan-fried","viandes, oeufs, poissons meat, egg and fish",100,g,0,26.6,6.27,163,ciqual-2025-11-03
ciqual,6908,"Cheval, entrecôte grillée/poêlée",fr,"Horse, rib steak, grilled/pan-fried","viandes, oeufs, poissons meat, egg and fish",100,g,0,28.2,6.24,169,ciqual-2025-11-03
ciqual,6909,"Cheval, faux-filet rôti/cuit au four",fr,"Horse, sirloin steak, roasted/baked","viandes, oeufs, poissons meat, egg and fish",100,g,0,28.3,6.68,173,ciqual-2025-11-03
ciqual,6910,"Cheval, tende de tranche rôtie/cuite au four",fr,"Horse, topside, roasted/baked","viandes, oeufs, poissons meat, egg and fish",100,g,0,29.7,2.75,144,ciqual-2025-11-03
ciqual,6999,Viande cuite (aliment moyen),fr,"Meat, cooked (average)","viandes, oeufs, poissons meat, egg and fish",100,g,0.14,27.2,7.18,174,ciqual-2025-11-03
ciqual,7000,Pain (aliment moyen),fr,Bread (average),produits céréaliers cereal products,100,g,55,8.97,1.36,276,ciqual-2025-11-03
ciqual,7001,"Pain blanc (par ex. : baguette, boule…)",fr,"Bread, French bread, baguette",produits céréaliers cereal products,100,g,58.3,9.06,1.4,287,ciqual-2025-11-03
ciqual,7002,Pain au levain,fr,"Bread, French bread, with yeast",produits céréaliers cereal products,100,g,53.1,8.13,1.3,261,ciqual-2025-11-03
ciqual,7004,"Pain blanc, passé au grille-pain",fr,"Bread, French bread, toasted",produits céréaliers cereal products,100,g,64,10.4,1.3,317,ciqual-2025-11-03
ciqual,7007,"Pain de tradition française (par ex. : baguette, boule…)",fr,"Bread, tradtion French bread",produits céréaliers cereal products,100,g,56.7,8.94,1,279,ciqual-2025-11-03
ciqual,7009,"Pain blanc précuit, à finir de cuire, préemballé",fr,"Bread, French bread, pre-cooked, to be recooked, prepacked",produits céréaliers cereal products,100,g,53.9,7.81,1.2,265,ciqual-2025-11-03
ciqual,7010,Pain bis (à la farine T80 ou T110),fr,"Brown French bread, with flour type 80 or 110",produits céréaliers cereal products,100,g,54,9.43,0.33,265,ciqual-2025-11-03
ciqual,7013,"Pain sans gluten précuit, à finir de cuire, préemballé",fr,"Bread, French bread, gluten free, pre-cooked, to be recooked, prepacked",produits céréaliers cereal products,100,g,39.8,3.16,5.29,234,ciqual-2025-11-03
ciqual,7098,"Pain aux céréales et/ou aux graines, préemballé",fr,"Country-style bread, French bread, multigrain and/or seeds, prepacked",produits céréaliers cereal products,100,g,39.7,9.06,7.6,282,ciqual-2025-11-03
ciqual,7099,"Pain de campagne, préemballé",fr,"Bread, French bread, prepacked",produits céréaliers cereal products,100,g,48.7,7.33,2.81,257,ciqual-2025-11-03
ciqual,7100,Pain de campagne,fr,"French bread, country-style",produits céréaliers cereal products,100,g,50,8.25,1.3,253,ciqual-2025-11-03
ciqual,7106,"Pain complet au seigle, préemballé",fr,"Rye bread, whole grain, prepacked",produits céréaliers cereal products,100,g,39.5,6.25,0.9,213,ciqual-2025-11-03
ciqual,7107,"Pain aux graines sans gluten, préemballé",fr,"Bread, with seeds, gluten free, prepacked",produits céréaliers cereal products,100,g,38.8,5.2,8.55,266,ciqual-2025-11-03
ciqual,7109,"Pain de mie complet, sans croûte, préemballé",fr,"Sandwich loaf, wholemeal, crust less, prepacked",produits céréaliers cereal products,100,g,42.8,7.75,3.2,245,ciqual-2025-11-03
ciqual,7110,Pain complet ou intégral (à la farine T150),fr,"Bread, French bread, wholemeal or integral bread (made with flour type 150)",produits céréaliers cereal products,100,g,41.2,9.5,1.7,234,ciqual-2025-11-03
ciqual,7111,"Pain de mie complet, préemballé",fr,"Sandwich loaf, wholemeal, prepacked",produits céréaliers cereal products,100,g,41.8,8,4.1,257,ciqual-2025-11-03
ciqual,7113,"Pain de mie aux céréales et/ou graines, préemballé",fr,"Sandwich loaf, multigrain and/or with seeds, prepacked",produits céréaliers cereal products,100,g,43.5,9.69,6.6,290,ciqual-2025-11-03
ciqual,7114,"Pain azyme, préemballé",fr,"Bread, unleavened, prepacked",produits céréaliers cereal products,100,g,74.9,11.7,1.67,372,ciqual-2025-11-03
ciqual,7115,Pain au son,fr,"Bread, bran grain",produits céréaliers cereal products,100,g,44.4,9.1,1.94,244,ciqual-2025-11-03
ciqual,7116,"Pain de mie blanc sans gluten, préemballé",fr,"Sandwich loaf, gluten free, prepacked",produits céréaliers cereal products,100,g,41.2,3.69,5.1,242,ciqual-2025-11-03
ciqual,7117,"Pain de mie blanc, sans sucres ajoutés, préemballé",fr,"Sandwich loaf, no added sugars, prepacked",produits céréaliers cereal products,100,g,48.1,7.69,5.9,290,ciqual-2025-11-03
ciqual,7125,Pain de seigle et froment,fr,Rye and wheat bread,produits céréaliers cereal products,100,g,51.5,9.06,1,260,ciqual-2025-11-03
ciqual,7130,"Pain sans gluten, préemballé",fr,"Bread, French bread, gluten free, prepacked",produits céréaliers cereal products,100,g,37.1,4.81,6.6,249,ciqual-2025-11-03
ciqual,7160,"Pain blanc, sans sel ajouté",fr,"Bread, French bread,  no added salt",produits céréaliers cereal products,100,g,57,9.54,1.17,282,ciqual-2025-11-03
ciqual,7170,Pain panini,fr,"Bread, panini",produits céréaliers cereal products,100,g,50.6,8.2,1.1,254,ciqual-2025-11-03
ciqual,7180,Pain pita,fr,"Bread, pita",produits céréaliers cereal products,100,g,48.8,8.2,1.5,249,ciqual-2025-11-03
ciqual,7200,"Pain de mie blanc, préemballé",fr,"Sandwich loaf, prepacked",produits céréaliers cereal products,100,g,50.4,7.74,4.37,279,ciqual-2025-11-03
ciqual,7201,"Pain de mie blanc, sans croûte, préemballé",fr,"Sandwich loaf, crustless, prepacked",produits céréaliers cereal products,100,g,50.2,7.6,3.23,266,ciqual-2025-11-03
ciqual,7210,"Pain de mie brioché, préemballé",fr,"Brioche sandwich bread, prepacked",produits céréaliers cereal products,100,g,51.4,8.53,7.26,312,ciqual-2025-11-03
ciqual,7225,"Pain brioché ou viennois, artisanal",fr,"Brioche or Vienna bread, from bakery",produits sucrés sugar and confectionery,100,g,48.6,9.75,11.2,338,ciqual-2025-11-03
ciqual,7255,Pain aux céréales et/ou graines,fr,"Bread, multigrain and/or with seeds",produits céréaliers cereal products,100,g,46.9,10.5,3.2,269,ciqual-2025-11-03
ciqual,7256,"Muffin anglais complet, petit pain spécial, préemballé",fr,"English muffin, whole wheat flour, prepacked",produits céréaliers cereal products,100,g,31,11.9,1.7,205,ciqual-2025-11-03
ciqual,7257,"Muffin anglais, petit pain spécial, préemballé",fr,"English muffin, prepacked",produits céréaliers cereal products,100,g,42.5,9.94,1.1,228,ciqual-2025-11-03
ciqual,7258,Pain bagel,fr,"Bread, bagel",produits céréaliers cereal products,100,g,53,10.8,4.58,301,ciqual-2025-11-03
ciqual,7259,"Pain pour burger ou hot dog (bun), préemballé",fr,"Rolls for burger/hotdog (buns), prepacked",produits céréaliers cereal products,100,g,47.2,9,4.9,283,ciqual-2025-11-03
ciqual,7260,"Pain blanc, fait maison (avec farine pour machine à pain)",fr,"Bread, French bread, home-made, with flour for home-made bread preparation",produits céréaliers cereal products,100,g,52.1,8.56,0.9,256,ciqual-2025-11-03
ciqual,7261,"Pain de campagne, fait maison (avec farine pour machine à pain)",fr,"Bread, French bread, home-made (with flour for bread making machine)",produits céréaliers cereal products,100,g,46.7,8.75,0.9,240,ciqual-2025-11-03
ciqual,7262,"Pain pour burger ou hot dog (bun) complet, préemballé",fr,"Rolls for burger/hotdog (buns), wholemeal, prepacked",produits céréaliers cereal products,100,g,48.2,9.38,6.16,296,ciqual-2025-11-03
ciqual,7263,"Bretzel, pain frais",fr,"Bretzel, fresh bread",produits céréaliers cereal products,100,g,54.6,10.1,7.1,330,ciqual-2025-11-03
ciqual,7300,Biscotte classique,fr,Rusk,produits céréaliers cereal products,100,g,73.2,11,5.43,394,ciqual-2025-11-03
ciqual,7301,Biscotte briochée,fr,Brioche rusk,produits céréaliers cereal products,100,g,72.1,9.44,11.3,440,ciqual-2025-11-03
ciqual,7302,Biscotte au germe de blé,fr,"Rusk, wheat germ",produits céréaliers cereal products,100,g,69.9,11.1,5.4,386,ciqual-2025-11-03
ciqual,7310,"Biscotte, sans sel ajouté",fr,"Rusk, no added salt",produits céréaliers cereal products,100,g,74.7,11.6,5.1,402,ciqual-2025-11-03
ciqual,7330,Biscotte aux céréales,fr,"Rusk, multigrain",produits céréaliers cereal products,100,g,68.1,12.6,7.3,404,ciqual-2025-11-03
ciqual,7340,Biscotte au blé complet,fr,"Rusk, wholemeal",produits céréaliers cereal products,100,g,66,12.4,5.9,389,ciqual-2025-11-03
ciqual,7347,Cracker de table aux graines,fr,"Wheat cracker, with seeds",produits céréaliers cereal products,100,g,49.9,15.6,17.7,445,ciqual-2025-11-03
ciqual,7348,Cracker de table au fromage et aux graines,fr,"Wheat cracker, with cheese and seeds",produits céréaliers cereal products,100,g,47.3,19.6,18.5,455,ciqual-2025-11-03
ciqual,7349,Cracker de table au blé complet,fr,"Wheat cracker, wholemeal",produits céréaliers cereal products,100,g,55.6,13.8,15.4,436,ciqual-2025-11-03
ciqual,7351,Cracker de table au froment,fr,Wheat crackers,produits céréaliers cereal products,100,g,68.6,11.4,12.3,442,ciqual-2025-11-03
ciqual,7352,Galette de riz complet soufflé,fr,"Puffed rice textured bread, whole grain",produits céréaliers cereal products,100,g,77.9,8.81,3,381,ciqual-2025-11-03
ciqual,7353,Galette de céréales soufflées,fr,Puffed cereals textured bread,produits céréaliers cereal products,100,g,77.9,10.6,2.9,388,ciqual-2025-11-03
ciqual,7354,Galette de maïs soufflé,fr,Puffed corn/maize textured bread,produits céréaliers cereal products,100,g,83.5,7.38,1.9,387,ciqual-2025-11-03
ciqual,7355,"Galette de riz soufflé, nappée de chocolat",fr,"Puffed rice textured bread, with chocolate covering",produits sucrés sugar and confectionery,100,g,60.7,7.69,23.2,494,ciqual-2025-11-03
ciqual,7356,"Galette de maïs soufflé, nappée de chocolat",fr,"Puffed corn/maize textured bread, with chocolate covering",produits sucrés sugar and confectionery,100,g,63.2,7.67,20.8,481,ciqual-2025-11-03
ciqual,7357,"Galette de céréale(s) soufflée(s), aux graines",fr,"Puffed cereals textured bread, with seeds",produits céréaliers cereal products,100,g,77.7,8.96,3.88,382,ciqual-2025-11-03
ciqual,7359,"Tartine croustillante au seigle, source ou riche en fibres",fr,"Crispbread, with bran, source or rich in fibre",produits céréaliers cereal products,100,g,57.4,10.2,3,342,ciqual-2025-11-03
ciqual,7399,"Toast ou pain grillé brioché aux raisins secs, tranches, préemballé",fr,"Brioche rusk with raisins, sliced, prepacked",produits céréaliers cereal products,100,g,74.3,11.8,5.9,405,ciqual-2025-11-03
ciqual,7400,"Pain grillé au froment, tranches, préemballé",fr,"Rusk, slice, wheat, prepacked",produits céréaliers cereal products,100,g,71.8,10.7,6.2,399,ciqual-2025-11-03
ciqual,7402,"Pain grillé au blé complet, tranches, préemballé",fr,"Rusk, slice, wholewheat, prepacked",produits céréaliers cereal products,100,g,69.4,11.3,5.6,390,ciqual-2025-11-03
ciqual,7403,"Pain grillé brioché, tranches, préemballé",fr,"Brioche rusk, sliced, prepacked",produits céréaliers cereal products,100,g,67.6,11.2,11.3,427,ciqual-2025-11-03
ciqual,7407,Petit pain grillé suédois au froment,fr,"Swedish toast, wheat",produits céréaliers cereal products,100,g,71.6,9.5,8.4,411,ciqual-2025-11-03
ciqual,7409,Petit pain grillé suédois aux céréales et graines,fr,"Swedish toast, with grains and seeds",produits céréaliers cereal products,100,g,68.6,11.4,8.14,404,ciqual-2025-11-03
ciqual,7410,"Tartine craquante extrudée, classique",fr,"Crispbread, extruded and grilled, plain",produits céréaliers cereal products,100,g,75.8,9.88,3.6,385,ciqual-2025-11-03
ciqual,7412,"Tartine craquante, extrudée et grillée, fourrée au chocolat",fr,"Crispbread, extruded and grilled, chocolate filling",produits sucrés sugar and confectionery,100,g,65.4,7.88,15.6,445,ciqual-2025-11-03
ciqual,7413,"Tartine craquante, extrudée et grillée, fourrée aux fruits",fr,"Crispbread, extruded and grilled, fruit filling",produits sucrés sugar and confectionery,100,g,74.9,4.63,5.1,372,ciqual-2025-11-03
ciqual,7414,"Tartine craquante extrudées, source ou riche en fibres",fr,"Crispbread, extruded and grilled, source or rich in fibre",produits céréaliers cereal products,100,g,71.3,10.8,3.5,376,ciqual-2025-11-03
ciqual,7419,"Petit pain grillé suédois au blé complet, sans sucres ajoutés",fr,"Swedish toast, wholemeal, no added sugars",produits céréaliers cereal products,100,g,65,11.9,7.2,391,ciqual-2025-11-03
ciqual,7420,Petit pain grillé suédois au blé complet,fr,"Swedish toast, whole wheat",produits céréaliers cereal products,100,g,65.8,10.6,8.6,402,ciqual-2025-11-03
ciqual,7421,Petit pain grillé suédois aux fruits,fr,"Swedish toast, with fruits",produits céréaliers cereal products,100,g,73.8,9.7,4.9,386,ciqual-2025-11-03
ciqual,7422,Petit pain grillé suédois brioché,fr,Swedish toast with eggs,produits céréaliers cereal products,100,g,69.4,10.3,10.6,421,ciqual-2025-11-03
ciqual,7425,"Pain grillé aux céréales, tranches, préemballé",fr,"Rusk , slice, multigrain, prepacked",produits céréaliers cereal products,100,g,70,14,7.33,417,ciqual-2025-11-03
ciqual,7431,"Croûton, à tartiner, préemballé",fr,"Croutons, for spreads, prepacked",produits céréaliers cereal products,100,g,70,13.5,2.85,374,ciqual-2025-11-03
ciqual,7432,"Croûton nature, préemballé",fr,"Croutons, plain, prepacked",produits céréaliers cereal products,100,g,62.4,10.1,17.9,459,ciqual-2025-11-03
ciqual,7500,Chapelure,fr,Breadcrumbs,produits céréaliers cereal products,100,g,74.3,10.3,1.6,365,ciqual-2025-11-03
ciqual,7525,"Gressin, nature (sans sésame)",fr,"Grissini or bread stick, plain (without sesame)",produits céréaliers cereal products,100,g,68.8,12.5,10.5,428,ciqual-2025-11-03
ciqual,7600,Viennoiserie (aliment moyen),fr,Viennese pastry (average),produits sucrés sugar and confectionery,100,g,49,7.88,17,385,ciqual-2025-11-03
ciqual,76000,"Eau minérale Abatilles, embouteillée, plate, faiblement minéralisée (Arcachon, 33)",fr,"Mineral still water (Abatilles), bottled, lightly mineralized",eaux et autres boissons beverages,100,g,0,0,0,0,ciqual-2025-11-03
ciqual,76001,"Eau minérale Aix-les-Bains, embouteillée, plate, faiblement minéralisée (Aix-les-Bains, 73)",fr,"Mineral still water (Aix-les-Bains), bottled, lightly mineralized",eaux et autres boissons beverages,100,g,0,0,0,0,ciqual-2025-11-03
ciqual,76002,"Eau minérale Aizac, embouteillée, gazeuse, faiblement minéralisée (Aizac, 07)",fr,"Mineral sparkling water (Aziac), bottled, lightly mineralized",eaux et autres boissons beverages,100,g,0,0,0,0,ciqual-2025-11-03
ciqual,76004,"Eau minérale Amanda, embouteillée, plate, riche en sels minéraux (St-Amand, 59)",fr,"Mineral still water (Amanda), bottled, strongly mineralized",eaux et autres boissons beverages,100,g,0,0,0,0,ciqual-2025-11-03
ciqual,76006,"Eau minérale Arcens, embouteillée, gazeuse, moyennement minéralisée (Arcens, 07)",fr,"Mineral sparkling water (Arcens), bottled, averagely mineralized",eaux et autres boissons beverages,100,g,0,0,0,0,ciqual-2025-11-03
ciqual,76007,"Eau minérale Ardesy, embouteillée, gazeuse, riche en sels minéraux (Ardes, 63)",fr,"Mineral sparkling water (Ardesy), bottled, strongly mineralized",eaux et autres boissons beverages,100,g,0,0,0,0,ciqual-2025-11-03
ciqual,76010,"Eau minérale Celtic, embouteillée, gazeuse ou plate, très faiblement minéralisée (Niederbronn, 67)",fr,"Mineral water (Celtic), bottled, very lightly mineralized",eaux et autres boissons beverages,100,g,0.001,0,0,0.004,ciqual-2025-11-03
ciqual,76011,"Eau minérale Chambon, embouteillée, plate, faiblement minéralisée (Chambon, 45)",fr,"Mineral still water (Chambon), bottled, lightly mineralized",eaux et autres boissons beverages,100,g,0.0029,0,0,0.012,ciqual-2025-11-03
ciqual,76012,"Eau minérale Chantemerle, embouteillée, plate, faiblement minéralisée (Le Pestrin, 07)",fr,"Mineral still water (Chantemerle), bottled, lightly mineralized",eaux et autres boissons beverages,100,g,0,0,0,0,ciqual-2025-11-03
ciqual,76013,"Eau minérale Chateauneuf, embouteillée, gazeuse, riche en sels minéraux (Chateauneuf, 63)",fr,"Mineral sparkling water (Chateauneuf), bottled, strongly mineralized",eaux et autres boissons beverages,100,g,0,0,0,0,ciqual-2025-11-03
ciqual,76014,"Eau minérale Chateldon, embouteillée, gazeuse, riche en sels minéraux (Chateldon, 63)",fr,"Mineral sparkling water (Chateldon), bottled, strongly mineralized",eaux et autres boissons beverages,100,g,0,0,0,0,ciqual-2025-11-03
ciqual,76015,"Eau minérale Clos de l'Abbaye, embouteillée, plate, moyennement minéralisée (St-Amand, 59)",fr,"Mineral still water (Clos de l'Abbaye), bottled, averagely mineralized",eaux et autres boissons beverages,100,g,0.016,0,0,0.064,ciqual-2025-11-03
ciqual,76016,"Eau minérale Contrex, embouteillée, plate, riche en sels minéraux (Contrexéville, 88)",fr,"Mineral still water (Contrex), bottled, strongly mineralized",eaux et autres boissons beverages,100,g,0.0078,0,0,0.031,ciqual-2025-11-03
ciqual,76017,"Eau minérale Dax, embouteillée, plate, moyennement minéralisée (Dax, 40)",fr,"Mineral still water (Dax), bottled, averagely mineralized",eaux et autres boissons beverages,100,g,0.069,0,0,0.28,ciqual-2025-11-03
ciqual,76018,"Eau minérale Didier, embouteillée, gazeuse, riche en sels minéraux (Martinique)",fr,"Mineral sparkling water (Didier), bottled, strongly mineralized",eaux et autres boissons beverages,100,g,0,0,0,0,ciqual-2025-11-03
ciqual,76019,"Eau minérale Didier, embouteillée, plate, riche en sels minéraux (Martinique)",fr,"Mineral still water (Didier), bottled, strongly mineralized",eaux et autres boissons beverages,100,g,0,0,0,0,ciqual-2025-11-03
ciqual,76020,"Eau minérale Evian, embouteillée, plate, faiblement minéralisée (Evian, 74)",fr,"Mineral still water (Evian), bottled, lightly mineralized",eaux et autres boissons beverages,100,g,0,0,0,0,ciqual-2025-11-03
ciqual,76022,"Eau minérale Hépar, embouteillée, plate, riche en sels minéraux (Vittel, 88)",fr,"Mineral still water (Hépar), bottled, strongly mineralized",eaux et autres boissons beverages,100,g,0,0,0,0,ciqual-2025-11-03
ciqual,76023,"Eau minérale Hydroxydase, embouteillée, gazeuse, riche en sels minéraux (Le Breuil sur Couze, 63)",fr,"Mineral sparkling water (Hydroxydase), bottled, strongly mineralized",eaux et autres boissons beverages,100,g,0,0,0,1.04,ciqual-2025-11-03
ciqual,76024,"Eau minérale Vernière, embouteillée, gazeuse, moyennement minéralisée (Les Aires, 34)",fr,"Mineral sparkling water (Vernière), bottled, averagely mineralized",eaux et autres boissons beverages,100,g,0,0,0,0,ciqual-2025-11-03
ciqual,76025,"Eau minérale Luchon, embouteillée, plate, faiblement minéralisée (Luchon, 31)",fr,"Mineral still water (Luchon), bottled, lightly mineralized",eaux et autres boissons beverages,100,g,0,0,0,0,ciqual-2025-11-03
ciqual,76027,"Eau minérale Mont-Roucous, embouteillée, plate, très faiblement minéralisée (Lacaune, 81)",fr,"Mineral water (Mont-Roucous, bottled, very lightly mineralized",eaux et autres boissons beverages,100,g,0,0,0,0,ciqual-2025-11-03
ciqual,76029,"Eau minérale Orée du bois, embouteillée, plate, moyennement minéralisée (St-Amand, 59)",fr,"Mineral water (Orée du bois), bottled, averagely mineralized",eaux et autres boissons beverages,100,g,0,0,0,0,ciqual-2025-11-03
ciqual,7603,"Croissant, sans précision (aliment moyen)",fr,Croissant (average),produits sucrés sugar and confectionery,100,g,46.2,7.19,22.1,417,ciqual-2025-11-03
ciqual,76030,"Eau minérale Orezza, embouteillée, gazeuse, moyennement minéralisée (Rapaggio, 20B)",fr,"Mineral sparkling water (Orezza), bottled, averagely mineralized",eaux et autres boissons beverages,100,g,0,0,0,0,ciqual-2025-11-03
ciqual,76031,"Eau minérale Parot, embouteillée, gazeuse, moyennement minéralisée (St-Romain-le-Puy, 42)",fr,"Mineral sparkling water (Parot), bottled, averagely mineralized",eaux et autres boissons beverages,100,g,0,0,0,0,ciqual-2025-11-03
ciqual,76032,"Eau minérale Plancoet, embouteillée, gazeuse ou plate, faiblement minéralisée (Plancoet, 22)",fr,"Mineral water (Plancoet), bottled, lightly mineralized",eaux et autres boissons beverages,100,g,0,0,0,0,ciqual-2025-11-03
ciqual,76033,"Eau minérale Propiac, embouteillée, plate, riche en sels minéraux (Propiac, 26)",fr,"Mineral still water (Propiac), bottled, strongly mineralized",eaux et autres boissons beverages,100,g,0,0,0,0.92,ciqual-2025-11-03
ciqual,76034,"Eau minérale Puits St-Georges, embouteillée, gazeuse, moyennement minéralisée (St-Romain-le-Puy, 42)",fr,"Mineral sparkling water (Puits St Georges), bottled, averagely mineralized",eaux et autres boissons beverages,100,g,0,0,0,0,ciqual-2025-11-03
ciqual,76035,"Eau minérale Quézac, embouteillée, gazeuse, moyennement minéralisée (Quézac, 48)",fr,"Mineral sparkling water (Quézac), bottled, averagely mineralized",eaux et autres boissons beverages,100,g,0,0,0,0,ciqual-2025-11-03
ciqual,76036,"Eau minérale Reine des basaltes, embouteillée, gazeuse, moyennement minéralisée (Asperjoc, 07)",fr,"Mineral sparkling water (Reine des basaltes), bottled, averagely mineralized",eaux et autres boissons beverages,100,g,0,0,0,0,ciqual-2025-11-03
ciqual,76037,"Eau minérale Rozana, embouteillée, gazeuse, riche en sels minéraux (Beauregard, 63)",fr,"Mineral sparkling water (Rozana), bottled, strongly mineralized",eaux et autres boissons beverages,100,g,0,0,0,0,ciqual-2025-11-03
ciqual,76038,"Eau minérale Sail-les-Bains, embouteillée, plate, faiblement minéralisée (Sail-les-Bains, 42)",fr,"Mineral still water (Sail-les-Bains), bottled, lightly mineralized",eaux et autres boissons beverages,100,g,0,0,0,0,ciqual-2025-11-03
ciqual,76039,"Eau minérale Salvetat, embouteillée, gazeuse, moyennement minéralisée (La Salvetat, 34)",fr,"Mineral sparkling water (Salvetat), bottled, averagely mineralized",eaux et autres boissons beverages,100,g,0.03,0,0,0.12,ciqual-2025-11-03
ciqual,76043,"Eau minérale St-Amand, embouteillée, gazeuse ou plate, moyennement minéralisée (St-Amand, 59)",fr,"Mineral water (St-Amand), bottled, averagely mineralized",eaux et autres boissons beverages,100,g,0,0,0,0,ciqual-2025-11-03
ciqual,76044,"Eau minérale St-Antonin, embouteillée, plate, riche en sels minéraux (St-Antonin-Noble-Val, 82)",fr,"Mineral still water (St-Antonin), bottled, strongly mineralized",eaux et autres boissons beverages,100,g,0.022,0,0,0.088,ciqual-2025-11-03
ciqual,76046,"Eau minérale St-Diéry, embouteillée, gazeuse, riche en sels minéraux (St-Diéry, 63)",fr,"Mineral sparkling water (St-Diéry), bottled, strongly mineralized",eaux et autres boissons beverages,100,g,0.005,0,0,0.02,ciqual-2025-11-03
ciqual,76047,"Eau minérale Ste-Marguerite, embouteillée, gazeuse, moyennement minéralisée (St-Maurice, 63)",fr,"Mineral sparkling water (Ste-Marguerite), bottled, averagely mineralized",eaux et autres boissons beverages,100,g,0,0,0,0,ciqual-2025-11-03
ciqual,76049,"Eau minérale St-Yorre, embouteillée, gazeuse, riche en sels minéraux (Saint-Yorre, 03)",fr,"Mineral sparkling water (St-Yorre), bottled, strongly mineralized",eaux et autres boissons beverages,100,g,0.0094,0,0,0.038,ciqual-2025-11-03
ciqual,76050,"Eau minérale Thonon, embouteillée, plate, faiblement minéralisée (Thonon, 74)",fr,"Mineral still water (Thonon), bottled, lightly mineralized",eaux et autres boissons beverages,100,g,0.0072,0,0,0.029,ciqual-2025-11-03
ciqual,76052,"Eau minérale Vals-Vivaraise, embouteillée, gazeuse, moyennement minéralisée (Vals, 07)",fr,"Mineral sparkling water (Vals-Vivaraise), bottled, averagely mineralized",eaux et autres boissons beverages,100,g,0,0,0,0,ciqual-2025-11-03
ciqual,76053,"Eau minérale Ventadour, embouteillée, gazeuse, faiblement minéralisée (Le Pestrin, 07)",fr,"Mineral sparkling water (Ventadour), bottled, lightly mineralized",eaux et autres boissons beverages,100,g,0.03,0,0,0.12,ciqual-2025-11-03
ciqual,76054,"Eau minérale Vernet, embouteillée, gazeuse, faiblement minéralisée (Prades, 07)",fr,"Mineral sparkling water (Vernet), bottled, lightly mineralized",eaux et autres boissons beverages,100,g,0,0,0,0,ciqual-2025-11-03
ciqual,76055,"Eau minérale Vichy Célestins, embouteillée, gazeuse, riche en sels minéraux (Saint-Yorre, 03)",fr,"Mineral sparkling water (Vichy Célestins), bottled, strongly mineralized",eaux et autres boissons beverages,100,g,0.013,0,0,0.05,ciqual-2025-11-03
ciqual,76056,"Eau minérale Vittel, embouteillée, plate, moyennement minéralisée (Vittel, 88)",fr,"Mineral still water (Vittel), bottled, averagely mineralized",eaux et autres boissons beverages,100,g,0.02,0,0,0.082,ciqual-2025-11-03
ciqual,76057,"Eau minérale Volvic, embouteillée, plate, faiblement minéralisée (Volvic, 63)",fr,"Mineral still water (Volvic), bottled, lightly mineralized",eaux et autres boissons beverages,100,g,0.0023,0,0,0.0093,ciqual-2025-11-03
ciqual,76058,"Eau minérale Volvic active, embouteillée, gazeuse, faiblement minéralisée (Volvic, 63)",fr,"Mineral sparkling water (Volvic active), bottled, lightly mineralized",eaux et autres boissons beverages,100,g,0,0,0,0,ciqual-2025-11-03
ciqual,76059,"Eau minérale Wattwiller, embouteillée, gazeuse ou plate, faiblement minéraliséee (Wattwiller, 68)",fr,"Mineral water (Wattwiller), bottled, lightly mineralized",eaux et autres boissons beverages,100,g,0,0,0,0,ciqual-2025-11-03
ciqual,76060,"Eau minérale Perrier, embouteillée, gazeuse, faiblement minéralisée (Vergèse, 30)",fr,"Mineral sparkling water (Perrier), bottled, lightly mineralized",eaux et autres boissons beverages,100,g,0,0,0,,ciqual-2025-11-03
ciqual,76061,"Eau minérale Badoit, embouteillée, gazeuse, moyennement minéralisée (St-Galmier, 42)",fr,"Mineral sparkling water (Badoit), bottled, averagely mineralized",eaux et autres boissons beverages,100,g,0,0,0,0,ciqual-2025-11-03
ciqual,76062,"Eau minérale Avra, embouteillée, plate, faiblement minéralisée (Grèce)",fr,"Mineral still water (Avra), bottled, lightly mineralized",eaux et autres boissons beverages,100,g,0,0,0,0,ciqual-2025-11-03
ciqual,76063,"Eau minérale Beckerich, embouteillée, plate, faiblement minéralisée (Luxembourg)",fr,"Mineral still water (Beckerich), bottled, lightly mineralized",eaux et autres boissons beverages,100,g,0,0,0,0,ciqual-2025-11-03
ciqual,76065,"Eau minérale Chaudfontaine, embouteillée, plate, faiblement minéralisée (Belgique)",fr,"Mineral still water (Chaudfontaine), bottled, lightly mineralized",eaux et autres boissons beverages,100,g,0,0,0,0,ciqual-2025-11-03
ciqual,76066,"Eau minérale Christinen Brunnen, embouteillée, plate, moyennement minéralisée (Allemagne)",fr,"Mineral still water (Christinen Brunnen), bottled, averagely mineralized",eaux et autres boissons beverages,100,g,0,0,0,0,ciqual-2025-11-03
ciqual,76067,"Eau minérale Courmayeur, embouteillée, plate, riche en sels minéraux (Italie)",fr,"Mineral still water (Courmayer), bottled, strongly mineralized",eaux et autres boissons beverages,100,g,0,0,0,0,ciqual-2025-11-03
ciqual,76069,"Eau minérale Levissima, embouteillée, plate, faiblement minéralisée (Italie)",fr,"Mineral still water (Levissima), bottled, lightly mineralized",eaux et autres boissons beverages,100,g,0,0,0,0,ciqual-2025-11-03
ciqual,76070,"Eau minérale Luso, embouteillée, plate, très faiblement minéralisée (Portugal)",fr,"Mineral still water (Luso), bottled, very lightly mineralized",eaux et autres boissons beverages,100,g,0,0,0,0,ciqual-2025-11-03
ciqual,76071,"Eau minérale Néro, embouteillée, plate, faiblement minéralisée (Grèce)",fr,"Mineral still water (Néro), bottled, lightly mineralized",eaux et autres boissons beverages,100,g,0,0,0,0,ciqual-2025-11-03
ciqual,76072,"Eau minérale Penacova, embouteillée, plate, très faiblement minéralisée (Portugal)",fr,"Mineral still water (Penacova), bottled, very lightly mineralized",eaux et autres boissons beverages,100,g,0,0,0,0,ciqual-2025-11-03
ciqual,76074,"Eau minérale San Bernardo, embouteillée, gazeuse ou plate, très faiblement minéralisée (Italie)",fr,"Mineral water (San Bernardo), bottled, very lightly mineralized",eaux et autres boissons beverages,100,g,0,0,0,0,ciqual-2025-11-03
ciqual,76075,"Eau minérale San Pellegrino, embouteillée, gazeuse, moyennement minéralisée (Italie)",fr,"Mineral sparkling water (San Pellegrino), bottled, averagely mineralized",eaux et autres boissons beverages,100,g,0,0,0,0,ciqual-2025-11-03
ciqual,76076,"Eau minérale Spa-Reine, embouteillée, gazeuse ou plate, moyennement minéralisée (Belgique)",fr,"Mineral water (Spa-Reine), bottled, averagely mineralized",eaux et autres boissons beverages,100,g,0,0,0,0,ciqual-2025-11-03
ciqual,76078,"Eau minérale Valvert, embouteillée, plate, faiblement minéralisée (Belgique)",fr,"Mineral still water (Valvert), bottled, lightly mineralized",eaux et autres boissons beverages,100,g,0,0,0,0,ciqual-2025-11-03
ciqual,76079,"Eau minérale Appollinaris, embouteillée, plate, riche en sels minéraux (Allemagne)",fr,"Mineral still water (Appollinaris), bottled, strongly mineralized",eaux et autres boissons beverages,100,g,0,0,0,,ciqual-2025-11-03
ciqual,76081,"Eau minérale Biovive, embouteillée, plate, faiblement minéralisée (Dax, 40)",fr,"Mineral still water (Biovive), bottled, lightly mineralized",eaux et autres boissons beverages,100,g,0.011,0,0,0.044,ciqual-2025-11-03
ciqual,76082,"Eau minérale La Cairolle, embouteillée, plate, riche en sels minéraux (Les Aires, 34)",fr,"Mineral still water (La Cairolle), bottled, strongly mineralized",eaux et autres boissons beverages,100,g,0.11,0,0,0.43,ciqual-2025-11-03
ciqual,76083,"Eau minérale Cilaos, embouteillée, gazeuse, riche en sels minéraux (Cilaos, 974)",fr,"Mineral sparkling water (Cilaos), bottled, strongly mineralized",eaux et autres boissons beverages,100,g,0,0,0,0,ciqual-2025-11-03
ciqual,76085,"Eau minérale La Française, embouteillée, plate, riche en sels minéraux (Propiac, 26)",fr,"Mineral still water (La Française), bottled, strongly mineralized",eaux et autres boissons beverages,100,g,0,0,0,0.49,ciqual-2025-11-03
ciqual,76086,"Eau minérale Montcalm, embouteillée, plate, très faiblement minéralisée (Auzat, 09)",fr,"Mineral still water (Montcalm), bottled, very lightly mineralized",eaux et autres boissons beverages,100,g,0.0025,0,0,0.01,ciqual-2025-11-03
ciqual,76087,"Eau minérale Montclar, embouteillée, plate, faiblement minéralisée (Montclar, 04)",fr,"Mineral still water (Montclar), bottled, lightly mineralized",eaux et autres boissons beverages,100,g,0.009,0,0,0.036,ciqual-2025-11-03
ciqual,76088,"Eau minérale Nessel, embouteillée, gazeuse, moyennement minéralisée (Soultzmatt, 68)",fr,"Mineral sparkling water (Nessel), bottled, averagely mineralized",eaux et autres boissons beverages,100,g,0.082,0,0,0.33,ciqual-2025-11-03
ciqual,76089,"Eau minérale Ogeu, embouteillée, gazeuse, faiblement minéralisée (Ogeu-les-Bains, 64)",fr,"Mineral sparkling water (Ogeu), bottled, lightly mineralized",eaux et autres boissons beverages,100,g,0.012,0,0,0.05,ciqual-2025-11-03
ciqual,76090,"Eau minérale Ogeu, embouteillée, plate, faiblement minéralisée (Ogeu-les-Bains, 64)",fr,"Mineral still water (Ogeu), bottled, lightly mineralized",eaux et autres boissons beverages,100,g,0.018,0,0,0.073,ciqual-2025-11-03
ciqual,76091,"Eau minérale Prince Noir, embouteillée, plate, riche en sels minéraux (St-Antonin-Noble-Val, 82)",fr,"Mineral still water (Prince Noir), bottled, strongly mineralized",eaux et autres boissons beverages,100,g,0,0,0,0,ciqual-2025-11-03
ciqual,76092,"Eau minérale St-Alban, embouteillée, gazeuse, moyennement minéralisée (St-Alban, 42)",fr,"Mineral sparkling water (St-Alban), bottled, averagely mineralized",eaux et autres boissons beverages,100,g,0,0,0,0,ciqual-2025-11-03
ciqual,76093,"Eau minérale St-Géron, embouteillée, gazeuse, moyennement minéralisée (St-Géron, 43)",fr,"Mineral sparkling water (St-Géron), bottled, averagely mineralized",eaux et autres boissons beverages,100,g,0.071,0,0,0.28,ciqual-2025-11-03
ciqual,76094,"Eau minérale St-Michel-de-Mourcairol, embouteillée, gazeuse, moyennement minéralisée (Les Aires, 34)",fr,"Mineral sparkling water (St-Michel-de-Mourcairol), bottled, averagely mineralized",eaux et autres boissons beverages,100,g,0.082,0,0,0.33,ciqual-2025-11-03
ciqual,76095,"Eau minérale Treignac, embouteillée, plate, très faiblement minéralisée (Treignac, 19)",fr,"Mineral still water (Treignac), bottled, very lightly mineralized",eaux et autres boissons beverages,100,g,0.0013,0,0,0.0051,ciqual-2025-11-03
ciqual,76096,"Eau minérale Vals, embouteillée, gazeuse, moyennement minéralisée (Vals-les-Bains, 07)",fr,"Mineral sparkling water (Vals), bottled, averagely mineralized",eaux et autres boissons beverages,100,g,0.02,0,0,0.08,ciqual-2025-11-03
ciqual,76097,"Eau minérale Vauban, embouteillée, plate, moyennement minéralisée (St-Amand-les-Eaux, 59)",fr,"Mineral still water (Vauban), bottled, averagely mineralized",eaux et autres boissons beverages,100,g,0.088,0,0,0.35,ciqual-2025-11-03
ciqual,76101,"Eau minérale Mont-Blanc, embouteillée, plate, faiblement minéralisée (Italie)",fr,"Mineral still water (Montblanc), bottled, lightly mineralized",eaux et autres boissons beverages,100,g,0,0,0,0,ciqual-2025-11-03
ciqual,76102,"Eau minérale Eden (La Goa), embouteillée, plate, faiblement minéralisée (Suisse)",fr,"Mineral still water (Eden La Goa), bottled, lightly mineralized",eaux et autres boissons beverages,100,g,0,0,0,0,ciqual-2025-11-03
ciqual,76103,"Eau minérale Velleminfroy, embouteillée, gazeuse ou plate, riche en sels minéraux (Chatenois, 70)",fr,"Mineral water (Velleminfroy), bottled, strongly mineralized",eaux et autres boissons beverages,100,g,0,0,0,0,ciqual-2025-11-03
ciqual,7615,"Croissant ordinaire, artisanal",fr,"Croissant, ordinary, from bakery",produits sucrés sugar and confectionery,100,g,47.6,6.94,21.1,412,ciqual-2025-11-03
ciqual,7616,"Croissant ordinaire, préemballé",fr,"Croissant, ordinary, prepacked",produits sucrés sugar and confectionery,100,g,46.7,7.63,19.1,398,ciqual-2025-11-03
ciqual,7619,"Croissant pur beurre, sans précision (aliment moyen)",fr,"Croissant, pure butter (average)",produits sucrés sugar and confectionery,100,g,45.7,7.25,22.6,420,ciqual-2025-11-03
ciqual,7620,"Croissant pur beurre, artisanal",fr,"Croissant, pure butter, from bakery",produits sucrés sugar and confectionery,100,g,45.7,7.25,22.6,420,ciqual-2025-11-03
ciqual,7621,"Croissant pur beurre, préemballé",fr,"Croissant, pure butter, prepacked",produits sucrés sugar and confectionery,100,g,45.7,6.88,18.9,388,ciqual-2025-11-03
ciqual,7650,"Croissant aux amandes, artisanal",fr,"Croissant with almonds, from bakery",produits sucrés sugar and confectionery,100,g,36.5,8.36,29.1,449,ciqual-2025-11-03
ciqual,7710,"Pain au lait, artisanal",fr,"Milk roll, from bakery",produits sucrés sugar and confectionery,100,g,49,9.38,15.4,376,ciqual-2025-11-03
ciqual,7711,"Pain au lait, préemballé",fr,"Milk roll, prepacked",produits sucrés sugar and confectionery,100,g,50.5,8.69,12.3,357,ciqual-2025-11-03
ciqual,7712,"Pain au lait aux pépites de chocolat, préemballé",fr,"Milk roll filled with chocolate chips, prepacked",produits sucrés sugar and confectionery,100,g,49.6,8.25,14.7,375,ciqual-2025-11-03
ciqual,7719,"Panettone (brioche italienne aux raisins secs et écorces d'orange confite), préemballée",fr,"Brioche, (italian pastry filled with raisins and orange candied peel), prepacked",produits sucrés sugar and confectionery,100,g,50.6,6.88,12.7,352,ciqual-2025-11-03
ciqual,7720,"Pain aux raisins (viennoiserie), artisanal",fr,"Raisin puff pastry (Viennese pastries), from bakery",produits sucrés sugar and confectionery,100,g,53.4,6.38,11.5,345,ciqual-2025-11-03
ciqual,7730,"Pain au chocolat, artisanal",fr,"Chocolate croissant, from bakery",produits sucrés sugar and confectionery,100,g,45.4,8.19,22.5,423,ciqual-2025-11-03
ciqual,7733,"Pain au chocolat, préemballé",fr,"Chocolate croissant, prepacked",produits sucrés sugar and confectionery,100,g,48.6,6.89,21.4,421,ciqual-2025-11-03
ciqual,7735,"Brioche (ou briochettes) aux pépites de chocolat ou fourrée au chocolat, préemballée",fr,"Brioche, with chocolate chips or filled with chocolate, prepacked",produits sucrés sugar and confectionery,100,g,51.1,8.17,12.1,352,ciqual-2025-11-03
ciqual,7738,"Brioche fourrée aux fruits, préemballée",fr,"Brioche, filled with fruits, prepacked",produits sucrés sugar and confectionery,100,g,52.4,5.81,9,326,ciqual-2025-11-03
ciqual,7739,"Brioche fourrée crème pâtissière (type ""chinois""), préemballée",fr,"Brioche, filled with custard cream (Chinese brioche type), prepacked",produits sucrés sugar and confectionery,100,g,45.7,5.81,6,267,ciqual-2025-11-03
ciqual,7740,"Brioche nature, préemballée",fr,"Brioche, plain, prepacked",produits sucrés sugar and confectionery,100,g,52.7,7.99,12.1,356,ciqual-2025-11-03
ciqual,7742,"Brioche nature, artisanale",fr,"Brioche, plain, from bakery",produits sucrés sugar and confectionery,100,g,50.7,11.3,19.1,420,ciqual-2025-11-03
ciqual,7744,"Couronne des rois (brioche) aux fruits confits, préemballée",fr,"Christmas brioche with candied fruits, prepacked",produits sucrés sugar and confectionery,100,g,52.8,7.2,12.3,353,ciqual-2025-11-03
ciqual,7745,"Brioche pur beurre (ex : gâche vendéenne) nature, préemballée",fr,"Brioche, pure butter, plain, prepacked",produits sucrés sugar and confectionery,100,g,51.1,8.21,13.3,361,ciqual-2025-11-03
ciqual,7746,"Brioche, sans précision (aliment moyen)",fr,Brioche (average),produits sucrés sugar and confectionery,100,g,52.1,8.41,13,363,ciqual-2025-11-03
ciqual,7811,"Focaccia, garnie",fr,"Focaccia, filled",entrées et plats composés starters and dishes,100,g,29.5,8,8.75,233,ciqual-2025-11-03
ciqual,7812,"Fougasse, garnie",fr,"Fougasse, filled",entrées et plats composés starters and dishes,100,g,42.1,9.53,11.8,320,ciqual-2025-11-03
ciqual,7813,"Tortilla souple (à garnir), à base de maïs",fr,"Maize/corn tortilla wrap, to be filled",produits céréaliers cereal products,100,g,58,6.67,5.57,316,ciqual-2025-11-03
ciqual,7814,"Cake salé (garniture : fromage, légumes, viande, poisson, volaille, etc.), préemballé",fr,"Savoury cake (with cheese, vegetables, meat, fish, poultry, etc.), prepacked",entrées et plats composés starters and dishes,100,g,25.6,11.6,18.4,321,ciqual-2025-11-03
ciqual,7815,"Tortilla souple (à garnir), à base de blé",fr,"Wheat tortilla wrap, to be filled",produits céréaliers cereal products,100,g,53,8.79,7.48,320,ciqual-2025-11-03
ciqual,8000,Rillettes traditionnelles de porc,fr,Rillettes of pork,"viandes, oeufs, poissons meat, egg and fish",100,g,3.73,13,36,391,ciqual-2025-11-03
ciqual,8001,Rillettes pur porc,fr,"Rillettes, pure pork","viandes, oeufs, poissons meat, egg and fish",100,g,0.13,16.7,38.3,413,ciqual-2025-11-03
ciqual,8002,Rillettes supérieures de porc,fr,"Rillettes of pork, superior quality","viandes, oeufs, poissons meat, egg and fish",100,g,0.17,15.5,37.7,402,ciqual-2025-11-03
ciqual,8010,Rillettes de Tours (porc),fr,Rillettes from Tours,"viandes, oeufs, poissons meat, egg and fish",100,g,0.1,18,50,522,ciqual-2025-11-03
ciqual,8015,Rillettes du Mans (porc),fr,Rillettes from Mans,"viandes, oeufs, poissons meat, egg and fish",100,g,4.79,15.6,37.6,420,ciqual-2025-11-03
ciqual,8025,Rillettes pur oie,fr,"Rillettes, pure goose","viandes, oeufs, poissons meat, egg and fish",100,g,0.1,14.7,39.8,417,ciqual-2025-11-03
ciqual,8026,Rillettes de canard,fr,Rillettes of duck,"viandes, oeufs, poissons meat, egg and fish",100,g,1.03,15.3,34.6,377,ciqual-2025-11-03
ciqual,8030,Rillettes d'oie,fr,Rillettes of goose,"viandes, oeufs, poissons meat, egg and fish",100,g,0.99,14.9,33.4,364,ciqual-2025-11-03
ciqual,8040,Rillettes de poulet,fr,Rillettes of poultry,"viandes, oeufs, poissons meat, egg and fish",100,g,0.49,16.4,30.3,340,ciqual-2025-11-03
ciqual,8059,"Rillettes de crabe, préemballées",fr,"Rillettes, crab, prepacked","(Genus and species unknown or multiple) viandes, oeufs, poissons meat, egg and fish",100,g,4.61,9.16,16.6,210,ciqual-2025-11-03
ciqual,8080,"Rillettes de poisson, préemballées",fr,"Rillette, fish, prepacked","(Genus and species unknown or multiple) viandes, oeufs, poissons meat, egg and fish",100,g,0,13.9,20.7,242,ciqual-2025-11-03
ciqual,8081,"Rillettes de saumon, préemballées",fr,"Rillettes, salmon, prepacked","(Genus and species unknown or multiple) viandes, oeufs, poissons meat, egg and fish",100,g,2.77,12.9,19.6,242,ciqual-2025-11-03
ciqual,8082,"Rillettes de thon, préemballées",fr,"Rillettes, tuna, prepacked","(Genus and species unknown or multiple) viandes, oeufs, poissons meat, egg and fish",100,g,1.88,13.6,18.8,235,ciqual-2025-11-03
ciqual,8083,"Rillettes de maquereau, préemballées",fr,"Rillettes, mackerel, prepacked","(Genus and species unknown or multiple) viandes, oeufs, poissons meat, egg and fish",100,g,1,11,22,246,ciqual-2025-11-03
ciqual,8109,"Confit de canard, viande (cuisse), sans peau, appertisé, réchauffé",fr,"Duck confit (conserved in rendered fat), meat (leg) without skin, canned, reheated","viandes, oeufs, poissons meat, egg and fish",100,g,0,32,7.4,195,ciqual-2025-11-03
ciqual,8110,"Confit de canard, appertisé",fr,"Duck confit (conserved in rendered fat), canned","viandes, oeufs, poissons meat, egg and fish",100,g,0.15,25.7,18.8,273,ciqual-2025-11-03
ciqual,8111,"Canard, magret fumé",fr,"Duck breast fillet, smoked","viandes, oeufs, poissons meat, egg and fish",100,g,0.5,18,32,362,ciqual-2025-11-03
ciqual,8120,Confit de foie de porc,fr,Preserved pork liver,"viandes, oeufs, poissons meat, egg and fish",100,g,1.3,15.4,28.1,320,ciqual-2025-11-03
ciqual,8125,Confit de foie de volaille,fr,Preserved poultry liver,"viandes, oeufs, poissons meat, egg and fish",100,g,6.22,13.7,31,361,ciqual-2025-11-03
ciqual,8201,Pâté au poivre vert,fr,Pâté with green pepper,"viandes, oeufs, poissons meat, egg and fish",100,g,1.45,10.1,34.6,358,ciqual-2025-11-03
ciqual,8206,Pâté au jambon,fr,Ham pâté,"viandes, oeufs, poissons meat, egg and fish",100,g,1.04,14.7,26.5,302,ciqual-2025-11-03
ciqual,8211,Pâté ou terrine de campagne,fr,Country-style pâté or terrine,"viandes, oeufs, poissons meat, egg and fish",100,g,1.5,15.5,28.2,323,ciqual-2025-11-03
ciqual,8212,"Pâté ou terrine de campagne, à teneur réduite en sel",fr,"Country-style pâté or terrine, low salt","viandes, oeufs, poissons meat, egg and fish",100,g,4.2,13.8,27.9,324,ciqual-2025-11-03
ciqual,8214,Pâté breton,fr,Breton pâté,"viandes, oeufs, poissons meat, egg and fish",100,g,2.88,11,34,363,ciqual-2025-11-03
ciqual,8232,Terrine de canard,fr,Duck terrine,"viandes, oeufs, poissons meat, egg and fish",100,g,5.64,13.2,27.1,322,ciqual-2025-11-03
ciqual,8240,Pâté de lapin,fr,Rabbit pâté,"viandes, oeufs, poissons meat, egg and fish",100,g,1.73,14.7,24.5,286,ciqual-2025-11-03
ciqual,8242,Terrine de lapin,fr,Rabbit terrine,"viandes, oeufs, poissons meat, egg and fish",100,g,6.44,19,18,266,ciqual-2025-11-03
ciqual,8245,Pâté de gibier,fr,Game pâté,"viandes, oeufs, poissons meat, egg and fish",100,g,3.28,14.2,24.7,293,ciqual-2025-11-03
ciqual,8250,Pâté ou terrine aux champignons (forestier),fr,Pâté with mushrooms,"viandes, oeufs, poissons meat, egg and fish",100,g,5.93,12.6,28.1,328,ciqual-2025-11-03
ciqual,8290,"Tarama, au saumon fumé, préemballé",fr,"Taramasalata, with smoked salmon, prepacked","(Genus and species unknown or multiple) viandes, oeufs, poissons meat, egg and fish",100,g,4.74,7.7,50,501,ciqual-2025-11-03
ciqual,8291,"Terrine de poisson, préemballée",fr,"Fish terrine, prepacked","(Genus and species unknown or multiple) viandes, oeufs, poissons meat, egg and fish",100,g,4.21,9.01,16.7,205,ciqual-2025-11-03
ciqual,8292,"Terrine de fruits de mer (par ex. de Saint-Jacques), avec ou sans poisson, préemballée",fr,"Seafood terrine, with or without fish, prepacked","(Genus and species unknown or multiple) viandes, oeufs, poissons meat, egg and fish",100,g,7.89,9.13,13.3,190,ciqual-2025-11-03
ciqual,8293,"Tarama, aux oeufs de cabillaud, préemballé",fr,"Taramasalata, with cod eggs, prepacked","(Genus and species unknown or multiple) viandes, oeufs, poissons meat, egg and fish",100,g,4.01,6.11,53,518,ciqual-2025-11-03
ciqual,8296,"Terrine ou mousse de légumes, premballée",fr,"Vegetable terrine or mousse, prepacked",entrées et plats composés starters and dishes,100,g,5.5,6.67,9.56,140,ciqual-2025-11-03
ciqual,8297,Flan de légumes aux oeufs,fr,Vegetable flan with eggs,entrées et plats composés starters and dishes,100,g,4.13,5.38,18.6,210,ciqual-2025-11-03
ciqual,8300,"Pâté de foie de porc, supérieur",fr,"Pork liver pâté, superior quality","viandes, oeufs, poissons meat, egg and fish",100,g,6.5,13,31,358,ciqual-2025-11-03
ciqual,8305,Pâté de foie de porc,fr,Pork liver pâté,"viandes, oeufs, poissons meat, egg and fish",100,g,2.91,10.8,33.3,355,ciqual-2025-11-03
ciqual,8312,Mousse de foie de porc supérieure ou crème de foie,fr,"Pork liver mousse, superior quality","viandes, oeufs, poissons meat, egg and fish",100,g,10.9,11.1,26.1,324,ciqual-2025-11-03
ciqual,8313,Mousse de foie de porc,fr,Pork liver mousse,"viandes, oeufs, poissons meat, egg and fish",100,g,3.39,12,24.9,286,ciqual-2025-11-03
ciqual,8315,Mousse de canard,fr,Duck mousse,"viandes, oeufs, poissons meat, egg and fish",100,g,7.07,10.1,36.1,394,ciqual-2025-11-03
ciqual,8316,Pâté de foie de volaille,fr,Poultry liver pâté,"viandes, oeufs, poissons meat, egg and fish",100,g,1.21,13.7,28.3,316,ciqual-2025-11-03
ciqual,8321,"Foie gras, canard, entier, cuit",fr,"Foie gras, duck, whole, cooked","viandes, oeufs, poissons meat, egg and fish",100,g,0.026,8.41,54.6,526,ciqual-2025-11-03
ciqual,8323,"Foie gras, canard, bloc, sans morceaux",fr,"Foie gras block, duck, without pieces","viandes, oeufs, poissons meat, egg and fish",100,g,1.09,5.75,50,478,ciqual-2025-11-03
ciqual,8324,"Foie gras, canard, bloc, 30% de morceaux",fr,"Foie gras block, duck, 30% pieces","viandes, oeufs, poissons meat, egg and fish",100,g,2.19,6.88,50.1,488,ciqual-2025-11-03
ciqual,8325,"Foie gras, canard, bloc, 50% de morceaux",fr,"Foie gras block, duck, 50% pieces","viandes, oeufs, poissons meat, egg and fish",100,g,4.28,6.39,49.5,488,ciqual-2025-11-03
ciqual,8326,Pâté de foie d'oie,fr,Goose liver pâté,"viandes, oeufs, poissons meat, egg and fish",100,g,4.67,11.4,43.8,459,ciqual-2025-11-03
ciqual,8328,"Foie gras, canard, cru",fr,"Foie gras, duck, raw","viandes, oeufs, poissons meat, egg and fish",100,g,1.41,5.94,63.4,600,ciqual-2025-11-03
ciqual,8331,"Foie gras, canard, bloc (aliment moyen)",fr,"Foie gras, duck, block (average)","viandes, oeufs, poissons meat, egg and fish",100,g,2.19,6.88,50.1,488,ciqual-2025-11-03
ciqual,8332,Pâté (aliment moyen),fr,Paté (average),"viandes, oeufs, poissons meat, egg and fish",100,g,1.91,14.6,28.7,325,ciqual-2025-11-03
ciqual,8350,Galantine,fr,Galantine,"viandes, oeufs, poissons meat, egg and fish",100,g,1.28,22,1.73,109,ciqual-2025-11-03
ciqual,8373,Roulade de porc pistachée,fr,Rolled escalope of pork with pistachio,"viandes, oeufs, poissons meat, egg and fish",100,g,3,15.3,23.5,287,ciqual-2025-11-03
ciqual,8391,Pâté en croûte,fr,Pâté in crust,"viandes, oeufs, poissons meat, egg and fish",100,g,21.7,9.96,19.3,303,ciqual-2025-11-03
ciqual,8395,Jambon en croûte,fr,"Ham, in a pastry crust","viandes, oeufs, poissons meat, egg and fish",100,g,17.8,14.4,11.8,236,ciqual-2025-11-03
ciqual,8400,Fromage de tête,fr,Head-cheese pâté or brawn,"viandes, oeufs, poissons meat, egg and fish",100,g,3.15,13.8,12.9,184,ciqual-2025-11-03
ciqual,8406,"Salade de museau de porc, avec sauce, préemballée",fr,"Salad of pig's snout, with sauce, prepacked",entrées et plats composés starters and dishes,100,g,0.89,8.51,14.8,172,ciqual-2025-11-03
ciqual,8407,"Salade de cervelas, avec sauce, préemballée",fr,"Salad of saveloy, with sauce, prepacked",entrées et plats composés starters and dishes,100,g,1.93,7.6,24.2,259,ciqual-2025-11-03
ciqual,8429,Jambon persillé en gelée,fr,Pork ham with parsley and jelly,"viandes, oeufs, poissons meat, egg and fish",100,g,0.48,19,7.9,151,ciqual-2025-11-03
ciqual,8450,Museau de boeuf,fr,Ox muzzle,"viandes, oeufs, poissons meat, egg and fish",100,g,0,26.2,5.17,151,ciqual-2025-11-03
ciqual,8500,Andouille,fr,Chitterling sausage,"viandes, oeufs, poissons meat, egg and fish",100,g,0.3,18.4,15.1,211,ciqual-2025-11-03
ciqual,8501,Andouille de Guéméné,fr,Chitterling sausage from Guéméné,"viandes, oeufs, poissons meat, egg and fish",100,g,0,18,18,234,ciqual-2025-11-03
ciqual,8504,"Andouille, réchauffée à la poêle",fr,"Chitterling sausage, reheated in a frying pan","viandes, oeufs, poissons meat, egg and fish",100,g,0,22.5,20,270,ciqual-2025-11-03
ciqual,8512,Andouille de Vire,fr,Chitterling sausage from Vire,"viandes, oeufs, poissons meat, egg and fish",100,g,0,19,18,238,ciqual-2025-11-03
ciqual,8550,"Andouillette, à cuire",fr,"Chitterling sausage, to cook","viandes, oeufs, poissons meat, egg and fish",100,g,0.5,18.8,16.3,225,ciqual-2025-11-03
ciqual,8551,"Andouillette, grillée/poêlée",fr,"Chitterling sausage, grilled/pan-fried","viandes, oeufs, poissons meat, egg and fish",100,g,0.54,24.5,22.3,301,ciqual-2025-11-03
ciqual,8552,"Andouillette de Troyes, à cuire",fr,"Chitterling sausage from Troyes, to cook","viandes, oeufs, poissons meat, egg and fish",100,g,1,19.7,19,256,ciqual-2025-11-03
ciqual,8601,"Tripes à la mode de Caen (estomac et pied de boeuf, carottes…), préemballées",fr,"Caen-style tripe, prepacked",entrées et plats composés starters and dishes,100,g,0.5,20.4,3.68,120,ciqual-2025-11-03
ciqual,8612,"Tripes à la tomate ou à la provençale, préemballées",fr,"Provencal-type tripe (with tomato), prepacked",entrées et plats composés starters and dishes,100,g,0.55,17.5,3.13,100,ciqual-2025-11-03
ciqual,8703,"Boudin noir, à cuire",fr,"Black pudding, to cook","viandes, oeufs, poissons meat, egg and fish",100,g,0.29,12.2,27.1,297,ciqual-2025-11-03
ciqual,8704,"Boudin noir, grillé/poêlé",fr,"Black pudding, grilled/pan-fried","viandes, oeufs, poissons meat, egg and fish",100,g,3.78,11.9,20.3,246,ciqual-2025-11-03
ciqual,8705,"Boudin, grillé/poêlé (aliment moyen)",fr,"Black or white pudding (blood sausage), grilled/pan-fried (average)","viandes, oeufs, poissons meat, egg and fish",100,g,4.59,11.3,19.4,238,ciqual-2025-11-03
ciqual,8742,"Boudin antillais, à cuire",fr,"Caribbean blood sausage, to cook","viandes, oeufs, poissons meat, egg and fish",100,g,9.2,11.5,16.5,231,ciqual-2025-11-03
ciqual,8800,"Boudin blanc, grillé/poêlé",fr,"White pudding, grilled/pan-fried","viandes, oeufs, poissons meat, egg and fish",100,g,6.6,9.89,17.1,220,ciqual-2025-11-03
ciqual,8801,"Boudin blanc, à cuire",fr,"White pudding, to cook","viandes, oeufs, poissons meat, egg and fish",100,g,3.64,10,21,244,ciqual-2025-11-03
ciqual,8803,"Boudin blanc truffé, à cuire",fr,"White pudding, truffled, to cook","viandes, oeufs, poissons meat, egg and fish",100,g,9.01,10.6,18.4,247,ciqual-2025-11-03
ciqual,8903,"Quenelle de veau en sauce, appertisée",fr,"Veal quenelle, with sauce, canned","viandes, oeufs, poissons meat, egg and fish",100,g,14.8,3.52,10.3,169,ciqual-2025-11-03
ciqual,8910,"Quenelle de volaille, à cuire",fr,"Poultry quenelle, raw","viandes, oeufs, poissons meat, egg and fish",100,g,14.7,9.37,10.1,189,ciqual-2025-11-03
ciqual,8912,"Quenelle de volaille en sauce, appertisée",fr,"Poultry quenelle, with sauce, canned","viandes, oeufs, poissons meat, egg and fish",100,g,10.3,3.55,8.92,138,ciqual-2025-11-03
ciqual,8932,"Quenelle de poisson en sauce, appertisée",fr,"Fish quenelle, with sauce, canned","viandes, oeufs, poissons meat, egg and fish",100,g,10.5,3.79,8.51,135,ciqual-2025-11-03
ciqual,8933,"Quenelle de poisson, à cuire",fr,"Fish quenelle, raw","viandes, oeufs, poissons meat, egg and fish",100,g,23.6,8.1,12.7,245,ciqual-2025-11-03
ciqual,8937,"Quenelle nature, à cuire",fr,"Quenelle, plain, raw","viandes, oeufs, poissons meat, egg and fish",100,g,14.7,6.88,15.1,226,ciqual-2025-11-03
ciqual,9001,"Épeautre, cru",fr,"Spelt, raw",produits céréaliers cereal products,100,g,59.5,15.6,2.43,344,ciqual-2025-11-03
ciqual,9003,"Blé de Khorasan, cru",fr,"Khorasan wheat, raw",produits céréaliers cereal products,100,g,59.5,15.6,2.13,342,ciqual-2025-11-03
ciqual,9060,"Blé dur complet, cru",fr,"Durum wheat, wholewheat, raw",produits céréaliers cereal products,100,g,59.3,14.7,2.47,342,ciqual-2025-11-03
ciqual,9080,"Blé dur complet, précuit, à cuire",fr,"Wheat, wholewheat, pre-cooked, raw",produits céréaliers cereal products,100,g,67.7,14.7,1.83,359,ciqual-2025-11-03
ciqual,9081,"Blé dur (grains entiers), précuit, cuit, sans sel ajouté",fr,"Durum wheat pre-cooked, whole grain, cooked, no added salt",produits céréaliers cereal products,100,g,28.2,5.75,1.1,153,ciqual-2025-11-03
ciqual,9082,"Blé dur précuit, cuisiné, en sachet micro-ondable",fr,"Durum wheat, pre-cooked, seasoned, cooked, in a microwaveable bag",entrées et plats composés starters and dishes,100,g,29.6,5.21,4.84,188,ciqual-2025-11-03
ciqual,9085,"Nouilles asiatiques cuisinées (boeuf, poulet, légumes…) non instantanées",fr,"Asian noodles, seasoned (beef, chicken, vegetables), cooked",entrées et plats composés starters and dishes,100,g,18.8,5.12,4.3,140,ciqual-2025-11-03
ciqual,9100,"Riz blanc, cru",fr,"Rice, white, raw",produits céréaliers cereal products,100,g,77.5,7.38,0.79,350,ciqual-2025-11-03
ciqual,9101,"Riz blanc étuvé, cru",fr,"Rice, white, parboiled, raw",produits céréaliers cereal products,100,g,79.4,7.69,1.02,361,ciqual-2025-11-03
ciqual,9102,"Riz complet, cru",fr,"Rice, wholegrain, raw",produits céréaliers cereal products,100,g,71.4,7.38,2.8,350,ciqual-2025-11-03
ciqual,9103,"Riz complet, cuit, sans sel ajouté",fr,"Rice, wholegrain, cooked, no added salt",produits céréaliers cereal products,100,g,37.6,4.06,1.8,187,ciqual-2025-11-03
ciqual,9104,"Riz blanc, cuit, sans sel ajouté",fr,"Rice, white, cooked, no added salt",produits céréaliers cereal products,100,g,33.2,3.31,0.7,155,ciqual-2025-11-03
ciqual,9105,"Riz blanc étuvé, cuit, sans sel ajouté",fr,"Rice, white, parboiled, cooked, no added salt",produits céréaliers cereal products,100,g,31.7,3.1,0.56,146,ciqual-2025-11-03
ciqual,9108,"Riz sauvage, cru",fr,"Rice, wild, raw",produits céréaliers cereal products,100,g,69.2,11.7,0.94,344,ciqual-2025-11-03
ciqual,9109,"Riz rouge, cru",fr,"Rice, red, raw",produits céréaliers cereal products,100,g,70.6,8.38,3,352,ciqual-2025-11-03
ciqual,9110,"Riz rouge, cuit, sans sel ajouté",fr,"Rice, red, cooked, no added salt",produits céréaliers cereal products,100,g,28.2,3.63,0.69,141,ciqual-2025-11-03
ciqual,9111,"Riz sauvage, cuit, sans sel ajouté",fr,"Rice, wild, cooked, no added salt",produits céréaliers cereal products,100,g,19.7,3.99,0.34,102,ciqual-2025-11-03
ciqual,9113,"Riz semi-complet, cuit, sans sel ajouté",fr,"Rice, semi-wholegrain, cooked, no added salt",produits céréaliers cereal products,100,g,34.4,3.81,1,165,ciqual-2025-11-03
ciqual,9119,"Riz thaï ou basmati, cru",fr,"Rice, basmati, raw",produits céréaliers cereal products,100,g,78.4,7.44,0.63,351,ciqual-2025-11-03
ciqual,9121,"Riz, mélange de variétés (blanc, complet, rouge, sauvage, etc.), cru",fr,"Rice, mix of species (white, wholegrain, wild, red, etc.), raw",produits céréaliers cereal products,100,g,78.1,7.5,1,355,ciqual-2025-11-03
ciqual,9124,"Riz thaï, cuit, sans sel ajouté",fr,"Rice, Thai, cooked, no added salt",produits céréaliers cereal products,100,g,31.4,2.5,0.8,143,ciqual-2025-11-03
ciqual,9125,"Riz basmati, cuit, sans sel ajouté",fr,"Rice, basmati, cooked, no added salt",produits céréaliers cereal products,100,g,32.9,3.19,0.4,148,ciqual-2025-11-03
ciqual,9230,"Pop-corn ou maïs éclaté, à l'huile, salé",fr,"Pop-corn or popped maize, with oil, salted",produits céréaliers cereal products,100,g,50.2,8.3,24.6,477,ciqual-2025-11-03
ciqual,9231,"Pop-corn ou maïs éclaté, sans huile, non salé",fr,"Pop-corn or air-popped maize, without oil, unsalted",produits céréaliers cereal products,100,g,59.7,11,12.3,419,ciqual-2025-11-03
ciqual,9232,"Pop-corn ou maïs éclaté, au caramel",fr,"Pop-corn or popped maize, with caramel",produits céréaliers cereal products,100,g,73.2,6.53,9.83,421,ciqual-2025-11-03
ciqual,9310,"Avoine, crue",fr,"Oat, raw",produits céréaliers cereal products,100,g,55.7,18.1,6.9,378,ciqual-2025-11-03
ciqual,9313,Flocons d'avoine bouillis/cuits à l'eau,fr,"Oat flakes, boiled/cooked in water",produits céréaliers cereal products,100,g,10.3,2.72,1.52,69.1,ciqual-2025-11-03
ciqual,9320,"Orge complète, crue",fr,"Barley, wholegrain, raw",produits céréaliers cereal products,100,g,56.2,13.4,2.3,334,ciqual-2025-11-03
ciqual,9321,"Orge perlée, crue",fr,"Pearled barley, raw",produits céréaliers cereal products,100,g,68.6,10.6,1.16,346,ciqual-2025-11-03
ciqual,9322,"Orge perlée, bouilli/cuite à l'eau, sans sel ajouté",fr,"Pearled barley, boiled/cooked in water, no added salt",produits céréaliers cereal products,100,g,24.4,2.42,0.44,119,ciqual-2025-11-03
ciqual,9330,"Mil complet, cru",fr,"Millet, wholegrain, raw",produits céréaliers cereal products,100,g,64.3,11.8,4.22,360,ciqual-2025-11-03
ciqual,9331,"Mil, cuit, sans sel ajouté",fr,"Millet, cooked, no added salt",produits céréaliers cereal products,100,g,22.4,3.76,1,116,ciqual-2025-11-03
ciqual,9340,"Quinoa, cru",fr,"Quinoa, raw",produits céréaliers cereal products,100,g,58.1,14.1,6.07,358,ciqual-2025-11-03
ciqual,9341,"Quinoa, bouilli/cuit à l'eau, sans sel ajouté",fr,"Quinoa, boiled/cooked in water, no added salt",produits céréaliers cereal products,100,g,27.9,5,1.1,149,ciqual-2025-11-03
ciqual,9345,"Amarante, crue",fr,"Amaranth, raw",produits céréaliers cereal products,100,g,58.6,14.5,7.02,369,ciqual-2025-11-03
ciqual,9360,"Sorgho complet, cru",fr,"Sorghum, wholegrain, raw",produits céréaliers cereal products,100,g,65.4,10.6,3.46,349,ciqual-2025-11-03
ciqual,9380,"Sarrasin complet, cru",fr,"Buckwheat, wholegrain, raw",produits céréaliers cereal products,100,g,67.5,13.3,3.4,362,ciqual-2025-11-03
ciqual,9390,"Seigle complet, cru",fr,"Rye, wholegrain, raw",produits céréaliers cereal products,100,g,60.8,11.1,1.63,332,ciqual-2025-11-03
ciqual,9410,Farine de blé tendre ou froment T110,fr,"Wheat flour, type 110",produits céréaliers cereal products,100,g,68.6,10.3,1.5,343,ciqual-2025-11-03
ciqual,9415,Farine de blé tendre ou froment T150,fr,"Wheat flour, type 150",produits céréaliers cereal products,100,g,64.9,12.2,1.52,342,ciqual-2025-11-03
ciqual,9435,Farine de blé tendre ou froment T65,fr,"Wheat flour, type 65",produits céréaliers cereal products,100,g,71.5,11,1,346,ciqual-2025-11-03
ciqual,9436,Farine de blé tendre ou froment T55 (pour pains),fr,"Wheat flour, type 55 (for bread)",produits céréaliers cereal products,100,g,73.7,9.9,1,350,ciqual-2025-11-03
ciqual,9437,Farine de blé tendre ou froment avec levure incorporée,fr,"Wheat flour, self-raising",produits céréaliers cereal products,100,g,74,10,1,350,ciqual-2025-11-03
ciqual,9440,Farine de blé tendre ou froment T45 (pour pâtisserie),fr,"Wheat flour, type 45 (for pastry)",produits céréaliers cereal products,100,g,76.5,9.25,0.82,355,ciqual-2025-11-03
ciqual,9445,Farine de blé tendre ou froment T80,fr,"Wheat flour, type 80",produits céréaliers cereal products,100,g,73.2,10.9,1.18,355,ciqual-2025-11-03
ciqual,9480,Farine d'épeautre (grand épeautre),fr,Spelt flour,produits céréaliers cereal products,100,g,64,12.5,3,352,ciqual-2025-11-03
ciqual,9510,Amidon de maïs ou fécule de maïs,fr,Maize/corn starch,produits céréaliers cereal products,100,g,90.4,0.26,0.05,365,ciqual-2025-11-03
ciqual,9520,Farine de riz,fr,Rice flour,produits céréaliers cereal products,100,g,73.9,8,2.5,357,ciqual-2025-11-03
ciqual,9530,Farine de seigle T170,fr,"Rye flour, type 170",produits céréaliers cereal products,100,g,44.8,17.1,2.22,315,ciqual-2025-11-03
ciqual,9532,Farine de seigle T85,fr,"Rye flour, type 85",produits céréaliers cereal products,100,g,68.7,10.5,1.33,345,ciqual-2025-11-03
ciqual,9533,Farine de seigle T130,fr,"Rye flour, type 130",produits céréaliers cereal products,100,g,70.9,7.76,1.12,344,ciqual-2025-11-03
ciqual,9540,Farine de sarrasin,fr,Buckwheat flour,produits céréaliers cereal products,100,g,68.4,11.5,2.19,348,ciqual-2025-11-03
ciqual,9545,Farine de maïs,fr,Maize/corn flour,produits céréaliers cereal products,100,g,80.9,5.59,1.39,362,ciqual-2025-11-03
ciqual,9550,Farine d'orge,fr,Barley flour,produits céréaliers cereal products,100,g,64.4,11.3,1.6,337,ciqual-2025-11-03
ciqual,9555,Farine de millet,fr,Millet flour,produits céréaliers cereal products,100,g,63.2,10.2,4.1,350,ciqual-2025-11-03
ciqual,9570,Farine de châtaigne,fr,Chestnut flour,produits céréaliers cereal products,100,g,70.4,6.1,3.43,362,ciqual-2025-11-03
ciqual,9580,Farine de pois chiche,fr,Chick pea flour,produits céréaliers cereal products,100,g,47,22.4,6.69,359,ciqual-2025-11-03
ciqual,9610,"Semoule de blé dur, crue",fr,"Durum wheat semolina, raw",produits céréaliers cereal products,100,g,69.8,13,1.28,350,ciqual-2025-11-03
ciqual,9612,"Mélange de céréales et légumes secs, cru",fr,"Mix of cereals and pulses, raw",produits céréaliers cereal products,100,g,59,15,4,354,ciqual-2025-11-03
ciqual,9614,"Polenta ou semoule de maïs, précuite, à cuire",fr,"Polenta or maize/corn semolina, pre-cooked, raw",produits céréaliers cereal products,100,g,74,7.88,1.8,350,ciqual-2025-11-03
ciqual,9615,"Polenta ou semoule de maïs, cuite, sans sel ajouté",fr,"Polenta or maize/corn semolina, cooked, no added salt",produits céréaliers cereal products,100,g,16.9,1.38,0,76.1,ciqual-2025-11-03
ciqual,9621,Son de blé,fr,Wheat bran,aides culinaires et ingrédients divers miscellaneous,100,g,22.7,14.7,3.88,270,ciqual-2025-11-03
ciqual,9640,Son d'avoine,fr,Oat bran,aides culinaires et ingrédients divers miscellaneous,100,g,50.6,16.8,6.52,361,ciqual-2025-11-03
ciqual,9641,Son de maïs,fr,Maize/corn bran,aides culinaires et ingrédients divers miscellaneous,100,g,6.65,8.36,0.92,226,ciqual-2025-11-03
ciqual,9643,Son de riz,fr,Rice bran,aides culinaires et ingrédients divers miscellaneous,100,g,28,14,20.9,398,ciqual-2025-11-03
ciqual,9660,Germe de blé,fr,Wheat germ,aides culinaires et ingrédients divers miscellaneous,100,g,35.1,29.2,9.5,375,ciqual-2025-11-03
ciqual,96778,"Pâte à pizza, préemballée, cuite",fr,"Pizza dough, prepacked, cooked",produits céréaliers cereal products,100,g,54.6,8.5,7.1,321,ciqual-2025-11-03
ciqual,96781,Amidon de riz,fr,Rice starch,produits céréaliers cereal products,100,g,85,0.63,0,343,ciqual-2025-11-03
ciqual,9681,"Graine de couscous (semoule de blé dur précuite), à cuire",fr,"Couscous (pre-cooked durum wheat semolina), raw",produits céréaliers cereal products,100,g,72.7,13.5,1.32,366,ciqual-2025-11-03
ciqual,9683,"Semoule ou graine de couscous, cuite, sans sel ajouté",fr,"Couscous grain, cooked, no added salt",produits céréaliers cereal products,100,g,31,6.38,0.9,164,ciqual-2025-11-03
ciqual,9685,"Semoule ou graine de couscous complète, cuite, sans sel ajouté",fr,"Couscous grain, wholewheat, cooked, no added salt",produits céréaliers cereal products,100,g,26.8,4.69,1,142,ciqual-2025-11-03
ciqual,9686,"Semoule ou graine de couscous semi-complète, cuite, sans sel ajouté",fr,"Couscous grain, semi-wholewheat, cooked, no added salt",produits céréaliers cereal products,100,g,32.4,6.13,1,170,ciqual-2025-11-03
ciqual,9690,"Boulgour de blé, cru",fr,"Wheat, bulgur, raw",produits céréaliers cereal products,100,g,65.8,12.6,1.42,347,ciqual-2025-11-03
ciqual,9691,"Boulgour de blé, cuit, sans sel ajouté",fr,"Wheat bulgur, cooked, no added salt",produits céréaliers cereal products,100,g,24.1,4.63,1,131,ciqual-2025-11-03
ciqual,9810,"Pâtes sèches, standard, crues",fr,"Pasta, dry, regular, raw",produits céréaliers cereal products,100,g,72.7,13.1,1.6,364,ciqual-2025-11-03
ciqual,9811,"Pâtes sèches, standard, cuites, sans sel ajouté",fr,"Pasta, dry, regular, cooked, no added salt",produits céréaliers cereal products,100,g,31.4,6.69,1.1,167,ciqual-2025-11-03
ciqual,9815,"Pâtes fraîches, aux oeufs, crues",fr,"Pasta, fresh, with egg, raw",produits céréaliers cereal products,100,g,53.8,11.1,1.87,283,ciqual-2025-11-03
ciqual,9816,"Pâtes fraîches, aux oeufs, cuites, sans sel ajouté",fr,"Pasta, fresh, with egg, cooked, no added salt",produits céréaliers cereal products,100,g,32,6.31,1.3,168,ciqual-2025-11-03
ciqual,9821,"Pâtes sèches, aux oeufs, crues",fr,"Pasta, dry, with egg, raw",produits céréaliers cereal products,100,g,68,15.2,4.72,381,ciqual-2025-11-03
ciqual,9822,"Pâtes sèches, aux oeufs, cuites, sans sel ajouté",fr,"Pasta, dry, with egg, cooked, no added salt",produits céréaliers cereal products,100,g,23,4.94,2,134,ciqual-2025-11-03
ciqual,9824,"Pâtes sèches, sans gluten, cuites, sans sel ajouté",fr,"Pasta, dry, gluten-free, cooked, no added salt",produits céréaliers cereal products,100,g,34.4,3.25,1.1,163,ciqual-2025-11-03
ciqual,9863,"Pâtes ou nouilles asiatiques sèches, au blé et aux oeufs, nature, crues",fr,"Asian noodles, dry, with wheat and egg, plain, raw",produits céréaliers cereal products,100,g,71,13,3,371,ciqual-2025-11-03
ciqual,9870,"Pâtes sèches, au blé complet, crues",fr,"Pasta, dry, wholewheat, raw",produits céréaliers cereal products,100,g,67.6,12.6,2.2,353,ciqual-2025-11-03
ciqual,9871,"Pâtes sèches, au blé complet, cuites, sans sel ajouté",fr,"Pasta, dry, wholewheat, cooked, no added salt",produits céréaliers cereal products,100,g,31.3,7.88,1.4,179,ciqual-2025-11-03
ciqual,9874,"Pâtes sèches, sans gluten, crues",fr,"Pasta, dry, gluten-free, raw",produits céréaliers cereal products,100,g,79,6.5,1.5,358,ciqual-2025-11-03
ciqual,9875,"Pâtes sèches, sans gluten (à base de riz et maïs), cuites, sans sel ajouté",fr,"Pasta, dry, gluten-free (from rice and corn), cooked, no added salt",produits céréaliers cereal products,100,g,36.6,3.38,0.8,170,ciqual-2025-11-03
ciqual,9876,"Pâtes sèches, sans gluten (à base de lentilles corail), cuites, sans sel ajouté",fr,"Pasta, dry, gluten-free (from red lentils), cooked, no added salt",produits céréaliers cereal products,100,g,25.1,12.6,0.8,168,ciqual-2025-11-03
ciqual,9877,"Pâtes sèches, semi-complètes, cuites, sans sel ajouté",fr,"Pasta, dry, semi-wholewheat, cooked, no added salt",produits céréaliers cereal products,100,g,31.8,6.13,1.2,173,ciqual-2025-11-03
ciqual,9900,"Vermicelles de riz sèches, crues",fr,"Rice vermicelli, dry, raw",produits céréaliers cereal products,100,g,80.5,7.81,1,365,ciqual-2025-11-03
ciqual,9901,"Vermicelle de riz, cuite, sans sel ajouté",fr,"Rice vermicelli, dry, cooked, no added salt",produits céréaliers cereal products,100,g,20.1,1.5,0,86.6,ciqual-2025-11-03
ciqual,9902,"Vermicelles de soja sèches, crues",fr,"Soy vermicelli, dry, raw",produits céréaliers cereal products,100,g,84.7,0.31,0.14,343,ciqual-2025-11-03
ciqual,9903,"Vermicelle de soja, cuite, sans sel ajouté",fr,"Soy vermicelli, dry, cooked, no added salt",produits céréaliers cereal products,100,g,14.4,0.31,0.1,60,ciqual-2025-11-03
