source,external_id,name,name_lang,name_en,synonyms,serving_amount,serving_unit,carbs_g,protein_g,fats_g,kcal,dataset_version
cofid,11-001,Arrowroot,en,,2 samples from different shops AA,100,g,94,0.4,0.1,355,cofid-2021
cofid,11-002,"Barley, pearl, raw",en,,2 samples from different shops; literature sources AA,100,g,83.6,7.9,1.7,360,cofid-2021
cofid,11-003,"Barley, pearl, boiled",en,,"2 samples from different shops, boiled in water AA",100,g,27.6,2.7,0.6,120,cofid-2021
cofid,11-006,"Buckwheat, groats",en,,Literature sources AA,100,g,84.9,8.1,1.5,364,cofid-2021
cofid,11-011,"Cornmeal, sifted",en,,Analytical and literature sources AA,100,g,73.1,9.4,3.3,368,cofid-2021
cofid,11-016,"Flour, millet, foxtail",en,,Literature sources AA,100,g,75.4,5.8,1.7,354,cofid-2021
cofid,11-021,"Flour, rice",en,,Literature sources AA,100,g,80.1,6.4,0.8,366,cofid-2021
cofid,11-023,"Sago, raw",en,,2 samples from different shops AA,100,g,94,0.2,0.2,355,cofid-2021
cofid,11-027,"Tapioca, raw",en,,"4 varieties, medium pearl, seed pearl, coarse and flake AA",100,g,95,0.4,0.1,359,cofid-2021
cofid,11-1000,"Stuffing, sage and onion, homemade",en,,Recipe AT,100,g,29.4,5.6,13.3,253,cofid-2021
cofid,11-1001,"Bread, white, toasted",en,,15 samples. Calculated using weight loss of 18% AF,100,g,56.2,9.7,2,267,cofid-2021
cofid,11-1003,"Bread, white, 'with added fibre'",en,,"Including Hovis Best of Both, Kingsmill 50/50 and Warburtons Half & Half Toastie AF",100,g,45.1,8.7,2.2,224,cofid-2021
cofid,11-1004,"Bread, white, 'with added fibre', toasted",en,,Calculated using weight loss of 16% AF,100,g,53.7,10.4,2.6,266,cofid-2021
cofid,11-1005,"Cake, fruit, rich, homemade",en,,Recipe AN,100,g,61.5,4,11.1,349,cofid-2021
cofid,11-1006,"Bread rolls, white, soft",en,,10 samples AF,100,g,51.5,9.3,2.6,254,cofid-2021
cofid,11-1007,"Pie, fruit, one crust, homemade",en,,"Recipe. Apple, gooseberry, plum, rhubarb AS",100,g,26.7,2.1,9.1,190,cofid-2021
cofid,11-1008,"Pie, fruit, pastry top and bottom, homemade",en,,"Recipe. Apple, gooseberry, plum, rhubarb. Ref. Wiles et al. (1980) AS",100,g,30.4,3.1,15.1,262,cofid-2021
cofid,11-1009,"Currant buns, retail",en,,"9 samples, 5 supermarkets, 3 bakeries AF",100,g,52.6,8,5.6,280,cofid-2021
cofid,11-1010,"Pastry, wholemeal, uncooked, homemade",en,,Recipe. Ref. Wiles et al. (1980) AO,100,g,42.3,7.2,25.9,421,cofid-2021
cofid,11-1011,"Pizza, fish topped, takeaway",en,,"18 samples, 8 brands, prawn and tuna toppings, includes thin base and deep pan AE",100,g,28,13.3,7.5,226,cofid-2021
cofid,11-1012,"Pizza, chicken topped, retail",en,,"9 samples, 4 brands, includes thin base and deep pan, chilled AE",100,g,31.3,13.4,8.3,246,cofid-2021
cofid,11-1013,"Pizza, ham and pineapple, retail",en,,"10 samples, 5 brands, includes thin base and deep pan AE",100,g,34.4,13.5,8.6,260,cofid-2021
cofid,11-1014,"Pizza, vegetarian, retail and takeaway",en,,"30 samples, 7 brands, includes chilled and takeaway, thin base and deep pan AE",100,g,29.6,10.8,6.9,216,cofid-2021
cofid,11-1015,"Pizza, meat topped, retail and takeaway",en,,"39 samples including pepperoni, spicy beef, spicy pork. Includes frozen, chilled and takeaway, thin base and deep pan AE",100,g,29.1,13.2,10.3,255,cofid-2021
cofid,11-1016,"Pizza base, raw",en,,"Average of ambient and chilled, 12 brands AE",100,g,57.5,7.8,4.8,290,cofid-2021
cofid,11-1017,"Pastry, shortcrust, uncooked, homemade",en,,Recipe AO,100,g,48.8,5.7,25.5,435,cofid-2021
cofid,11-1019,"Breakfast cereal, multigrain hoops, fortified",en,,Including Cheerios and own brands AI,100,g,80.7,7.9,3.8,368,cofid-2021
cofid,11-1020,"Crumble, fruit, retail",en,,"10 samples, including apple, apple and blackberry and rhubarb. Frozen and chilled AS",100,g,36,2.4,8.3,219,cofid-2021
cofid,11-1021,"Pudding, sponge, canned",en,,10 assorted samples of the same brand AS,100,g,45.4,3.1,9.1,265,cofid-2021
cofid,11-1022,"Pudding, Christmas, retail",en,,"10 samples, 4 brands AS",100,g,56.3,3,6.9,285,cofid-2021
cofid,11-1023,"Prawn crackers, takeaway",en,,10 samples from different outlets AT,100,g,58.2,0.3,39,570,cofid-2021
cofid,11-1024,"Pie, apple, one crust, homemade",en,,Recipe AS,100,g,29,1.8,9.2,198,cofid-2021
cofid,11-1025,"Pie, apple, pastry top and bottom, homemade",en,,Recipe AS,100,g,32.1,2.9,15.2,268,cofid-2021
cofid,11-1026,"Pie, apple, wholemeal, one crust, homemade",en,,Recipe AS,100,g,29.9,2.3,7.7,190,cofid-2021
cofid,11-1027,"Pie, apple, wholemeal, pastry top and bottom, homemade",en,,Recipe AS,100,g,33.6,3.6,12.7,254,cofid-2021
cofid,11-1028,"Tart, bakewell, homemade",en,,Recipe AS,100,g,40.8,6.9,30.4,454,cofid-2021
cofid,11-1029,"Banana bread, homemade",en,,Recipe AN,100,g,53.9,4.4,12.4,331,cofid-2021
cofid,11-1030,"Bannocks, made with beremeal, homemade",en,,Recipe AF,100,g,56.8,9.3,1.7,266,cofid-2021
cofid,11-1032,"Biscuits, plain, homemade",en,,Recipe AM,100,g,66,6.2,22.1,471,cofid-2021
cofid,11-1034,"Biscuits, wholemeal, homemade",en,,Recipe AM,100,g,66.6,12.7,7.5,369,cofid-2021
cofid,11-1035,"Biscuits, melting moments, homemade",en,,Recipe AM,100,g,57.8,3.4,37.1,564,cofid-2021
cofid,11-1036,"Brandy snaps, homemade",en,,Recipe AM,100,g,72.1,2.8,22.5,489,cofid-2021
cofid,11-1037,"Pudding, bread and butter, homemade",en,,Recipe AS,100,g,17,6.3,5.3,137,cofid-2021
cofid,11-1038,"Bread pudding, homemade",en,,Recipe AS,100,g,48,5.9,7.7,289,cofid-2021
cofid,11-1041,"Cake, carrot, with topping, homemade",en,,"Recipe, with topping AN",100,g,37.7,4,21.1,346,cofid-2021
cofid,11-1043,"Chelsea buns, homemade",en,,Recipe. Ref. Wiles et al. (1980) AP,100,g,57.8,7.8,12.5,361,cofid-2021
cofid,11-1044,"Cake, cherry, homemade",en,,Recipe AN,100,g,66.5,5,14.4,398,cofid-2021
cofid,11-1045,"Flour, corn",en,,"6 samples, 5 products AA",100,g,92,0.6,0.7,354,cofid-2021
cofid,11-1046,"Cake, chocolate, not filled, homemade",en,,Recipe AN,100,g,51.3,7.3,24.1,438,cofid-2021
cofid,11-1047,"Cake, chocolate, with butter icing, homemade",en,,Recipe AN,100,g,53.8,5.8,25.2,452,cofid-2021
cofid,11-1048,"Pastry, choux, uncooked, homemade",en,,Recipe AO,100,g,20.2,5.5,11.8,203,cofid-2021
cofid,11-1049,"Pastry, choux, cooked, homemade",en,,Recipe AO,100,g,31.1,8.4,18.1,313,cofid-2021
cofid,11-1050,"Choux buns, homemade",en,,Recipe AP,100,g,17.9,5.3,34.1,395,cofid-2021
cofid,11-1051,"Pudding, Christmas, homemade",en,,Recipe AS,100,g,54.6,5,9.8,316,cofid-2021
cofid,11-1052,"Pastry, shortcrust, cooked, homemade",en,,Recipe AO,100,g,57.1,6.6,29.9,509,cofid-2021
cofid,11-1053,"Cake, coconut, homemade",en,,Recipe AN,100,g,52.6,6.7,22.1,423,cofid-2021
cofid,11-1055,"Crumble, apple, homemade",en,,Recipe AS,100,g,35,1.7,6.4,201,cofid-2021
cofid,11-1056,"Crumble, fruit, homemade",en,,"Recipe, apple, plum, gooseberry, rhubarb, homemade AS",100,g,34.5,2,6.4,195,cofid-2021
cofid,11-1057,"Crumble, with pie filling, homemade",en,,Recipe AS,100,g,37.2,1.9,6.6,207,cofid-2021
cofid,11-1058,"Tart, custard, large, homemade",en,,Recipe AP,100,g,25.2,5.8,17.4,275,cofid-2021
cofid,11-1060,"Biscuits, oat based, chocolate, half coated",en,,Recipe AM,100,g,63.9,6.6,24.9,489,cofid-2021
cofid,11-1064,"Pastries, chocolate eclairs, fresh, homemade",en,,Recipe AP,100,g,38,4.1,24.7,381,cofid-2021
cofid,11-1065,"Pudding, Eve's pudding, homemade",en,,Recipe using apples only AS,100,g,31.4,3.3,13.4,252,cofid-2021
cofid,11-1066,"Flan case, pastry, homemade",en,,Recipe AS,100,g,58.9,7,30.9,527,cofid-2021
cofid,11-1067,"Flan case, sponge, homemade",en,,Recipe AS,100,g,54.4,9.6,5.6,293,cofid-2021
cofid,11-1069,"Flan, pastry, with fruit, homemade",en,,"Recipe. Apple and tinned gooseberry, plum, rhubarb AS",100,g,18.3,1.2,3.5,105,cofid-2021
cofid,11-1070,"Flan, sponge, with fruit, homemade",en,,"Recipe. Apple and tinned gooseberry, plum, rhubarb AS",100,g,21.5,2.3,1.2,101,cofid-2021
cofid,11-1071,"Flapjacks, homemade",en,,Recipe AM,100,g,61.6,4.4,24,464,cofid-2021
cofid,11-1072,"Cake, fruit, wholemeal, homemade",en,,Recipe AN,100,g,52.4,5.8,14.1,366,cofid-2021
cofid,11-1073,"Pie, fruit, pastry top and bottom, blackcurrant, homemade",en,,Recipe. Ref. Wiles et al. (1980) AS,100,g,31,3.2,15.1,264,cofid-2021
cofid,11-1074,"Pie, fruit, wholemeal, pastry top and bottom, blackcurrant, homemade",en,,Recipe AS,100,g,32.5,3.9,12.5,250,cofid-2021
cofid,11-1075,"Pie, fruit, wholemeal, one crust, homemade",en,,"Recipe. Ref. Wiles et al. (1980). Apple, gooseberry, plum, rhubarb AS",100,g,27.6,2.5,7.6,182,cofid-2021
cofid,11-1076,"Pie, fruit, wholemeal, pastry top and bottom, homemade",en,,"Recipe. Ref. Wiles et al. (1980). Apple, gooseberry, plum, rhubarb AS",100,g,30,4,13.9,253,cofid-2021
cofid,11-1077,"Pie, fruit, wholemeal, with pie filling, homemade",en,,Recipe AS,100,g,32.7,4,13.6,261,cofid-2021
cofid,11-1078,"Pie, fruit, with pie filling, homemade",en,,recipe AS,100,g,31.1,3.2,16.4,277,cofid-2021
cofid,11-1079,"Gingerbread, homemade",en,,Recipe AN,100,g,65.9,5.6,11.3,371,cofid-2021
cofid,11-1081,"Gulab jamen/jambu, homemade",en,,Recipe AP,100,g,49.9,6.5,6.6,273,cofid-2021
cofid,11-1083,"Gulab jamen/jambu, retail",en,,Recipe AP,100,g,43.3,7.2,12.8,306,cofid-2021
cofid,11-1084,"Hot cross buns, homemade",en,,Recipe AP,100,g,58.3,7.3,5.8,312,cofid-2021
cofid,11-1085,"Tarts, jam, homemade",en,,Recipe AP,100,g,58,3.4,16.8,382,cofid-2021
cofid,11-1086,"Tarts, jam, wholemeal, homemade",en,,Recipe AP,100,g,59.6,4.2,14,366,cofid-2021
cofid,11-1088,"Jellabi, homemade",en,,Recipe AP,100,g,57.5,4.2,14.9,369,cofid-2021
cofid,11-1090,"Cake, lardy, homemade",en,,Recipe AN,100,g,53.7,6.7,15.7,369,cofid-2021
cofid,11-1091,"Milk bread, homemade",en,,Recipe AF,100,g,50.8,8.8,7,289,cofid-2021
cofid,11-1092,"Mince pies, homemade, individual",en,,Recipe AP,100,g,55.5,4.2,23.5,436,cofid-2021
cofid,11-1093,"Tart, mincemeat, one crust, homemade",en,,Recipe AP,100,g,56.4,3.1,17.9,385,cofid-2021
cofid,11-1094,"Muffins, American style, chocolate chip, homemade",en,,Recipe AN,100,g,53.6,6.3,17.5,384,cofid-2021
cofid,11-1095,"Muffins, bran, homemade",en,,Recipe AP,100,g,44.5,8.2,7,263,cofid-2021
cofid,11-1096,"Noodles, egg, fried with spring onions, homemade",en,,Recipe AD,100,g,30.5,5,12.2,244,cofid-2021
cofid,11-1097,"Pudding, Queen of Puddings, homemade",en,,Recipe AS,100,g,34.2,5,7.6,195,cofid-2021
cofid,11-1100,"Oatcakes, homemade",en,,Recipe AM,100,g,61.4,9.5,15.9,411,cofid-2021
cofid,11-1101,"Pakoras, homemade",en,,Recipe AT,100,g,19.7,8.1,8.1,173,cofid-2021
cofid,11-1102,"Pancakes, savoury, made with skimmed milk, homemade",en,,Recipe AT,100,g,26.7,6.9,7.3,193,cofid-2021
cofid,11-1103,"Pancakes, savoury, wholemeal, made with whole milk, homemade",en,,Recipe AT,100,g,23.4,7.6,10.1,209,cofid-2021
cofid,11-1104,"Paratha, homemade",en,,Recipe AF,100,g,45.8,7.8,14.4,333,cofid-2021
cofid,11-1105,"Pinni, homemade",en,,"Asian Sweetmeat, Recipe AP",100,g,59.5,5.4,31.4,527,cofid-2021
cofid,11-1106,"Porridge, made with milk and water",en,,Recipe AI,100,g,11.2,3.1,1.9,72,cofid-2021
cofid,11-1107,"Porridge, made with water",en,,Recipe. Ref. Wiles et al. (1980) AI,100,g,8.8,1.4,1,47,cofid-2021
cofid,11-1108,"Porridge, made with whole milk",en,,Recipe AI,100,g,13.3,4.9,4.7,112,cofid-2021
cofid,11-1109,"Rock cakes, homemade",en,,Recipe AN,100,g,61.8,5.3,14.8,386,cofid-2021
cofid,11-1111,"Rum baba, homemade",en,,Recipe AP,100,g,33.1,3.7,7.7,222,cofid-2021
cofid,11-1112,"Scones, cheese, homemade",en,,Recipe AP,100,g,45.3,10.1,16.4,358,cofid-2021
cofid,11-1113,"Scones, potato, homemade",en,,Recipe AP,100,g,36.8,4.8,13.6,279,cofid-2021
cofid,11-1114,"Scones, wholemeal, homemade",en,,Recipe. Ref. Wiles et al. (1980) AP,100,g,46.6,8.2,12.3,319,cofid-2021
cofid,11-1115,"Scones, fruit, wholemeal, homemade",en,,Recipe AP,100,g,50.8,7.7,11.1,322,cofid-2021
cofid,11-1116,"Scotch pancakes, homemade",en,,Recipe AP,100,g,41.1,6.6,9.8,270,cofid-2021
cofid,11-1117,"Bread, soda, made with white flour, homemade",en,,Recipe AF,100,g,57.3,7.6,1.6,261,cofid-2021
cofid,11-1118,"Cake, sponge, with butter icing, homemade",en,,Recipe AN,100,g,56.2,4.5,27.3,476,cofid-2021
cofid,11-1119,"Pudding, sponge, homemade",en,,Recipe AS,100,g,46.2,5.7,14.6,327,cofid-2021
cofid,11-1120,"Pudding, sponge, with dried fruit, homemade",en,,Recipe AS,100,g,50.5,5.5,13.4,332,cofid-2021
cofid,11-1121,"Pudding, sponge, with jam or treacle, homemade",en,,Recipe AS,100,g,51.1,5.3,13.3,333,cofid-2021
cofid,11-1122,"Pudding, spotted dick, homemade",en,,Recipe AS,100,g,48.3,4.5,16.1,344,cofid-2021
cofid,11-1123,"Tartlets, strawberry, homemade",en,,Recipe AP,100,g,27.2,2.4,10.1,202,cofid-2021
cofid,11-1124,"Pudding, suet, homemade",en,,Recipe AS,100,g,46.4,4.8,17.6,352,cofid-2021
cofid,11-1125,"Cake, Swiss roll, homemade",en,,Recipe AN,100,g,58.4,7.4,4.2,286,cofid-2021
cofid,11-1126,"Treacle tart, homemade",en,,Recipe AS,100,g,59.2,3.8,15.9,380,cofid-2021
cofid,11-1127,"Brownies, chocolate, homemade",en,,Recipe AN,100,g,54.3,6.2,30.8,506,cofid-2021
cofid,11-1128,"Flapjacks, retail, chocolate covered",en,,Recipe AM,100,g,55.7,5.3,23.5,441,cofid-2021
cofid,11-1129,"Pasta, white, dried, boiled in unsalted water",en,,"Including pasta tubes, shells, bows and macaroni. Calculated from pasta, white, dried, raw using 106.3% weight gain AD",100,g,37.2,5.5,0.8,169,cofid-2021
cofid,11-1130,"Waffles, homemade",en,,Recipe AP,100,g,43,9,15.3,335,cofid-2021
cofid,11-1131,"Welsh cakes, homemade",en,,Recipe AN,100,g,61.9,5.5,17.8,432,cofid-2021
cofid,11-1132,"Welsh cheesecakes, homemade",en,,Recipe AP,100,g,49.2,5.3,23.8,420,cofid-2021
cofid,11-1134,"Crackers, wholemeal, homemade",en,,Recipe AM,100,g,76.7,9.8,10.5,421,cofid-2021
cofid,11-1135,"Yorkshire pudding, made with skimmed milk, homemade",en,,Recipe AT,100,g,25.9,6.8,7.4,190,cofid-2021
cofid,11-1136,"Bread, brown, toasted",en,,"11 samples, 8 brands. Calculated using 22% weight loss AF",100,g,54,10.1,2.6,266,cofid-2021
cofid,11-1137,"Bread, white, sliced, fried in rapeseed oil",en,,Calculated on white sliced bread using analysed fat and water changes AF,100,g,46.8,8.1,32.2,498,cofid-2021
cofid,11-1138,Custard powder,en,,"Taken as cornflour (11-1045) except Na, Cl and Cu AA",100,g,92,0.6,0.7,354,cofid-2021
cofid,11-1139,"Pastry, flaky, cooked, homemade",en,,Recipe AO,100,g,48.3,5.7,37.4,540,cofid-2021
cofid,11-1140,"Pastry, flaky, uncooked, homemade",en,,Recipe AO,100,g,36.6,4.3,28.3,409,cofid-2021
cofid,11-1141,"Pancakes, sweet, made with skimmed milk, homemade",en,,Recipe AS,100,g,37.9,6.3,7.4,234,cofid-2021
cofid,11-1142,"Pancakes, sweet, made with whole milk, homemade",en,,Recipe AS,100,g,37.8,6.3,9.7,254,cofid-2021
cofid,11-1143,"Pancakes, sweet, made with semi skimmed milk, homemade",en,,Recipe AS,100,g,37.9,6.3,7.4,234,cofid-2021
cofid,11-1144,"Bread rolls, brown, crusty",en,,"12 samples of 6 rolls, different shops AF",100,g,50.4,10.3,2.8,255,cofid-2021
cofid,11-1145,"Bread, white, average",en,,Average of 5 main types of white bread AF,100,g,48.7,8.7,2.1,236,cofid-2021
cofid,11-1146,"Yorkshire pudding, made with whole milk",en,,Recipe AT,100,g,25.8,6.7,9.8,211,cofid-2021
cofid,11-230,"Pastries, Asian",en,,"5 samples, assorted sata pastries AP",100,g,43,6.3,39.1,538,cofid-2021
cofid,11-444,"Rice, egg fried, takeaway",en,,10 samples from different outlets AC,100,g,33.3,4.3,4.9,186,cofid-2021
cofid,11-450,"Pasta, plain, fresh, boiled",en,,"12 Samples, 8 brands including spaghetti, tagliatelle, lasagne, linguine and fusilli AD",100,g,31.8,6.6,1.5,159,cofid-2021
cofid,11-459,"Chapatis, made without fat",en,,Analysed and calculated values AF,100,g,43.7,7.3,1,202,cofid-2021
cofid,11-462,"Bread, malt, fruited",en,,"6 samples, 3 brands AF",100,g,64.9,7.8,2.3,295,cofid-2021
cofid,11-526,"Gateau, chocolate based, frozen",en,,"11 samples, including Black Forest gateau. AN",100,g,37.2,3.5,15.7,295,cofid-2021
cofid,11-527,"Cake, chocolate fudge",en,,"12 samples, 6 brands. Mixture of fresh and frozen AN",100,g,55.7,5.2,14.3,358,cofid-2021
cofid,11-530,"Gateau, fruit, frozen",en,,"10 samples; fruit and cream sponge including strawberry, orange and lemon and tropical fruit AN",100,g,33.3,3.2,12.3,248,cofid-2021
cofid,11-532,"Cake, sponge, with dairy cream and jam, frozen",en,,"10 samples, 8 brands AN",100,g,43.9,4.3,10.9,280,cofid-2021
cofid,11-541,"Muffins, English style, white",en,,10 samples AP,100,g,44.2,10,1.9,223,cofid-2021
cofid,11-542,"Muffins, English style, white, toasted",en,,Calculated using a weight loss of 12.6% AP,100,g,51,11.3,2.7,261,cofid-2021
cofid,11-544,"Scotch pancakes, retail",en,,"6 samples, 4 brands AP",100,g,43,5.6,9.6,270,cofid-2021
cofid,11-548,"Pie, lemon meringue, retail",en,,"8 samples, 4 brands. Fresh and frozen AS",100,g,43.5,2.9,8.5,251,cofid-2021
cofid,11-715,"Pasta, egg, white, dried, raw",en,,"10 samples, including farfalle, spaghetti, penne, lasagne, tagliatelle AD",100,g,74.8,12.9,3.6,365,cofid-2021
cofid,11-716,"Pasta, white, dried, raw",en,,"12 samples, including penne, fusilli, conchiglie, tagliatelle, spaghetti AD",100,g,75.6,11.3,1.6,343,cofid-2021
cofid,11-717,"Pasta shapes, coloured, flavoured, dried, raw",en,,"10 samples, including spirali, farfalle, fusilli, penne, pennette AD",100,g,75.4,11,1.6,341,cofid-2021
cofid,11-718,"Pasta, wholewheat, spaghetti, dried, raw",en,,"10 samples, 9 products AD",100,g,68.3,12.6,2.5,329,cofid-2021
cofid,11-719,"Noodles, egg, dried, raw",en,,"10 samples, 6 products. Fine, medium and thick noodles AD",100,g,72.6,12,2,338,cofid-2021
cofid,11-720,"Pasta, white,  twists, fusilli, dried, boiled in unsalted water",en,,"10 samples, 8 products AD",100,g,32.9,4.8,0.4,146,cofid-2021
cofid,11-721,"Pasta, white, twists, fusilli, dried, boiled in salted water",en,,"10 samples, 8 products AD",100,g,32.9,5,0.7,150,cofid-2021
cofid,11-722,"Pasta, white, spaghetti, dried, boiled in unsalted water",en,,"10 samples, 10 products AD",100,g,31.5,4.4,0.6,141,cofid-2021
cofid,11-723,"Pasta, wholewheat, spaghetti, dried, boiled in unsalted water",en,,"10 samples, 9 products AD",100,g,27.5,5.2,1.1,134,cofid-2021
cofid,11-724,"Noodles, egg, medium, dried, boiled in unsalted water",en,,"6 samples, 2 products AD",100,g,35.7,5.8,1,166,cofid-2021
cofid,11-725,"Noodles, rice, fine, dried, boiled in unsalted water",en,,"8 samples, 3 products AD",100,g,21.3,1.9,0.2,89,cofid-2021
cofid,11-726,"Pasta, egg, fresh, raw",en,,"10 samples, 10 products, including tagliatelle, penne, conchiglie, spaghetti, fusilli AD",100,g,57,10.6,2.9,282,cofid-2021
cofid,11-727,"Pasta, egg, white, tagliatelle, fresh, boiled in unsalted water",en,,"10 samples, 6 products AD",100,g,30.6,5.8,1.6,152,cofid-2021
cofid,11-728,"Pasta, egg, fresh, filled with cheese only, boiled in unsalted water",en,,"10 samples, 5 products, including tortelloni, torellini and ravioli AD",100,g,30.2,10.5,6.7,216,cofid-2021
cofid,11-729,"Pasta, egg, fresh, filled with cheese and tomato, boiled in unsalted water",en,,"10 samples, 7 products, including tortelloni and ravioli AD",100,g,28.1,8.7,5.9,193,cofid-2021
cofid,11-730,"Pasta, egg, fresh, filled with mushrooms, boiled in unsalted water",en,,"10 samples, 8 products, including ravioli, fagottini, tortellini AD",100,g,27.1,8.1,4.3,173,cofid-2021
cofid,11-731,"Pasta, egg, fresh, filled with green vegetables/herbs and cheese, boiled in unsalted water",en,,"10 samples, 9 products, including tortellini and ravioli AD",100,g,28.7,8.7,5.8,195,cofid-2021
cofid,11-732,"Pasta, egg, fresh, filled with meat, boiled in unsalted water",en,,"10 samples, 9 products, including tortellini and cappelletti and chicken, ham, beef and bacon fillings AD",100,g,31.3,10.1,4.7,200,cofid-2021
cofid,11-734,"Pasta and sauce mixes, dried, raw",en,,"10 samples, 10 products, pasta with sauce including cheese, meat and vegetables AD",100,g,70,12.8,4.9,358,cofid-2021
cofid,11-735,"Pasta, spaghetti, canned, in tomato sauce",en,,"10 samples, 9 products AD",100,g,16.2,2.1,0.3,72,cofid-2021
cofid,11-736,"Pasta, ravioli, meat filling, canned in tomato sauce",en,,"8 samples, 7 products AD",100,g,14.8,2.3,1.4,77,cofid-2021
cofid,11-737,"Muffins, American, chocolate, retail",en,,"10 samples, 9 products AN",100,g,49.5,5.5,25.4,436,cofid-2021
cofid,11-738,"Muffins, American, not chocolate, retail",en,,"10 samples, 10 products, including blueberry, cherry, toffee AN",100,g,47.8,5,19.5,375,cofid-2021
cofid,11-739,Jaffa cakes,en,,"10 samples, 6 products, including McVities, Lyons and own brands AM",100,g,69.3,4.4,8.5,354,cofid-2021
cofid,11-740,"Cake bars, chocolate",en,,"10 samples, 10 products, including chocolate chip, Galaxy, Milky Way, Penguin and Crunchie AN",100,g,57.5,5,21.6,430,cofid-2021
cofid,11-742,"Breakfast cereal, cornflakes, fortified",en,,"15 samples, 9 products, including Kellogg's and other / own brands AI",100,g,90.9,7.1,0.8,376,cofid-2021
cofid,11-745,"Breakfast cereal, cornflakes, unfortified",en,,"7 samples, 4 products, organic AI",100,g,91.4,7.1,0.8,378,cofid-2021
cofid,11-746,"Breakfast cereal, cornflakes, crunchy / honey nut coated, fortified",en,,"10 samples, 7 products, including Crunchy Nut Corn Flakes and own label AI",100,g,86.6,5.3,4.2,384,cofid-2021
cofid,11-749,"Breakfast cereal, cornflakes, frosted, fortified",en,,"10 samples, 8 products, including Frosties and own brand AI",100,g,87,4.7,0.5,350,cofid-2021
cofid,11-750,"Breakfast cereal, rice, toasted/crisp, fortified",en,,"13 samples, 6 products, including Rice Krispies and own brand AI",100,g,91.2,5.7,1,374,cofid-2021
cofid,11-753,"Breakfast cereal, rice, chocolate flavoured, fortified",en,,"10 samples, 5 products, including Coco Pops and own brand AI",100,g,89.6,4.6,2.3,375,cofid-2021
cofid,11-754,"Breakfast cereal, Ricicles, Kellogg's",en,,"6 samples, 1 product AI",100,g,95.4,3.8,0.4,377,cofid-2021
cofid,11-755,"Breakfast cereal, honey loops and hoops, including Honey and Nut Cheerios, fortified",en,,"8 samples, 5 products, including Honey Loops and own brands. Based on Honey Nut Cheerios and products containing nuts AI",100,g,78.7,6.6,3.1,349,cofid-2021
cofid,11-756,"Breakfast cereal, puffed wheat, unfortified",en,,"10 samples, 3 products, including Quaker Puffed Wheat and own brands AI",100,g,72,13.2,2,341,cofid-2021
cofid,11-757,"Breakfast cereal, puffed wheat, honey coated, fortified",en,,"16 samples, 8 products, including Sugar Puffs and own brand AI",100,g,86.8,4.7,1.2,355,cofid-2021
cofid,11-760,"Breakfast cereal, malted flake, fortified",en,,"9 samples, 6 products, including Special K and own brand AI",100,g,83.4,11.8,1.4,373,cofid-2021
cofid,11-761,"Breakfast cereal, malted wheat, fortified",en,,"8 samples, 5 products, including Shreddies and own brand AI",100,g,75.7,8.7,2.3,339,cofid-2021
cofid,11-762,"Breakfast cereal, wheat and multigrain, chocolate flavoured, fortified",en,,"10 samples, 4 products, including Weetos, Nesquick, Coco Shreddies and own brands AI",100,g,83.2,6.5,4.1,375,cofid-2021
cofid,11-763,"Breakfast cereal, bran flakes, fortified",en,,"15 samples, 8 products, including Kellogg's and own brands AI",100,g,73.3,9.6,2.2,333,cofid-2021
cofid,11-767,"Breakfast cereal, bran type cereal, fortified",en,,"15 samples, 9 products, including All-Bran and own brand AI",100,g,49.7,12.4,3.4,267,cofid-2021
cofid,11-773,"Breakfast cereal, wheat biscuits, Weetabix type, fortified",en,,"10 samples, 6 products, including Weetabix and own brands AI",100,g,72.7,10.5,1.9,332,cofid-2021
cofid,11-774,"Breakfast cereal, wheat biscuits, Weetabix type, unfortified",en,,"6 samples, 3 products, organic and value products AI",100,g,72.7,10.5,1.9,332,cofid-2021
cofid,11-775,"Breakfast cereal, shredded wheat type, unfortified",en,,"10 samples, 4 products, including Shredded Wheat and bitesize and own brand AI",100,g,71.2,10.9,2.5,333,cofid-2021
cofid,11-777,"Breakfast cereal, shredded wheat type with fruit, unfortified",en,,"6 samples, 3 products, including Raisin Wheats and own brand apricot wheats AI",100,g,74,8.4,1.7,326,cofid-2021
cofid,11-778,"Breakfast cereal, Shredded Wheat, honey nut, Nestle",en,,"6 samples, 1 product AI",100,g,72.8,9.8,5.4,361,cofid-2021
cofid,11-779,"Breakfast cereal, fruit and fibre type, fortified",en,,"10 samples, 7 products, including Kellogg's Fruit 'n Fibre and own brand AI",100,g,70.3,8,5.8,348,cofid-2021
cofid,11-780,"Muesli, Swiss style, unfortified",en,,"11 samples, 9 products, including Alpen and own brand AI",100,g,72.6,9.2,6.3,366,cofid-2021
cofid,11-781,"Muesli, Swiss style, no added sugar or salt, unfortified",en,,"6 samples, 5 products, including Jordans Natural Muesli and own brands AI",100,g,70.7,9.8,5.9,357,cofid-2021
cofid,11-788,"Porridge oats, unfortified",en,,"18 samples, 10 products, Quaker and other/own brands A",100,g,70.7,10.9,8.1,381,cofid-2021
cofid,11-789,"Porridge oats, unfortified, cooked, made up with semi-skimmed milk",en,,"18 samples, 10 products, Quaker and other/own brands A",100,g,12.1,4.6,2.3,84,cofid-2021
cofid,11-792,"Breakfast cereal, instant hot oat, plain, raw, fortified",en,,"10 samples, 7 products, including Ready Brek and own brands AI",100,g,64.6,11,7.3,352,cofid-2021
cofid,11-793,"Breakfast cereal, oat, instant, plain, fortified, cooked, made up with semi-skimmed milk",en,,"10 samples, 7 products, including Ready Brek and own brands. 40g oat cereal made up with 200g milk AI",100,g,14.2,4.9,2.5,95,cofid-2021
cofid,11-795,"Breakfast cereal, Oat, instant, flavoured, unfortified, made up with semi-skimmed milk",en,,"Quaker Oat So Simple; 6 samples, 4 products, including golden syrup, berry and baked apple flavour. 36g sachet made up with 180g milk AI",100,g,15.6,4.4,2.4,98,cofid-2021
cofid,11-796,"Biscuits, short, sweet",en,,"12 samples, 11 products, including malted milk, shortcake, nice AM",100,g,71.7,5.6,20.9,479,cofid-2021
cofid,11-797,"Biscuits, semi-sweet",en,,"10 samples, 7 products, including rich tea, Morning Coffee AM",100,g,75.4,6.4,15.1,444,cofid-2021
cofid,11-798,"Biscuits, ginger nuts",en,,"10 samples, 8 products AM",100,g,75.3,4.8,15.7,443,cofid-2021
cofid,11-799,"Biscuits, digestive, plain",en,,"10 samples, 7 products AM",100,g,65.6,6.2,21.3,463,cofid-2021
cofid,11-800,"Wafers, plain ice cream wafers, not filled",en,,"10 samples, 9 products, including cones, cornets and wafers AM",100,g,79.7,10.5,3,368,cofid-2021
cofid,11-801,"Biscuits, plain, reduced fat",en,,"10 samples, 5 products, including digestives, rich tea and reduced fat Hobnobs AM",100,g,75.7,6.6,13.5,432,cofid-2021
cofid,11-802,Shortbread,en,,"10 samples, 7 products AM",100,g,62.2,5.3,29,515,cofid-2021
cofid,11-803,"Biscuits, digestive, with oats, plain",en,,"9 samples, 4 products, including Hobnobs and own label AM",100,g,66.4,6.4,22.9,480,cofid-2021
cofid,11-804,"Biscuits, jam filled",en,,"10 samples, 6 products, including Jammie Dodgers and own label AM",100,g,74,5.2,14.4,428,cofid-2021
cofid,11-805,Fig Rolls,en,,"10 samples, 5 products AM",100,g,66.8,4.2,10.6,363,cofid-2021
cofid,11-806,"Biscuits, short or sweet, half coated in chocolate",en,,"10 samples, 6 products, including milk and plain chocolate, shortcake, rich tea, gems and animal shapes AM",100,g,70.3,6,24.2,506,cofid-2021
cofid,11-807,"Biscuits, digestive, half coated in chocolate",en,,"10 samples, 6 products, including milk and plain chocolate AM",100,g,61.8,6.3,25.7,488,cofid-2021
cofid,11-808,"Biscuits, iced",en,,"5 samples, 2 products, including Party Rings, Ice Gems AM",100,g,77.1,4.8,10.8,406,cofid-2021
cofid,11-809,"Biscuits, fully coated with chocolate",en,,"10 samples, 6 products, including Breakaway, Rocky and chocolate fingers AM",100,g,62.8,6.4,27.2,506,cofid-2021
cofid,11-810,"Biscuits, fully coated with chocolate, with cream",en,,"10 samples, 8 products, including Penguin, Club, Classic, own label AM",100,g,59,5.2,28.2,496,cofid-2021
cofid,11-811,"Biscuits, fully coated with chocolate, with marshmallow",en,,"10 samples, 7 products, including teacakes and Wagon Wheels AM",100,g,59.9,4.5,19,413,cofid-2021
cofid,11-812,Chocolate covered wafer biscuit,en,,"Including Kit Kat, Blue Riband, Time Out and Taxi AM",100,g,61.1,5.5,28.6,509,cofid-2021
cofid,11-813,"Biscuits, sandwich, cream",en,,"12 samples, 12 products, including Custard Creams and Bourbons AM",100,g,65.8,5,23.3,477,cofid-2021
cofid,11-814,"Flapjacks, retail",en,,"10 samples, 9 products AM",100,g,55.7,5.1,22.8,434,cofid-2021
cofid,11-815,"Biscuits, cookies, chocolate chip, standard",en,,"10 samples, 7 products, including Maryland, Fox's and own brand AM",100,g,60,5.4,24.9,471,cofid-2021
cofid,11-816,"Biscuits, cookies, chocolate chip, American style",en,,"10 samples, 10 products, including milk, plain and white chocolate from instore bakeries and catering outlets AM",100,g,60.6,5.2,21.3,440,cofid-2021
cofid,11-818,"Cereal bars, with fruit and/or nuts, with chocolate, unfortified",en,,"5 samples, 4 products, including Cadbury Brunch, Tracker cereal and Alpen cereal bars AM",100,g,66,6,18.3,436,cofid-2021
cofid,11-819,"Cereal bars, with fruit and/or nuts, no chocolate, unfortified",en,,"5 samples, 5 products, including Jordan's frusli and Alpen chewy bars AM",100,g,62.9,5.6,10.7,354,cofid-2021
cofid,11-820,Cream crackers,en,,"10 samples, 6 products AM",100,g,69.7,8.9,16.4,445,cofid-2021
cofid,11-821,"Biscuits, cheese flavoured",en,,"10 samples, 5 products, including Cheddars, Mini Cheddars, cheese melts and cheese savouries AM",100,g,53.2,10.5,28.1,494,cofid-2021
cofid,11-822,"Crispbread, rye",en,,"5 samples, 2 products, Ryvita original and Ryvita dark AM",100,g,63.4,8.6,1.4,284,cofid-2021
cofid,11-823,"Oatcakes, plain, retail",en,,"10 samples, 7 products, Nairns and own label AM",100,g,62.8,9.3,20,453,cofid-2021
cofid,11-824,"Cheese straws/twists, retail",en,,"10 samples, 7 products, including cheese straws, twists and crispies AM",100,g,48.3,14.1,30.3,510,cofid-2021
cofid,11-825,"Minibreads, toasted, retail",en,,"10 samples, 6 products, including bruschettinne and crostini AM",100,g,68.9,10.5,13.6,423,cofid-2021
cofid,11-826,"Breadsticks, plain",en,,"10 samples, 5 products AM",100,g,72.9,10.9,8.1,389,cofid-2021
cofid,11-827,"Scones, plain, retail",en,,"10 samples, 7 products AN",100,g,55.2,7.2,12.3,346,cofid-2021
cofid,11-828,"Iced buns, retail",en,,"10 samples, 7 products AN",100,g,60.8,6,7.8,322,cofid-2021
cofid,11-829,"Cake, fruit, retail",en,,"10 samples, 9 products, including Genoa, sultana and cherry slab, Manor House and country slices AN",100,g,55.2,4.5,12.1,334,cofid-2021
cofid,11-830,"Cake, chocolate, with filling and icing, retail",en,,"10 samples, 7 products, including celebration cakes, tray bakes and layer cakes AN",100,g,48.6,4.5,23.7,413,cofid-2021
cofid,11-831,"Cake, sponge, with jam and butter cream, retail",en,,"10 samples, 8 products, including sandwich and Swiss roll AN",100,g,55.1,3.7,14.8,354,cofid-2021
cofid,11-832,"Cake, sponge, soft iced, retail",en,,"10 samples, 8 products, including angel cake, Madeira and lemon drizzle AN",100,g,55,4.8,15.8,368,cofid-2021
cofid,11-833,"Cake, loaf, retail",en,,"7 samples, 2 products, including ginger and golden syrup AN",100,g,56.2,3.3,11,323,cofid-2021
cofid,11-834,"Cake, Swiss rolls, chocolate covered and filled, retail",en,,"10 samples, 5 products, including large, individual and bite-sized rolls AN",100,g,51,4.5,22.7,414,cofid-2021
cofid,11-835,"Cake, battenberg, retail",en,,"10 samples, 4 products, including standard and mini cakes AN",100,g,65.9,4.4,9.9,354,cofid-2021
cofid,11-836,"Cake, carrot, iced, retail",en,,"10 samples, 8 products, including plain carrot and products with orange and walnuts AN",100,g,46.8,4.2,20.2,374,cofid-2021
cofid,11-837,"Shortcake, caramel, chocolate covered, retail",en,,"10 samples, 7 products AN",100,g,53.6,4.7,27.3,466,cofid-2021
cofid,11-838,"Eccles cakes, retail",en,,"10 samples, 6 products AN",100,g,48.8,4.4,18.3,365,cofid-2021
cofid,11-839,"Cakes, fancy iced, individual, retail",en,,"10 samples, 8 products, including French and fondant fancies, cup cakes, fairy cakes, angel and lemon slices AN",100,g,57.6,3.3,16.8,381,cofid-2021
cofid,11-840,Cakes from 'healthy eating' ranges,en,,"10 samples, 7 products, including carrot, lemon and apple slices AN",100,g,58.8,3.3,2.5,257,cofid-2021
cofid,11-841,"Pastries, Danish, retail",en,,"10 samples, 9 products, assorted shapes and flavours AP",100,g,43.6,4.9,29.2,446,cofid-2021
cofid,11-842,"Pastries, Greek, baklava, retail",en,,"7 samples, 7 products, assorted baklava AP",100,g,54.1,6.7,25.1,456,cofid-2021
cofid,11-843,"Pastries, cream filled, retail",en,,"10 samples, 6 products, including fresh cream slices and horns AP",100,g,41.4,3.3,27.4,415,cofid-2021
cofid,11-844,"Pastries, chocolate eclairs, cream filled, retail",en,,"10 samples, 7 products AP",100,g,28.2,6.1,28.5,387,cofid-2021
cofid,11-845,"Tarts, bakewell, iced, retail",en,,"10 samples, 7 products, including large, slices and individual cherry bakewells AS",100,g,65.9,3.1,16.8,411,cofid-2021
cofid,11-846,"Jam tarts, retail",en,,"10 samples, 6 products AS",100,g,58.2,3.2,13.5,353,cofid-2021
cofid,11-847,"Pie, fruit, individual, retail",en,,"10 samples, 7 products, including apple, apple and blackcurrant and cherry AS",100,g,60,3.1,13.7,361,cofid-2021
cofid,11-848,"Mince pies, retail",en,,"10 samples, 8 products AS",100,g,60.7,3.8,14.9,377,cofid-2021
cofid,11-849,"Doughnuts, with jam",en,,"10 samples, branded and own brand AP",100,g,48.4,5.4,13.1,321,cofid-2021
cofid,11-850,"Doughnuts, ring, iced",en,,"10 samples, branded and own brand AP",100,g,42.3,5.8,25.7,413,cofid-2021
cofid,11-851,"Pastry, shortcrust, retail, uncooked",en,,"10 samples, 9 products; frozen and chilled, block and ready rolled AO",100,g,39.4,5.7,31.4,453,cofid-2021
cofid,11-852,"Pastry, flaky/puff, retail, uncooked",en,,"10 samples, 9 products; frozen and chilled, block and ready rolled AO",100,g,33.7,5.3,26.2,384,cofid-2021
cofid,11-853,"Pastry, shortcrust, retail, cooked",en,,"Calculated from uncooked, using weight loss of 17.2% AO",100,g,47.5,6.9,37.9,547,cofid-2021
cofid,11-854,"Pastry, flaky/puff, retail, cooked",en,,"Calculated from uncooked, using weight loss of 21.1% AO",100,g,42.8,6.7,33.2,486,cofid-2021
cofid,11-855,"Pastry, filo, retail, uncooked",en,,"6 samples, 4 products; frozen and chilled AO",100,g,58.9,7.6,2.9,278,cofid-2021
cofid,11-856,"Pastry, filo, retail, cooked",en,,"Calculated from uncooked, using weight loss of 23.6% AO",100,g,77.1,10,3.8,363,cofid-2021
cofid,11-857,"Rice, white, basmati, raw",en,,"11 samples, 9 products AC",100,g,83.7,8.1,0.5,351,cofid-2021
cofid,11-858,"Rice, white, basmati, boiled in unsalted water",en,,"11 samples, 9 products AC",100,g,26.5,2.8,0.7,117,cofid-2021
cofid,11-859,"Rice, white, basmati, easy cook, raw",en,,"7 samples, 5 products AC",100,g,83.8,8.1,0.4,350,cofid-2021
cofid,11-860,"Rice, white, basmati, easy cook, boiled in unsalted water",en,,"7 samples, 5 products AC",100,g,32.2,3.5,0.4,138,cofid-2021
cofid,11-861,"Rice, white, long grain, raw",en,,"10 samples, 9 products AC",100,g,85.1,6.7,1,355,cofid-2021
cofid,11-862,"Rice, white, long grain, boiled in unsalted water",en,,"10 samples, 9 products AC",100,g,31.1,2.8,0.4,131,cofid-2021
cofid,11-863,"Rice, white, long grain, easy cook, raw",en,,"10 samples, 9 products AC",100,g,82.3,7,1.1,347,cofid-2021
cofid,11-864,"Rice, white, long grain, easy cook, boiled in unsalted water",en,,"10 samples, 9 products AC",100,g,34.7,3,0.4,146,cofid-2021
cofid,11-865,"Rice, white, pudding, raw",en,,"8 samples, 7 products AC",100,g,85.6,5.6,0.9,352,cofid-2021
cofid,11-866,"Rice, brown, basmati, raw",en,,"6 samples, 5 products AC",100,g,77.6,8.9,3.1,355,cofid-2021
cofid,11-867,"Rice, brown, basmati, boiled in unsalted water",en,,"6 samples, 5 products AC",100,g,28.7,3.3,1.1,131,cofid-2021
cofid,11-868,"Rice, brown, wholegrain, raw",en,,"6 samples, 6 products AC",100,g,77,7.7,1.5,333,cofid-2021
cofid,11-869,"Rice, brown, wholegrain, boiled in unsalted water",en,,"6 samples, 6 products AC",100,g,29.2,3.6,0.9,132,cofid-2021
cofid,11-870,"Rice, brown, easy cook, raw",en,,"6 samples, 5 products, including Italian and American AC",100,g,82.1,7.5,3.1,366,cofid-2021
cofid,11-871,"Rice, brown, easy cook, boiled in unsalted water",en,,"6 samples, 5 products, including Italian and American AC",100,g,35.3,3.2,1.3,157,cofid-2021
cofid,11-872,"Rice, wild, raw",en,,"5 samples, 3 products AC",100,g,75.8,12.2,1.1,343,cofid-2021
cofid,11-873,"Rice, wild, boiled in unsalted water",en,,"5 samples, 3 products AC",100,g,31.7,5.3,0.6,145,cofid-2021
cofid,11-874,"Rice, Thai fragrant, raw",en,,"8 samples, 7 products AC",100,g,84.5,6.4,1.1,352,cofid-2021
cofid,11-875,"Rice, Thai fragrant, boiled in unsalted water",en,,"8 samples, 7 products AC",100,g,32.1,2.3,0.4,133,cofid-2021
cofid,11-876,"Rice, red, raw",en,,"6 samples, 4 products, Carmargue rice AC",100,g,80.4,7,2.9,356,cofid-2021
cofid,11-877,"Red rice, boiled in unsalted water",en,,"6 samples, 4 products, Camargue rice AC",100,g,28.2,3,1.2,129,cofid-2021
cofid,11-878,"Rice, white, Italian Arborio risotto, raw",en,,"7 samples, 7 products AC",100,g,85.2,6.4,1,354,cofid-2021
cofid,11-879,"Rice, white, Italian ""Arborio"" risotto, boiled in unsalted water",en,,"7 samples, 7 products. AC",100,g,32.2,3.2,0.5,138,cofid-2021
cofid,11-880,"Rice, savoury, including chicken, beef, mushroom and vegetable varieties, dried, uncooked",en,,"10 samples, 10 products, assorted meat and vegetable varieties AC",100,g,83.3,8,2.7,369,cofid-2021
cofid,11-881,"Rice, savoury, including chicken, beef, mushroom and vegetable varieties, dried, cooked",en,,"10 samples, 10 products, assorted meat and vegetable varieties. Cooked in water according to manufacturer's instructions AC",100,g,34,3.7,1.4,155,cofid-2021
cofid,11-884,"Rice, ready-cooked, ""plain"", re-heated",en,,"8 samples, 5 products AC",100,g,33.9,4.1,1.9,161,cofid-2021
cofid,11-885,"Rice, egg fried, ready cooked, re-heated, retail, not takeaway",en,,"6 samples, 6 products AC",100,g,28.1,3.9,5.3,169,cofid-2021
cofid,11-886,"Flour, wheat, white, plain, soft",en,,"14 samples, 12 products AA",100,g,80.9,9.1,1.4,352,cofid-2021
cofid,11-887,"Flour, wheat, bread/strong, white",en,,"10 samples, 9 products AA",100,g,79.2,11.3,1.2,353,cofid-2021
cofid,11-888,"Flour, wheat, white, self raising",en,,"12 samples, 10 samples AA",100,g,79.6,8.9,1.5,348,cofid-2021
cofid,11-889,"Flour, wheat, wholemeal",en,,"8 samples, 6 products AA",100,g,69.9,11.6,2,327,cofid-2021
cofid,11-890,"Flour, wheat, wholemeal, bread/strong",en,,"8 samples, 6 products AA",100,g,66.7,14.2,2.2,327,cofid-2021
cofid,11-891,"Flour, wheat, wholemeal, self raising",en,,"8 samples, 5 products AA",100,g,69.3,10.8,1.9,359,cofid-2021
cofid,11-892,"Flour, wheat, brown",en,,"4 samples, 2 products,  81% extraction AA",100,g,72.5,12.2,2,339,cofid-2021
cofid,11-893,"Flour, wheat, brown, bread/strong",en,,"8 samples, 5 products AA",100,g,72,13.4,1.9,341,cofid-2021
cofid,11-894,"Flour, chapati, white",en,,"7 samples, 6 products AA",100,g,78.3,9.7,1.4,345,cofid-2021
cofid,11-895,"Flour, chapati, brown",en,,"7 samples, 5 products AA",100,g,73,10.3,1.9,332,cofid-2021
cofid,11-896,"Flour, gram",en,,"7 samples, 5 product AA",100,g,57,22.7,5.4,353,cofid-2021
cofid,11-897,"Flour, rye",en,,"4 samples, 3 products AA",100,g,73.5,7.3,1.6,319,cofid-2021
cofid,11-898,"Flour, soya",en,,"4 samples, 3 products AA",100,g,18.7,34.3,22.4,409,cofid-2021
cofid,11-899,"Flour, gari (cassava flour)",en,,"4 samples, 2 products AA",100,g,95.1,0.7,0.2,361,cofid-2021
cofid,11-901,"Couscous, plain, raw",en,,"8 samples, 8 products, wheat AT",100,g,79.2,12,2.1,364,cofid-2021
cofid,11-902,"Couscous, plain, cooked",en,,"8 samples, 8 products, wheat AT",100,g,37.5,7.2,1,178,cofid-2021
cofid,11-903,"Semolina, raw",en,,"6 samples, 5 products AA",100,g,77.9,10.6,1.6,349,cofid-2021
cofid,11-904,"Wheat, bulgur, raw",en,,"6 samples, 6 products AA",100,g,77.8,10.6,2,352,cofid-2021
cofid,11-905,"Polenta, hydrated, raw",en,,"4 samples, 2 products, corn based AT",100,g,15.2,1.9,0.4,68,cofid-2021
cofid,11-906,"Bran, wheat",en,,"5 samples, 4 products AA",100,g,20.6,14.8,5.5,186,cofid-2021
cofid,11-907,Wheatgerm,en,,"4 samples, 3 products AA",100,g,44.7,27.3,8.4,352,cofid-2021
cofid,11-910,"Bread, naan, peshwari naan, takeaway and retail",en,,"10 samples, 5 from takeaway shops, naan with nuts and raisins AF",100,g,39.8,7.6,7.9,251,cofid-2021
cofid,11-911,"Puri, homemade",en,,"9 samples; 6 homemade, 3 café. Deep fried chapati AF",100,g,36.5,7.2,22.3,366,cofid-2021
cofid,11-912,"Mooli paratha, homemade",en,,"5 samples, radish filled flatbread AF",100,g,33.8,5.9,2.3,171,cofid-2021
cofid,11-913,Gajjeralla,en,,"6 samples, 3 retail, 3 homemade, hot dessert of carrots cooked in cream AS",100,g,39.3,3.6,12.3,272,cofid-2021
cofid,11-915,"Sevyian, homemade",en,,"6 samples, dessert made from vermicelli and milk AS",100,g,20.2,3.8,3.1,119,cofid-2021
cofid,11-916,Cake rusks,en,,"South Asian sweet bread, 6 samples, ethnic food store AM",100,g,55.7,8.7,23.1,452,cofid-2021
cofid,11-919,"Strudel, fruit filled, retail, frozen",en,,"12 samples, 7 products AS",100,g,29.1,2.7,13.5,241,cofid-2021
cofid,11-920,"Pie, apple, pastry, double crust, deep filled, retail",en,,"9 samples, 6 products, chilled and frozen AS",100,g,38.5,3.3,10.9,256,cofid-2021
cofid,11-921,"Pie, apple, pastry, double crust, retail",en,,"11 samples, 11 products, chilled and frozen AS",100,g,30.3,3.8,12.9,245,cofid-2021
cofid,11-922,"Pancakes (served with crispy duck), pancakes only, takeaway",en,,"10 sub-samples, 2 from different establishments in each of 5 regions AT",100,g,53.3,7.8,7.9,305,cofid-2021
cofid,11-923,"Bread, white, crusty bloomer, unsliced, fresh, large",en,,"10 samples, 8 products AF",100,g,52.3,9.2,1.6,247,cofid-2021
cofid,11-925,"Tortilla, wheat, soft",en,,"8 samples, 6 products AF",100,g,53.9,7.8,5.7,285,cofid-2021
cofid,11-936,"Pizza, cheese and tomato, retail",en,,"11 samples, 10 products, frozen and chilled, all bases, not stuffed crust A",100,g,36.1,12.2,9.8,272,cofid-2021
cofid,11-937,"Bread, garlic and herb, retail",en,,"10 samples, 10 products , frozen and chilled AF",100,g,45.1,7,16.7,348,cofid-2021
cofid,11-938,"Breakfast cereal, crunchy clusters type, without nuts, unfortified",en,,"7 samples, 5 brands, including Jordans Country Crisp, Quaker Oat granola and own brand AI",100,g,71,7.2,11.6,399,cofid-2021
cofid,11-939,"Breakfast cereal, crunchy/crispy muesli type cereal, with nuts, unfortified",en,,"7 samples, 5 brands, including Jordans's Country Crisp, Kellogg's Crunchy Nut Clusters and own labels AI",100,g,61.9,8.4,20.5,450,cofid-2021
cofid,11-940,Rusks,en,,"8 samples, 8 products AK",100,g,73,6.5,10.7,396,cofid-2021
cofid,11-941,"Noodles, egg, fine, dried, boiled in unsalted water",en,,Calculated from medium cooked noodles AD,100,g,27.5,4.7,0.8,129,cofid-2021
cofid,11-942,"Noodles, egg, thick, dried, boiled in unsalted water",en,,Calculated from medium cooked noodles AD,100,g,30.7,5,0.9,143,cofid-2021
cofid,11-947,"Bread, seeded",en,,Label data and calculations AF,100,g,43.8,9.9,7.4,270,cofid-2021
cofid,11-948,"Currant buns, toasted",en,,Calculated using a weight loss of 10% AP,100,g,58.4,8.9,6.2,311,cofid-2021
cofid,11-951,"Bannocks, made with wheat flour, homemade",en,,Recipe AF,100,g,65.5,8.5,1.3,292,cofid-2021
cofid,11-952,"Biscuits, gingernut, homemade",en,,Recipe AM,100,g,70,4.5,19.8,459,cofid-2021
cofid,11-954,"Macaroni cheese, homemade",en,,Recipe AD,100,g,19.8,7.8,8.6,183,cofid-2021
cofid,11-955,"Sandwich, white bread, bacon, lettuce and tomato",en,,Recipe from University of North London survey of commercial sandwiches AB,100,g,24.1,8.2,11.9,230,cofid-2021
cofid,11-956,"Cake, sponge, homemade",en,,Not filled. Recipe AN,100,g,53.1,6.4,26.4,463,cofid-2021
cofid,11-957,"Cake, sponge, fatless, homemade",en,,Not filled recipe AN,100,g,53.9,9.9,5.6,292,cofid-2021
cofid,11-958,"Scones, plain, homemade",en,,Recipe AP,100,g,55.9,7.2,12.7,352,cofid-2021
cofid,11-959,"Pancakes, savoury, made with semi-skimmed milk, homemade",en,,Recipe AT,100,g,26.6,6.9,8.4,203,cofid-2021
cofid,11-960,"Yorkshire pudding, made with semi-skimmed milk, homemade",en,,Recipe AT,100,g,25.6,6.7,8.3,197,cofid-2021
cofid,11-961,"Pastry, wholemeal, cooked, homemade",en,,Recipe. Ref. Wiles et al. (1980) AO,100,g,48.9,8.3,30,487,cofid-2021
cofid,11-962,"Dumplings, homemade",en,,Recipe AT,100,g,25.4,2.7,11.7,211,cofid-2021
cofid,11-963,"Sandwich, white bread, cheddar cheese and pickle",en,,Recipe from University of North London survey of commercial sandwiches AB,100,g,27.7,12,14.4,282,cofid-2021
cofid,11-964,"Sandwich, white bread, chicken salad",en,,Recipe from University of North London survey of commercial sandwiches AB,100,g,22.5,10.7,4.9,172,cofid-2021
cofid,11-965,"Sandwich, white bread, ham salad",en,,Recipe from University of North London survey of commercial sandwiches AB,100,g,25,8.2,4.1,163,cofid-2021
cofid,11-966,"Sandwich, white bread, egg mayonnaise",en,,Recipe from University of North London survey of commercial sandwiches AB,100,g,28.5,8.8,11.2,243,cofid-2021
cofid,11-967,"Sandwich, white bread, tuna mayonnaise",en,,Recipe from University of North London survey of commercial sandwiches AB,100,g,25.3,12.5,10.2,237,cofid-2021
cofid,11-968,"Rice, pilau, plain, homemade",en,,Recipe from a personal collection AC,100,g,24.3,2.5,3.7,134,cofid-2021
cofid,11-969,"Bread, ciabatta",en,,8 samples AF,100,g,52,10.2,3.9,271,cofid-2021
cofid,11-970,"Bagels, plain",en,,2 brands AP,100,g,57.8,10,1.8,273,cofid-2021
cofid,11-971,"Bread, brown, average",en,,"11 samples, 8 brands AF",100,g,42.1,7.9,2,207,cofid-2021
cofid,11-972,"Bread, malted wheat",en,,"24 samples, sliced and unsliced, including granary products AF",100,g,47.4,9.6,2.3,237,cofid-2021
cofid,11-973,"Bread, naan, retail",en,,"12 samples, including garlic and coriander AF",100,g,50.2,7.8,7.3,285,cofid-2021
cofid,11-974,"Bread, pitta, white",en,,"10 samples, 8 brands AF",100,g,55.1,9.1,1.3,255,cofid-2021
cofid,11-975,"Bread, wheatgerm",en,,"7 samples, 4 brands, pre-packed, sliced AF",100,g,39.5,11.1,3.1,220,cofid-2021
cofid,11-976,"Bread, white, Danish style",en,,"8 samples, 4 brands, including Nimble and Weight Watchers AF",100,g,44.5,9.1,2.7,228,cofid-2021
cofid,11-977,"Bread, white, farmhouse or split tin",en,,20 samples AF,100,g,49.9,9,2,241,cofid-2021
cofid,11-978,"Bread, white, French stick",en,,"18 samples, baguette and flute, thick and thin AF",100,g,56.1,9,1.9,263,cofid-2021
cofid,11-979,"Bread, white, premium",en,,"15 samples, 13 brands AF",100,g,47,8.3,2.3,230,cofid-2021
cofid,11-980,"Bread, white, sliced",en,,15 samples AF,100,g,46.1,7.9,1.6,219,cofid-2021
cofid,11-981,"Bread, wholemeal, average",en,,"21 samples, sliced and unsliced AF",100,g,42,9.4,2.5,217,cofid-2021
cofid,11-982,"Bread, wholemeal, toasted",en,,Calculated using weight loss of 14.6% AF,100,g,49.2,11.2,2.9,255,cofid-2021
cofid,11-983,"Bread rolls, brown, soft",en,,"14  samples of 6 rolls, different shops AG",100,g,44.8,9.9,3.2,236,cofid-2021
cofid,11-984,"Bread rolls, malted wheat",en,,"10 samples, pre-packed, freshly baked, including granary products AG",100,g,42.7,10,4.2,238,cofid-2021
cofid,11-985,"Bread rolls, white, crusty",en,,10 samples AG,100,g,54.9,9.2,2.2,262,cofid-2021
cofid,11-986,"Bread rolls, wholemeal",en,,10 samples AG,100,g,46.1,10.4,3.3,244,cofid-2021
cofid,11-987,"Chapatis, made with fat, retail",en,,6 samples AF,100,g,48.3,8.1,12.8,328,cofid-2021
cofid,11-988,Croissants,en,,"10 samples, 7 brands AG",100,g,43.3,8.3,19.7,373,cofid-2021
cofid,11-989,"Crumpets, toasted",en,,9 samples AP,100,g,45.4,6.9,1,207,cofid-2021
cofid,11-990,"Cakes, crispie, homemade",en,,Chocolate recipe AN,100,g,73.7,5.5,18,460,cofid-2021
cofid,11-991,"Cake, fruit, rich, iced, homemade",en,,With marzipan and royal icing. Recipe AN,100,g,67,3.7,9.6,355,cofid-2021
cofid,11-992,"Pastry, cheese, shortcrust, homemade",en,,Recipe AO,100,g,39.2,13.2,32.4,491,cofid-2021
cofid,11-993,"Scones, fruit, retail",en,,"10 samples, 5 brands, 3 bakeries AP",100,g,56.2,6.5,11.2,338,cofid-2021
cofid,11-994,"Crumble, fruit, wholemeal, homemade",en,,"Apple, gooseberry, plum, rhubarb recipe. AS",100,g,32.7,2.5,7.3,198,cofid-2021
cofid,11-995,"Quiche, cheese and egg, wholemeal, homemade",en,,Recipe CD,100,g,15.6,13,20.4,294,cofid-2021
cofid,11-997,"Cheese and onion rolls, pastry, retail",en,,"Oven-baked pastry, 3 brands AT",100,g,30.4,8.2,20,327,cofid-2021
cofid,11-998,"Papadums, takeaway",en,,10 samples from different outlets AF,100,g,28.3,11.5,38.8,501,cofid-2021
cofid,11-999,"Risotto, plain, homemade",en,,Recipe AT,100,g,35.6,3.3,4.7,184,cofid-2021
cofid,12-038,"Milk, human, colostrum",en,,Literature sources BC,100,g,6.6,2,2.6,56,cofid-2021
cofid,12-039,"Milk, human, transitional",en,,"Mixed sample, 15 mothers at 10th day post partum and literature sources BC",100,g,6.9,1.5,3.7,67,cofid-2021
cofid,12-112,"Cream, half, fresh",en,,"10 samples, 5 brands BJC",100,g,4.3,3,13.3,148,cofid-2021
cofid,12-132,"Cheese, Caerphilly",en,,10-20 samples BL,100,g,0.1,23.2,31.3,375,cofid-2021
cofid,12-152,"Cheese, Derby",en,,10-14 samples BL,100,g,0.1,24.2,33.9,402,cofid-2021
cofid,12-164,"Cheese, Gruyere",en,,10 samples BL,100,g,0,27.2,33.3,409,cofid-2021
cofid,12-173,"Cheese, processed, smoked",en,,10 assorted varieties BL,100,g,0.2,20.5,24.5,303,cofid-2021
cofid,12-174,"Cheese, Quark",en,,"Skimmed milk soft cheese (Magerquark), 10 samples BL",100,g,4,14.6,0,74,cofid-2021
cofid,12-175,"Cheese, Red Windsor",en,,10 samples BL,100,g,0,24.4,33.7,401,cofid-2021
cofid,12-176,"Cheese, Ricotta",en,,Analysis and literature sources BL,100,g,2,9.4,11,144,cofid-2021
cofid,12-177,"Cheese, Roquefort",en,,10 samples BL,100,g,0,19.7,32.9,375,cofid-2021
cofid,12-178,"Cheese, Sage Derby",en,,"10 samples, proximates as Derby BL",100,g,0.1,24.2,33.9,402,cofid-2021
cofid,12-181,"Cheese, Stilton, white",en,,3-10 samples BL,100,g,0.1,19.9,31.3,362,cofid-2021
cofid,12-184,"Yogurt, whole milk, plain",en,,"22 samples, 2 brands BNE",100,g,7.8,5.7,3,79,cofid-2021
cofid,12-232,"Fruit fool, homemade",en,,Recipe BR,100,g,20.2,1,9.3,163,cofid-2021
cofid,12-237,"Jelly, made with water",en,,Recipe BR,100,g,15.1,1.2,0,61,cofid-2021
cofid,12-240,"Jelly, made with skimmed milk",en,,Recipe BR,100,g,16.8,2.6,0,73,cofid-2021
cofid,12-307,"Milk, skimmed, pasteurised, average",en,,"Average of summer and winter milk. Samples from 11 areas, in glass bottles (50%), plastic containers (30%) and cartons (20%) BAE",100,g,4.8,3.5,0.3,34,cofid-2021
cofid,12-308,"Milk, skimmed, pasteurised, summer",en,,"Average of glass bottles, plastic containers and cartons BAE",100,g,4.4,3.5,0.2,32,cofid-2021
cofid,12-309,"Milk, skimmed, pasteurised, winter",en,,"Average of glass bottles, plastic containers and cartons BAE",100,g,4.2,3.5,0.2,32,cofid-2021
cofid,12-313,"Milk, semi-skimmed, pasteurised, average",en,,"Average of summer/autumn and winter/spring milk. Samples from 11 areas, in glass bottles (50%), plastic containers (30%) and cartons (20%) BAH",100,g,4.7,3.5,1.7,46,cofid-2021
cofid,12-314,"Milk, semi-skimmed, UHT",en,,"22 samples, average of winter and summer BAH",100,g,4.9,3.3,1.6,46,cofid-2021
cofid,12-320,"Milk, whole, UHT",en,,"22 samples, summer (Jun/Sep) and winter (Jan/Mar) BAK",100,g,4.8,3.2,3.9,66,cofid-2021
cofid,12-321,"Milk, Channel Islands, whole, pasteurised",en,,"Breakfast milk, average of 6 samples of summer and winter milk BAB",100,g,4.3,3.5,4.7,72,cofid-2021
cofid,12-322,"Milk, Channel islands, whole, summer",en,,3 samples BAB,100,g,4.1,3.9,4.7,73,cofid-2021
cofid,12-323,"Milk, Channel islands, whole, winter",en,,3 samples BAB,100,g,4.4,3.2,4.7,72,cofid-2021
cofid,12-324,"Milk, evaporated, light",en,,"7 samples, 4 brands BAR",100,g,10.3,7.8,4.1,107,cofid-2021
cofid,12-326,"Milk, flavoured, pasteurised, strawberry, banana",en,,"10 samples, 6 brands, including low fat and semi-skimmed BAR",100,g,9.6,3.6,1.5,64,cofid-2021
cofid,12-327,"Milkshake, thick, takeaway",en,,"10 samples, 3 brands including chocolate, vanilla, and banana BAR",100,g,15.3,3.7,1.8,88,cofid-2021
cofid,12-328,"Milk, goats, pasteurised",en,,20 samples from one herd and literature sources BC,100,g,4.4,3.1,3.7,62,cofid-2021
cofid,12-329,"Milk, sheeps, raw",en,,30 samples from 2 herds and literature sources BC,100,g,5.1,5.4,5.8,93,cofid-2021
cofid,12-332,"Cream, fresh, single",en,,Average of 22 samples of summer and winter cream BJC,100,g,2.2,3.3,19.1,193,cofid-2021
cofid,12-333,"Cream, fresh, whipping",en,,Average of 22 samples of summer and winter cream BJC,100,g,2.7,2,40.3,381,cofid-2021
cofid,12-334,"Cream, fresh, double, including Jersey cream",en,,Average of 22 samples of summer and winter cream BJC,100,g,1.7,1.6,53.7,496,cofid-2021
cofid,12-335,"Creme fraiche, full fat",en,,"9 samples, 6 brands, plain BJC",100,g,2.4,2.2,40,378,cofid-2021
cofid,12-336,"Creme fraiche, half fat",en,,"8 samples, 6 brands, plain BJC",100,g,4.4,2.7,15,162,cofid-2021
cofid,12-337,"Cream, dairy, extra thick (24% fat)",en,,"16 samples, 4 brands, average of summer and winter BJC",100,g,3.4,2.9,23.5,236,cofid-2021
cofid,12-338,"Cream, dairy, UHT, canned spray, 85% cream",en,,"10 samples, 6 brands BJP",100,g,7.2,1.9,24.2,252,cofid-2021
cofid,12-339,"Cream, dairy, UHT, half fat, canned spray",en,,"4 samples, 1 brand (Anchor Light) BJP",100,g,7.6,2.8,17.3,196,cofid-2021
cofid,12-342,"Cream substitute, double",en,,"4 samples, including Elmlea BJS",100,g,3.6,2.6,35.7,345,cofid-2021
cofid,12-344,"Cheese, Brie, with outer rind removed",en,,20 samples BL,100,g,0,20.3,29.1,343,cofid-2021
cofid,12-345,"Cheese, Camembert",en,,18 samples BL,100,g,0,21.5,22.7,290,cofid-2021
cofid,12-346,"Cheese, Cheddar, English",en,,"20 samples of English cheddar, including mild and mature, spring and autumn BL",100,g,0.1,25.4,34.9,416,cofid-2021
cofid,12-348,"Cheese, Cheddar type, half fat",en,,16 samples BL,100,g,0,32.7,15.8,273,cofid-2021
cofid,12-354,"Cheese, Danish blue",en,,18 samples BL,100,g,0,20.5,28.9,342,cofid-2021
cofid,12-355,"Cheese, Edam",en,,20 samples BL,100,g,0,26.7,26,341,cofid-2021
cofid,12-357,"Cheese, goats milk, full fat, soft, white rind",en,,"16 samples, English and French BL",100,g,1,21.1,25.8,320,cofid-2021
cofid,12-358,"Cheese, Gouda",en,,18 samples BL,100,g,0,25.3,30.6,377,cofid-2021
cofid,12-360,"Cheese, Mozzarella, fresh",en,,"18 samples, soft, not grated BL",100,g,0,18.6,20.3,257,cofid-2021
cofid,12-367,"Cheese, Stilton, blue",en,,20 samples BL,100,g,0.1,23.7,35,410,cofid-2021
cofid,12-368,"Cheese, white, average",en,,"Average of Cheshire, Lancashire and Wensleydale BL",100,g,0.1,23.7,31.8,381,cofid-2021
cofid,12-372,"Fromage frais, virtually fat free, fruit",en,,"11 samples, 6 brands, including strawberry, raspberry, apricot and blackcherry flavour BN",100,g,5.6,6.8,0.2,50,cofid-2021
cofid,12-373,"Lassi, sweetened",en,,"5 samples, takeaway and retail BN",100,g,12.3,2.6,0.9,65,cofid-2021
cofid,12-375,"Yogurt, whole milk, fruit",en,,"9 samples, 5 brands, assorted flavours including bio varieties BN",100,g,17.7,4,3,109,cofid-2021
cofid,12-377,"Yogurt, Greek style, fruit",en,,"6 samples, 4 brands, including peach, apricot, strawberry and blackcurrant, made with whole milk BN",100,g,11.2,4.8,8.4,137,cofid-2021
cofid,12-379,"Yogurt, low fat, plain",en,,"8 samples, 5 brands BN",100,g,7.8,4.8,1,57,cofid-2021
cofid,12-380,"Yogurt, low fat, fruit",en,,"21 samples, 9 brands, including French set BN",100,g,13.7,4.2,1.1,78,cofid-2021
cofid,12-384,"Ice cream bars/choc ices, non-dairy, with chocolate flavoured coating",en,,"10 samples, 6 products BP",100,g,23.2,3.2,21.7,295,cofid-2021
cofid,12-385,"Ice cream desserts, frozen",en,,"10 samples, 7 brands e.g. Viennetta, Romantica, After Eight BP",100,g,21,3.5,17.6,251,cofid-2021
cofid,12-389,"Lollies, with real fruit juice",en,,"10 samples, 6 brands, assorted flavours BP",100,g,18.6,0.1,0.3,73,cofid-2021
cofid,12-390,"Lollies, containing ice-cream",en,,3 samples BP,100,g,20.9,1.4,3.8,118,cofid-2021
cofid,12-393,"Sorbet, fruit",en,,"10 samples, assorted flavours BP",100,g,24.8,0.2,0.3,97,cofid-2021
cofid,12-394,"Pie, banoffee",en,,"10 samples, 6 brands including two Mississippi mud pies BR",100,g,32.9,3.8,20,319,cofid-2021
cofid,12-395,"Cheesecake, fruit, frozen",en,,"10 samples, assorted flavours, fruit topping BR",100,g,35.2,4,16.2,294,cofid-2021
cofid,12-397,"Creme caramel, retail",en,,"9 samples, 4 brands BR",100,g,20.6,3,1.6,104,cofid-2021
cofid,12-398,"Desserts, dairy, chocolate",en,,"8 samples, 4 brands including milk chocolate and caramel and white chocolate dessert pots, chilled BR",100,g,26.7,4.3,10.7,214,cofid-2021
cofid,12-401,"Mousse, chocolate, low fat",en,,"7 samples, 4 brands BR",100,g,18,5.5,3.7,123,cofid-2021
cofid,12-402,"Mousse, fruit",en,,"8 samples, assorted flavours, fresh BR",100,g,18,4.5,6.4,143,cofid-2021
cofid,12-405,"Profiteroles with sauce, frozen",en,,"10 samples, 7 brands BR",100,g,24.6,5.5,25.7,346,cofid-2021
cofid,12-408,"Torte, fruit",en,,"8 samples, 5 brands including lemon, raspberry and passion fruit BR",100,g,27.7,3.8,15.5,258,cofid-2021
cofid,12-409,"Trifle, fruit, retail",en,,"12 samples, 7 brands BR",100,g,19.5,2.6,9,164,cofid-2021
cofid,12-418,"Milk, semi-skimmed, pasteurised, summer and autumn",en,,Samples taken in June and September BAH,100,g,4.5,3.5,1.7,46,cofid-2021
cofid,12-419,"Milk, semi-skimmed, pasteurised, winter and spring",en,,Samples taken in January and March BAH,100,g,4.9,3.4,1.7,47,cofid-2021
cofid,12-461,"Tarts, custard, individual",en,,"10 samples, 6 products BR",100,g,28.7,6.7,14.3,263,cofid-2021
cofid,12-467,"Sambar, homemade",en,,"6 samples, spicy yellow lentil stew DR",100,g,7.7,3.1,0.9,49,cofid-2021
cofid,12-468,"Urad dahl, homemade",en,,"5 samples, black lentil curry DR",100,g,8.7,4.8,3.2,81,cofid-2021
cofid,12-472,"Pilau, vegetable, homemade",en,,"6 samples, containing vegetables DR",100,g,22.6,3.3,1.5,112,cofid-2021
cofid,12-475,"Pavlova, toffee/chocolate, no fruit",en,,"10 samples, 6 products, frozen BR",100,g,47.4,3.8,19.7,370,cofid-2021
cofid,12-476,Tiramisu,en,,"10 samples, 6 products, frozen and chilled BR",100,g,27.1,4.2,14,244,cofid-2021
cofid,12-482,"Ice cream, virtually fat free alternative",en,,"8 samples, 2 products BP",100,g,20.6,4.4,0.8,102,cofid-2021
cofid,12-485,"Cheese, Red Leicester",en,,"10 samples, sampled in spring and autumn BL",100,g,0.1,25,33.6,403,cofid-2021
cofid,12-486,"Cheese, White Cheshire",en,,"9 samples, sampled in spring and autumn BL",100,g,0.1,23.4,31.8,380,cofid-2021
cofid,12-487,"Cheese, Double Gloucester",en,,"10 samples, sampled in spring and autumn BL",100,g,0.1,24.4,35,413,cofid-2021
cofid,12-488,"Cheese, Lancashire",en,,"10 samples, sampled in spring and autumn BL",100,g,0.1,24.1,31.7,382,cofid-2021
cofid,12-489,"Cheese, Wensleydale",en,,"9 samples, sampled in spring and autumn BL",100,g,0.1,23.7,31.8,381,cofid-2021
cofid,12-490,"Cheese, Mascarpone",en,,"8 samples, sampled in spring and autumn BL",100,g,4.3,4.6,44.5,435,cofid-2021
cofid,12-492,"Cheese, Port Salut, St Paulin type",en,,"10 samples, sampled at spring and autumn BL",100,g,0,25.5,25.7,333,cofid-2021
cofid,12-493,"Cheese, Emmental",en,,"9 samples, sampled in spring and autumn BL",100,g,0,30.2,30.9,399,cofid-2021
cofid,12-494,"Cheese, Dolcelatte, rind removed",en,,"7 samples, each sampled in spring and autumn BL",100,g,0,18,35.8,394,cofid-2021
cofid,12-495,"Cheese, Paneer",en,,"9 samples, sampled in spring and autumn BL",100,g,0.9,26,24.5,328,cofid-2021
cofid,12-496,"Cheese, Halloumi",en,,"9 samples, sampled in spring and autumn BL",100,g,1.7,23.9,23.5,313,cofid-2021
cofid,12-497,"Fat spread, low fat (26-39%), not polyunsaturated, including dairy type",en,,"7 samples, 5 products, vegetable oil/dairy blend, including I Can't Believe It's Not Butter Light and own brands OA",100,g,0.7,0.2,39,354,cofid-2021
cofid,12-498,"Fat spread, low fat (26-39%), not polyunsaturated, with olive oil",en,,"8 samples, 4 products, including Bertolli Light Spread and own brands OA",100,g,0.5,0.1,38.9,353,cofid-2021
cofid,12-499,"Fat spread, low fat (26-39%), polyunsaturated",en,,"10 samples, 5 products, including Flora Light and own brands OA",100,g,1.8,0,36.9,339,cofid-2021
cofid,12-500,"Baking fat and margarine (75-90% fat), hard block",en,,"10 samples, 4 products, including Stork and own brands BTM",100,g,0,0,76.4,688,cofid-2021
cofid,12-501,"Cooking fat, compound, not polyunsaturated",en,,"6 samples, 3 products, including Cookeen, Trex, and Crisp 'n' Dry Solid Vegetable Oil BTM",100,g,0,0,100,900,cofid-2021
cofid,12-502,Ghee made from vegetable oil,en,,"5 samples, 3 products BTM",100,g,0,0.1,100,900,cofid-2021
cofid,12-503,"Fat spread, reduced fat (41-62%), polyunsaturated",en,,"12 samples, 7 products, including Flora Original, Vitalite Sunflower Spread, and own brands OA",100,g,0,0,59.2,533,cofid-2021
cofid,12-504,"Fat spread, reduced fat (41-62%), not polyunsaturated",en,,"11 samples, 8 products, including I Can't Believe It's Not Butter, Utterly Butterly, and own brands OA",100,g,1.3,0.4,60.6,552,cofid-2021
cofid,12-505,"Fat spread, reduced fat (41-62%), not polyunsaturated, with olive oil",en,,"10 samples, 6 products, including Bertolli Spread and own brands OA",100,g,1.1,0.2,59.1,537,cofid-2021
cofid,12-506,"Fat spread, reduced fat (62-75%), not polyunsaturated",en,,"10 samples, 5 products, including Clover and own brands OA",100,g,0,0.3,73.2,660,cofid-2021
cofid,12-507,Cornetto type ice cream cone,en,,"7 samples, 5 products BP",100,g,39.6,3.5,14.4,292,cofid-2021
cofid,12-508,"Ice cream, dairy, vanilla, soft scoop",en,,"10 samples, 7 products, including Wall's, Mackies and own brands BP",100,g,22,3.2,8.2,169,cofid-2021
cofid,12-509,"Ice cream, non dairy, vanilla, soft scoop",en,,"10 samples, 8 products, including Wall's, Carte D'or and own brands BP",100,g,29.8,2.6,7.7,192,cofid-2021
cofid,12-510,"Ice cream bars/choc ices, chocolate coated, luxury",en,,"11 samples, 5 products, including Magnum, Galaxy BP",100,g,34.9,3.9,21.1,336,cofid-2021
cofid,12-511,"Ice cream, dairy, luxury, with chocolate/caramel",en,,"10 samples, 7 products, including Ben & Jerry's, Haagen-Dazs and own brands BP",100,g,32.2,4.2,13.9,262,cofid-2021
cofid,12-512,"Milk, 1% fat, pasteurised",en,,Average of skimmed (12-307) and semi-skimmed (12-313) milk BA,100,g,4.8,3.5,1,41,cofid-2021
cofid,12-513,"Milk drink, fermented, with probiotics",en,,"Including Yakult, Danone, Muller and own brand yogurt drinks BH",100,g,12.7,3,1.2,70,cofid-2021
cofid,12-514,"Pudding, rice, homemade, with semi-skimmed milk",en,,Recipe BR,100,g,19,4.2,4.4,127,cofid-2021
cofid,12-515,"Yogurt, whole milk, twin pot, not fruit",en,,With biscuit pieces and chocolate-coated cereal pieces BN,100,g,21.5,4.2,5.6,148,cofid-2021
cofid,12-516,"Jelly, sugar free, made with water",en,,Recipe BR,100,g,0,1.6,0,6,cofid-2021
cofid,12-517,"Meringue, homemade",en,,Without cream. Recipe BR,100,g,96,6.3,0,385,cofid-2021
cofid,12-518,Chocolate nut sundae,en,,Recipe BP,100,g,33.5,2.6,15,271,cofid-2021
cofid,12-519,"Custard, made up with semi-skimmed milk",en,,Recipe BR,100,g,16.4,4,2,95,cofid-2021
cofid,12-520,"Milk, condensed, whole, sweetened",en,,"10 cans, 2 brands BAR",100,g,55.5,7.4,8,310,cofid-2021
cofid,12-521,"Milk, skimmed, dried, fortified",en,,"20 samples, 7 brands BAR",100,g,52.9,36.1,0.6,348,cofid-2021
cofid,12-522,"Milk, evaporated, whole",en,,"12 samples, Ideal, Carnation and own brands BAR",100,g,12.7,8.4,9.4,166,cofid-2021
cofid,12-523,"Milk, soya, non-dairy alternative to milk, sweetened, fortified",en,,"10 samples, 9 brands BC",100,g,2.5,3.1,2.4,43,cofid-2021
cofid,12-524,"Milk, soya, non-dairy alternative to milk, unsweetened, fortified",en,,"10 samples, 8 brands BC",100,g,0.5,2.4,1.6,26,cofid-2021
cofid,12-525,"Cheese, Feta",en,,"18 samples, made from sheeps and goats milk BL",100,g,1.5,15.6,20.2,250,cofid-2021
cofid,12-526,"Cheese, Parmesan, fresh",en,,"8 samples, wedges/freshly grated BL",100,g,0.9,36.2,29.7,415,cofid-2021
cofid,12-527,"Cheese, processed, plain",en,,"20 samples, 7 brands BL",100,g,5,17.8,23,297,cofid-2021
cofid,12-528,"Fromage frais, virtually fat free, natural",en,,"7 samples, 6 brands BN",100,g,4.6,7.7,0.1,49,cofid-2021
cofid,12-530,"Yogurt, whole milk, infant, fruit flavour",en,,"8 samples, 4 brands, no fruit pieces BN",100,g,11.1,3.8,3.7,90,cofid-2021
cofid,12-531,"Yogurt, whole milk, twin pot, thick and creamy with fruit",en,,"11 samples, 8 brands, various flavours BN",100,g,16.2,4.1,3.2,106,cofid-2021
cofid,12-532,"Yogurt, virtually fat free/diet, fruit",en,,"14 samples, 10 brands, including bio varieties, flavours include strawberry, raspberry, black cherry and rhubarb BN",100,g,10.1,4.8,0.2,59,cofid-2021
cofid,12-533,"Yogurt, virtually fat free/diet, plain",en,,"6 samples, 4 brands, including bio varieties BN",100,g,8.2,5.4,0.2,54,cofid-2021
cofid,12-534,"Fromage frais, fruit, children's, fortified",en,,"Including Munch Bunch, Petits Filous, Muller Little Stars and other/own brands BNS",100,g,13.2,5.8,2.9,99,cofid-2021
cofid,12-535,"Milk, flavoured, pasteurised, chocolate",en,,"9 samples, 6 brands, including low fat, semi-skimmed BAR",100,g,11.7,3.6,1.5,72,cofid-2021
cofid,12-536,"Milk, human, mature",en,,Literature sources BC,100,g,7.2,1.3,4.1,69,cofid-2021
cofid,12-537,"Cheese spread, plain, reduced fat",en,,"13 samples, 9 brands, portions and tubs BL",100,g,7.9,15,7.2,154,cofid-2021
cofid,12-538,"Cheese, spreadable, medium fat, soft, white",en,,"20 samples, including Philadelphia light and own brands BL",100,g,3.5,9.8,11.2,153,cofid-2021
cofid,12-539,"Cheese, cottage, plain",en,,16 samples BL,100,g,3.1,9.4,6,103,cofid-2021
cofid,12-540,"Cheese spread, plain",en,,"20 samples, 7 brands, portions and tubs BL",100,g,6.5,11.3,18.6,237,cofid-2021
cofid,12-541,"Cheese, spreadable, soft white, low fat",en,,18 samples of extra light soft cheese spreads BL,100,g,5,11.9,3.6,99,cofid-2021
cofid,12-542,"Cheesecake, fruit, individual",en,,"8 samples, 3 brands including strawberry, apricot, blackcurrant and cherry BR",100,g,34.5,6.1,12.3,264,cofid-2021
cofid,12-543,"Custard, ready to eat, canned and tetra-pak",en,,"10 samples, 3 brands, ambient BR",100,g,16.3,2.7,2.9,98,cofid-2021
cofid,12-544,"Cream substitute, single",en,,"5 samples, including Elmlea BJS",100,g,4,3.1,14.5,158,cofid-2021
cofid,12-545,Cocoa powder,en,,"10 samples, 2 brands BH",100,g,11.5,18.5,21.7,312,cofid-2021
cofid,12-546,"Coffeemate, whitener powder",en,,Analysis and manufacturer's data (Carnation) BAR,100,g,57.3,2.1,34.5,534,cofid-2021
cofid,12-547,Tzatziki,en,,Yogurt-based Greek starter. Recipe BN,100,g,3.4,3.4,5.5,76,cofid-2021
cofid,12-548,"Cheese, Cheddar type, '30% less fat'",en,,"Including Cathedral City lighter, Pilgrims Choice lighter mature cheese and other/own brands BL",100,g,0.8,27.9,22.1,314,cofid-2021
cofid,12-549,"Cheese, processed, slices, reduced fat",en,,"Including Dairylea Light Slices, Kerry Low Low Cheesy Slices for Burgers and other/own brands BL",100,g,9.7,16.7,9.6,190,cofid-2021
cofid,12-550,"Cheese, cottage, plain, reduced fat",en,,20 samples BL,100,g,3.3,10.6,1.5,68,cofid-2021
cofid,12-551,"Cheese, spreadable, full fat, soft, white",en,,"20 samples, including Philadelphia and own brands BL",100,g,3,5.3,24.4,252,cofid-2021
cofid,12-552,"Pavlova, with fruit and cream",en,,"12 samples, 7 brands, including raspberry, strawberry and tropical fruits, frozen BR",100,g,42.2,2.7,8.3,244,cofid-2021
cofid,12-553,"Pudding, rice, canned, low fat",en,,"10 samples, 6 brands BR",100,g,16,3.5,0.8,81,cofid-2021
cofid,12-554,"Milk, skimmed, UHT",en,,"22 samples, summer (June/Sep) and winter (Jan/Mar), unfortified and manufacturers' data BAE",100,g,4.9,3.4,0.1,33,cofid-2021
cofid,12-555,"Yogurt, Greek style, plain",en,,"7 samples, 6 brands, made with whole milk BN",100,g,4.8,5.7,10.2,133,cofid-2021
cofid,12-556,"Banana split, homemade",en,,Recipe BP,100,g,23.9,2.3,11.8,205,cofid-2021
cofid,12-557,"Blancmange, homemade",en,,Recipe BR,100,g,18.1,3.3,1.6,96,cofid-2021
cofid,12-560,"Pie, cheese and potato, homemade",en,,Recipe BV,100,g,12.6,5,7.2,132,cofid-2021
cofid,12-561,"Cheese pudding, homemade",en,,"Recipe including breadcrumbs, milk, cheese and eggs BV",100,g,11.7,10.6,9.3,170,cofid-2021
cofid,12-562,"Cheesecake, homemade",en,,Recipe BR,100,g,25.4,6.2,22.8,325,cofid-2021
cofid,12-563,"Cocoa powder, made up with semi-skimmed milk",en,,"Recipe. Calculated from 4g powder, 4g sugar and 200ml milk BH",100,g,6.7,3.7,2,58,cofid-2021
cofid,12-564,"Cocoa powder, made up with skimmed milk",en,,"Recipe. Calculated from 4g powder, 4g sugar and 200ml milk BH",100,g,6.7,3.7,0.6,46,cofid-2021
cofid,12-565,"Cocoa powder, made up with whole milk",en,,"Recipe. Calculated from 4g powder, 4g sugar and 200ml milk BH",100,g,6.6,3.6,3.9,74,cofid-2021
cofid,12-566,"Complan powder, savoury, made up with water",en,,Recipe. Made up according to packet directions BH,100,g,13.9,3.6,3.5,97,cofid-2021
cofid,12-567,"Complan powder, sweet, made up with water",en,,Recipe. Made up according to packet directions BH,100,g,14.6,3.5,3.3,98,cofid-2021
cofid,12-568,"Complan powder, sweet, made up with semi-skimmed milk",en,,Recipe. Made up according to packet directions BH,100,g,17.8,6.1,4.5,132,cofid-2021
cofid,12-569,"Complan powder, sweet, made up with skimmed milk",en,,Recipe. Made up according to packet directions BH,100,g,17.9,6.1,3.4,122,cofid-2021
cofid,12-570,"Complan powder, sweet, made up with whole milk",en,,Recipe. Made up according to packet directions BH,100,g,17.7,6.1,6,145,cofid-2021
cofid,12-571,"Crème caramel, homemade",en,,Recipe BR,100,g,28.7,5.1,3.3,157,cofid-2021
cofid,12-572,"Custard, confectioners'",en,,Recipe BR,100,g,24.8,6.6,3.8,153,cofid-2021
cofid,12-573,"Custard, egg",en,,Recipe BR,100,g,10.9,5.9,3.4,95,cofid-2021
cofid,12-574,"Custard, made up with skimmed milk",en,,Recipe BR,100,g,16.5,4,0.3,81,cofid-2021
cofid,12-575,"Custard, made up with whole milk",en,,Recipe BR,100,g,16.3,4,4.2,114,cofid-2021
cofid,12-580,"Pudding, rice, canned",en,,"10 cans, 7 brands BR",100,g,16.1,3.3,1.3,85,cofid-2021
cofid,12-581,"Ice cream with cone, non-dairy, vanilla",en,,Recipe BP,100,g,32,2.9,7.5,200,cofid-2021
cofid,12-582,"Ice cream with wafers, non-dairy, vanilla",en,,Recipe BP,100,g,31.7,2.9,7.5,199,cofid-2021
cofid,12-583,"Instant dessert powder, made up with skimmed milk",en,,Recipe BR,100,g,14.4,3.3,3.2,96,cofid-2021
cofid,12-584,"Instant dessert powder, made up with whole milk",en,,Recipe BR,100,g,14.3,3.2,6,121,cofid-2021
cofid,12-585,"Meringue, with cream, homemade",en,,Recipe. Ref. Wiles et al. (1980) BR,100,g,27.2,2.9,24.2,331,cofid-2021
cofid,12-589,"Milk shake, powder, made up with semi-skimmed milk",en,,Recipe. Calculated from 15g powder to 200ml milk BH,100,g,11.2,3.3,1.7,70,cofid-2021
cofid,12-590,"Milk shake, powder, made up with skimmed milk",en,,Recipe. Calculated from 15g powder to 200ml milk BH,100,g,11.3,3.3,0.3,59,cofid-2021
cofid,12-591,"Milk shake, powder, made up with whole milk",en,,Recipe. Calculated from 15g powder to 200ml milk BH,100,g,11.1,3.3,3.5,86,cofid-2021
cofid,12-592,"Cream, fresh, clotted",en,,"17 samples, 3 brands BJC",100,g,2.3,1.6,63.5,586,cofid-2021
cofid,12-593,"Sauce, cheese, packet mix, dry",en,,"10 samples, 4 brands BV",100,g,40.9,19.3,28.4,486,cofid-2021
cofid,12-594,"Peach melba, homemade",en,,Recipe BP,100,g,18.1,1.7,10.5,170,cofid-2021
cofid,12-595,"Raita, yogurt and gram flour, homemade",en,,Recipe BV,100,g,8.1,3.3,6.6,103,cofid-2021
cofid,12-596,"Milk, whole, pasteurised, average",en,,"Average of summer/autumn and winter/spring standardised milk. Analytical data, 1995-1996; and industry data BAK",100,g,4.6,3.4,3.6,63,cofid-2021
cofid,12-597,"Milk, whole, pasteurised, winter and spring",en,,Standardised milk. Samples taken in January and March BAK,100,g,5,3.3,3.6,64,cofid-2021
cofid,12-598,"Milk, whole, pasteurised, summer and autumn",en,,Standardised milk. Samples taken in June and September BAK,100,g,4.1,3.4,3.6,61,cofid-2021
cofid,12-600,"Trifle, homemade",en,,Recipe BR,100,g,21.6,2.7,7.9,167,cofid-2021
cofid,12-601,"Trifle, with Dream Topping",en,,"Recipe, substituting 25g of made up dream topping for 25g double cream BR",100,g,22.1,2.8,5.9,152,cofid-2021
cofid,12-602,"Welsh rarebit, homemade",en,,Recipe BV,100,g,23.1,13.9,28.4,398,cofid-2021
cofid,12-603,"Welsh rarebit, wholemeal, homemade",en,,Recipe BV,100,g,22.1,14.4,27.4,387,cofid-2021
cofid,12-604,"Cheese, hard, average",en,,"Average of English Cheddar, Red Leicester and Double Gloucester BL",100,g,0.1,24.9,34.5,411,cofid-2021
cofid,12-605,"Knickerbocker glory, homemade",en,,"Recipe, containing raspberry sauce, peaches, ice cream, UHT canned spray cream and flaked almonds BP",100,g,16.4,2.4,6.3,128,cofid-2021
cofid,12-606,"Kulfi, homemade",en,,Indian ice cream. Recipe BP,100,g,13.8,5.7,42.4,457,cofid-2021
cofid,12-607,"Pudding, rice, homemade, with skimmed milk",en,,Recipe BR,100,g,19.1,4.3,2.9,114,cofid-2021
cofid,12-608,"Pudding, rice, homemade, with whole milk",en,,Recipe BR,100,g,18.9,4.2,6.5,145,cofid-2021
cofid,12-609,"Yogurt, soya, non-dairy alternative to yogurt, fruit, fortified",en,,3 samples BN,100,g,11,3.3,2,72,cofid-2021
cofid,12-814,"Eggs, duck, boiled and salted",en,,20 eggs from 7 different Chinese shops CA,100,g,0,14.6,15.5,198,cofid-2021
cofid,12-815,"Eggs, quail, whole, raw",en,,Analytical and literature sources CA,100,g,0,12.9,11.1,151,cofid-2021
cofid,12-816,"Eggs, turkey, whole, raw",en,,Literature sources CA,100,g,0,13.7,12.2,165,cofid-2021
cofid,12-904,"Yogurt, low fat, hazelnut",en,,"8 samples, 5 brands BNH",100,g,16,4.4,1.5,91,cofid-2021
cofid,12-905,"Yogurt, low fat, toffee",en,,"8 samples, 4 brands BNH",100,g,18,3.8,0.9,91,cofid-2021
cofid,12-920,"Eggs, duck, whole, raw",en,,Analytical and literature sources.  Ref.  Posati and Orr (1976) CA,100,g,0,14.3,11.8,163,cofid-2021
cofid,12-936,"Quiche, Lorraine, shortcrust pastry, retail",en,,"10 samples, 7 brands CD",100,g,19.7,9.1,17.6,269,cofid-2021
cofid,12-937,"Eggs, chicken, whole, raw",en,,"12 samples from 3 egg distribution centres, including enriched cage, barn, free-range and organic CA",100,g,0,12.6,9,131,cofid-2021
cofid,12-938,"Eggs, chicken, white, raw",en,,"12 samples from 3 egg distribution centres, including enriched cage, barn, free-range and organic CA",100,g,0,10.8,0,43,cofid-2021
cofid,12-939,"Eggs, chicken, yolk, raw",en,,"12 samples from 3 egg distribution centres, including enriched cage, barn, free-range and organic CA",100,g,0,16.4,31.3,347,cofid-2021
cofid,12-940,"Eggs, chicken, whole, boiled",en,,"12 samples from 3 egg distribution centres, including enriched cage, barn, free-range and organic CA",100,g,0,14.1,9.6,143,cofid-2021
cofid,12-941,"Eggs, chicken, white, boiled",en,,"12 samples from 3 egg distribution centres, including enriched cage, barn, free-range and organic CA",100,g,0,13,0,52,cofid-2021
cofid,12-942,"Eggs, chicken, yolk, boiled",en,,"12 samples from 3 egg distribution centres, including enriched cage, barn, free-range and organic CA",100,g,0,16.7,32.6,360,cofid-2021
cofid,12-943,"Eggs, chicken, whole, poached",en,,"12 samples from 3 egg distribution centres, including enriched cage, barn, free-range and organic CA",100,g,0,13.3,10.6,149,cofid-2021
cofid,12-944,"Eggs, chicken, whole, fried in sunflower oil",en,,"12 samples from 3 egg distribution centres, including enriched cage, barn, free-range and organic CA",100,g,0,14.7,15.7,200,cofid-2021
cofid,12-945,"Eggs, chicken, scrambled, with semi-skimmed milk",en,,Recipe CD,100,g,0.7,11,21.2,237,cofid-2021
cofid,12-946,"Omelette, plain, homemade",en,,Recipe CD,100,g,0,10.9,16.4,191,cofid-2021
cofid,12-947,"Omelette, cheese, homemade",en,,Recipe. Ref. Wiles et al. (1980) CD,100,g,0,15.9,22.7,268,cofid-2021
cofid,12-948,"Quiche, cheese and egg, homemade",en,,Recipe. Ref. Wiles et al. (1980) CD,100,g,14.6,12.5,22.3,305,cofid-2021
cofid,12-949,"Quiche, vegetable, retail",en,,"10 samples, including broccoli, tomato, spinach, roasted vegetables, asparagus and vegetable and cheese CD",100,g,21.2,8.1,19.7,289,cofid-2021
cofid,12-950,Egg fu yung,en,,Recipe CDE,100,g,2.5,10.2,19.3,229,cofid-2021
cofid,12-951,"Macaroon, homemade",en,,Recipe CDH,100,g,64,9.9,17.8,442,cofid-2021
cofid,12-952,"Quiche, Lorraine, homemade",en,,Recipe CD,100,g,16.8,15.3,26,358,cofid-2021
cofid,12-953,"Quiche, Lorraine, wholemeal pastry, homemade",en,,Recipe CD,100,g,18,15.8,24.9,354,cofid-2021
cofid,12-954,"Quiche, mushroom, homemade",en,,Recipe CD,100,g,15.5,9.9,20,278,cofid-2021
cofid,12-955,"Quiche, mushroom, wholemeal, homemade",en,,Recipe CD,100,g,16.6,10.5,18.1,267,cofid-2021
cofid,12-956,"Omelette, curried, homemade",en,,Recipe CDE,100,g,3.5,8.4,36,370,cofid-2021
cofid,12-957,"Omelette, Spanish, homemade",en,,Recipe CD,100,g,5.9,5.6,7.6,112,cofid-2021
cofid,12-958,"Souffle, cheese, homemade",en,,Recipe CD,100,g,10.8,11.6,16.8,237,cofid-2021
cofid,12-959,"Souffle, plain, homemade",en,,Recipe CD,100,g,10.5,7.7,11.9,177,cofid-2021
cofid,12-960,"Eggs, chicken, white, dried",en,,"Calculated from egg white, raw (12-938) and old code (17-414) CA",100,g,0,81.7,0,327,cofid-2021
cofid,12-961,"Eggs, chicken, whole, dried",en,,Calculated from whole raw egg (12-937) and old code (12-807) CA,100,g,0,48.6,34.7,507,cofid-2021
cofid,12-962,"Eggs, chicken, whole, fried, without fat",en,,Calculated from raw whole eggs (12-937) and old code (12-809) CA,100,g,0,16,11.4,167,cofid-2021
cofid,12-963,"Eggs, chicken, whole, scrambled, without milk",en,,Calculated from whole raw eggs (12-937) and old code (12-812) CA,100,g,0,14.6,10.4,152,cofid-2021
cofid,13-024,"Potato chips, crinkle cut, frozen, fried in corn oil",en,,"10 samples, 10 brands. Deep fried 3-6 minutes DAP",100,g,33.4,3.6,16.7,290,cofid-2021
cofid,13-025,"Potato chips, straight cut, frozen, fried in corn oil",en,,"10 samples, 10 brands. Deep fried 3-5 minutes DAP",100,g,36,4.1,13.5,273,cofid-2021
cofid,13-026,"Potato chips, fine cut, frozen, fried in corn oil",en,,"10 samples, 4 brands. Deep fried 1-4 minutes DAP",100,g,41.2,4.5,21.3,364,cofid-2021
cofid,13-027,"Potato chips, thick cut, frozen, fried in corn oil",en,,"10 samples, 5 brands. Deep fried 3-7 minutes DAP",100,g,34,3.6,10.2,234,cofid-2021
cofid,13-038,"Potato croquettes, fried in blended oil",en,,"10 samples, 5 brands.  Shallow fried 5-7 minutes DAR",100,g,21.6,3.7,13.1,214,cofid-2021
cofid,13-041,"Beans, aduki, whole, dried, raw",en,,"6 samples, whole beans DB",100,g,50.1,19.9,0.5,272,cofid-2021
cofid,13-042,"Beans, aduki, whole, dried, boiled in unsalted water",en,,Analysis and calculation from dried DB,100,g,22.5,9.3,0.2,123,cofid-2021
cofid,13-049,"Beans, balor, ends trimmed, raw",en,,5 samples DB,100,g,3,2.7,0.1,23,cofid-2021
cofid,13-056,"Black gram, urad gram, whole, dried, raw",en,,Literature sources DB,100,g,40.8,24.9,1.4,275,cofid-2021
cofid,13-057,"Black gram, urad gram, whole, dried, boiled in unsalted water",en,,Soaked and boiled DB,100,g,13.6,7.8,0.4,89,cofid-2021
cofid,13-058,"Black gram, chilki urad dahl, split, dried, raw",en,,Partial seed coat. Literature sources DB,100,g,42.5,26,1.4,287,cofid-2021
cofid,13-059,"Black gram, chilki urad dahl, dried, split, boiled in unsalted water",en,,Soaked and boiled DB,100,g,13.6,8,0.4,90,cofid-2021
cofid,13-060,"Black gram, duhli urad dahl, split, dried, raw",en,,No seed coat. Literature sources DB,100,g,44,27.2,1.4,298,cofid-2021
cofid,13-061,"Black gram, duhli urad dahl, split, dried, boiled in unsalted water",en,,Soaked and boiled DB,100,g,15.1,8.1,0.4,96,cofid-2021
cofid,13-062,"Beans, blackeye, whole, dried, raw",en,,Analysis and literature sources DB,100,g,54.1,23.5,1.6,311,cofid-2021
cofid,13-063,"Beans, blackeye, whole, dried, boiled in unsalted water",en,,Soaked and boiled DB,100,g,19.9,8.8,0.7,116,cofid-2021
cofid,13-064,"Beans, broad, whole, raw",en,,Without pods DB,100,g,7.2,5.7,1,59,cofid-2021
cofid,13-067,"Beans, broad, dried, raw",en,,Literature sources DB,100,g,32.5,26.1,2.1,245,cofid-2021
cofid,13-070,"Beans, butter, dried, raw",en,,Analysis and literature sources DB,100,g,52.9,19.1,1.7,290,cofid-2021
cofid,13-074,"Beans, chick peas, Kabuli, whole, dried, raw",en,,Analytical and literature sources. DB,100,g,49.6,21.3,5.4,320,cofid-2021
cofid,13-076,"Beans, chick peas, Kabuli, split, dried, raw",en,,No seed coat. Literature sources DB,100,g,49.6,22.7,5.4,325,cofid-2021
cofid,13-077,"Beans, chick peas, Kabuli, split, dried, boiled in unsalted water",en,,Soaked and boiled DB,100,g,17.4,7.7,2,114,cofid-2021
cofid,13-080,"Beans, cluster, raw",en,,5 samples. Ends trimmed DB,100,g,3,2.6,0.1,23,cofid-2021
cofid,13-086,"Beans, haricot, whole, dried, raw",en,,Whole beans DB,100,g,49.7,21.4,1.6,286,cofid-2021
cofid,13-087,"Beans, haricot, whole, dried, boiled in unsalted water",en,,"Soaked 24 hours, boiled 2 hours DB",100,g,17.2,6.6,0.5,95,cofid-2021
cofid,13-089,"Lentils, green and brown, whole, dried, raw",en,,"10 samples, 6 brands. Continental type DB",100,g,48.8,24.3,1.9,297,cofid-2021
cofid,13-096,"Beans, mung, whole, dried, raw",en,,Literature sources DB,100,g,46.3,23.9,1.1,279,cofid-2021
cofid,13-098,"Beans, mung, dahl, dried, raw",en,,"Split beans, no seed coat. Literature sources DB",100,g,46.3,26.8,1.1,291,cofid-2021
cofid,13-099,"Beans, mung, dahl, dried, boiled in unsalted water",en,,"Split beans, no seed coat, soaked and boiled. Literature sources DB",100,g,15.3,7.8,0.4,92,cofid-2021
cofid,13-100,"Beans, papri, raw",en,,Ends trimmed; 5 samples DB,100,g,4.2,5.4,0.3,40,cofid-2021
cofid,13-102,"Beans, pigeon peas, whole, dried, raw",en,,Literature sources DB,100,g,58.6,20,1.9,317,cofid-2021
cofid,13-103,"Beans, pigeon peas, whole, dried, boiled in unsalted water",en,,Literature sources DB,100,g,21.2,8.5,0.5,117,cofid-2021
cofid,13-104,"Beans, pigeon peas, dahl, dried, raw",en,,"Split peas, no seed coat. Literature sources DB",100,g,58.6,21.8,1.9,324,cofid-2021
cofid,13-105,"Beans, pigeon peas, dahl, dried, boiled in unsalted water",en,,"Soaked and boiled. Split peas, no seed coat. Literature sources DB",100,g,21.2,8.7,0.5,118,cofid-2021
cofid,13-106,"Beans, pinto, dried, raw",en,,Whole beans. Literature sources DB,100,g,57.1,21.1,1.6,327,cofid-2021
cofid,13-107,"Beans, pinto, dried, boiled in unsalted water",en,,Whole beans. Literature sources DB,100,g,23.9,8.9,0.7,137,cofid-2021
cofid,13-108,"Beans, pinto, re-fried beans",en,,Literature sources DB,100,g,15.3,6.2,1.1,107,cofid-2021
cofid,13-109,"Beans, red kidney, dried, raw",en,,Whole beans. Analytical and literature sources DB,100,g,44.1,22.1,1.4,266,cofid-2021
cofid,13-112,"Beans, runner, raw",en,,Ends and sides trimmed DB,100,g,3.2,1.6,0.4,22,cofid-2021
cofid,13-115,"Beans, soya, dried, raw",en,,Whole beans. Analysis and literature sources DB,100,g,15.8,35.9,18.6,370,cofid-2021
cofid,13-116,"Beans, soya, dried, boiled in unsalted water",en,,Whole beans. Analysis and literature sources DB,100,g,5.1,14,7.3,141,cofid-2021
cofid,13-117,"Beans, sword, raw",en,,Literature sources DB,100,g,7.2,2.5,0.3,41,cofid-2021
cofid,13-118,Tempeh,en,,Fermented soya bean cake. Literature sources DB,100,g,6.4,20.7,6.4,166,cofid-2021
cofid,13-122,"Peas, mange-tout, raw",en,,"Whole pods, ends trimmed; 10 samples DF",100,g,4.2,3.6,0.2,32,cofid-2021
cofid,13-130,"Peas, dried, raw",en,,Whole peas DF,100,g,52,21.6,2.4,303,cofid-2021
cofid,13-131,"Peas, dried, boiled in unsalted water",en,,"Whole peas; soaked 24 hours, boiled 2 hours DF",100,g,19.9,6.9,0.8,109,cofid-2021
cofid,13-141,"Peas, split, dried, raw",en,,No seed coat DF,100,g,58.2,22.1,2.4,328,cofid-2021
cofid,13-142,"Peas, split, dried, boiled in unsalted water",en,,"No seed coat; soaked 24 hours, boiled 2 hours DF",100,g,22.7,8.3,0.9,126,cofid-2021
cofid,13-143,"Peas, sugar-snap, raw",en,,"Whole pods, ends trimmed; 4 samples DF",100,g,5,3.4,0.2,34,cofid-2021
cofid,13-145,"Ackee, canned, drained",en,,8 cans DG,100,g,0.8,2.9,15.2,151,cofid-2021
cofid,13-146,"Agar, dried",en,,Literature sources DG,100,g,0,1.3,1.2,16,cofid-2021
cofid,13-147,"Agar, dried, soaked and drained",en,,Literature sources DG,100,g,0,0.2,0.1,2,cofid-2021
cofid,13-148,"Alfalfa sprouts, raw",en,,Analytical and literature sources DG,100,g,0.4,4,0.7,24,cofid-2021
cofid,13-149,"Amaranth leaves, raw",en,,Literature sources DG,100,g,0.3,3.5,0.3,18,cofid-2021
cofid,13-150,"Amaranth leaves, boiled in unsalted water",en,,Calculation from raw DG,100,g,0.3,3,0.3,16,cofid-2021
cofid,13-151,"Arrowhead, raw",en,,Literature sources DG,100,g,21.5,5,0.3,107,cofid-2021
cofid,13-152,"Arrowhead, boiled in unsalted water",en,,Calculated from raw DG,100,g,17.8,4.2,0.3,91,cofid-2021
cofid,13-153,"Artichoke, globe, raw",en,,Literature sources DG,100,g,2.7,2.8,0.2,18,cofid-2021
cofid,13-154,"Artichoke, globe, boiled, weighed as served",en,,Calculated from boiled in unsalted water DG,100,g,1.2,1.2,0.1,8,cofid-2021
cofid,13-155,"Artichoke, globe, base of leaves and heart, boiled in unsalted water",en,,Base of leaves and heart; boiled 35 minutes DG,100,g,2.7,2.9,0.2,18,cofid-2021
cofid,13-156,"Artichoke, Jerusalem, boiled in unsalted water, flesh only",en,,Boiled 20 minutes DG,100,g,10.6,1.6,0.1,41,cofid-2021
cofid,13-157,"Asparagus, raw",en,,Tough base of stems removed DG,100,g,2,2.9,0.6,25,cofid-2021
cofid,13-161,"Aubergine, raw",en,,Ends trimmed DG,100,g,2.2,0.9,0.4,15,cofid-2021
cofid,13-162,"Aubergine, fried in corn oil",en,,Sliced; shallow fried 10 minutes DG,100,g,2.8,1.2,31.9,302,cofid-2021
cofid,13-164,"Beetroot, raw",en,,"Top and root trimmed, peeled DG",100,g,7.6,1.7,0.1,36,cofid-2021
cofid,13-166,"Beetroot, pickled, drained",en,,"10 samples, 5 brands. Whole and sliced DG",100,g,5.6,1.2,0.2,28,cofid-2021
cofid,13-167,"Breadfruit, raw",en,,Literature sources DG,100,g,23.1,1.3,0.3,95,cofid-2021
cofid,13-168,"Breadfruit, boiled in unsalted water",en,,Literature sources DG,100,g,29,1.6,0.4,119,cofid-2021
cofid,13-174,"Broccoli, purple sprouting, raw",en,,Tough stems and coarse leaves removed DG,100,g,2.6,3.9,1.1,35,cofid-2021
cofid,13-176,"Broccoli, purple sprouting, boiled in unsalted water",en,,Based on boiled in salted water DG,100,g,1.3,2.1,0.6,19,cofid-2021
cofid,13-177,"Brussels sprouts, raw",en,,"Base trimmed, outer leaves removed DG",100,g,4.1,3.5,1.4,42,cofid-2021
cofid,13-187,"Cabbage, Chinese, raw",en,,"Base trimmed, outer leaves removed DG",100,g,1.4,1,0.2,12,cofid-2021
cofid,13-190,"Cabbage, red, raw",en,,Outer leaves and stem removed DG,100,g,3.7,1.1,0.3,21,cofid-2021
cofid,13-208,"Cassava, raw",en,,Literature sources DG,100,g,36.8,0.6,0.2,142,cofid-2021
cofid,13-209,"Cassava, baked",en,,Literature sources and calculation from raw DG,100,g,40.1,0.7,0.2,155,cofid-2021
cofid,13-210,"Cassava, boiled in unsalted water",en,,Literature sources and calculation from raw DG,100,g,33.5,0.5,0.2,130,cofid-2021
cofid,13-211,"Cassava, steamed",en,,Literature sources and calculation from raw DG,100,g,36.8,0.6,0.2,142,cofid-2021
cofid,13-212,"Cassava, frozen, raw",en,,5 samples (Proscana) DG,100,g,36.3,0.6,0.2,140,cofid-2021
cofid,13-219,"Celeriac, raw",en,,"Top and root trimmed, peeled DG",100,g,2.3,1.2,0.4,18,cofid-2021
cofid,13-223,"Chard, Swiss, raw",en,,Literature sources DG,100,g,2.9,1.8,0.2,19,cofid-2021
cofid,13-224,"Chard, Swiss, boiled in unsalted water",en,,Literature sources DG,100,g,3.2,1.9,0.1,20,cofid-2021
cofid,13-225,"Chicory, pale variety, raw",en,,Cichorium intybus.Stem and inner leaves DG,100,g,2.8,0.5,0.6,11,cofid-2021
cofid,13-227,"Cho cho, raw",en,,"Also known as chayote, belongs to the gourd family Cucurbitaceae. Literature sources DG",100,g,3.7,0.7,0.1,17,cofid-2021
cofid,13-228,"Cho cho, boiled in unsalted water",en,,"Also known as chayote, belongs to the gourd family Cucurbitaceae. Analytical and literature sources DG",100,g,2.9,0.5,0.1,14,cofid-2021
cofid,13-229,"Cole leaves, dried, boiled in unsalted water",en,,10 samples; boiled 2 hours DG,100,g,1.2,1.7,0.8,19,cofid-2021
cofid,13-232,"Courgette, fried in corn oil",en,,"Ends trimmed, sliced and shallow fried 5 minutes DG",100,g,2.6,2.6,4.8,63,cofid-2021
cofid,13-234,"Curly kale, raw",en,,Main ribs and stalks removed DG,100,g,1.4,3.4,1.6,33,cofid-2021
cofid,13-236,"Drumstick leaves, raw",en,,Literature sources DG,100,g,9.2,7.4,1.5,72,cofid-2021
cofid,13-237,"Drumstick leaves, boiled in unsalted water",en,,Literature sources DG,100,g,11.2,6.6,1,70,cofid-2021
cofid,13-238,"Drumstick pods, raw",en,,Literature sources DG,100,g,7.2,2.1,0.2,37,cofid-2021
cofid,13-239,"Drumstick pods, boiled in unsalted water",en,,Literature sources DG,100,g,6.1,2.1,0.2,36,cofid-2021
cofid,13-240,"Endive, raw",en,,"Cichorium endivia, leaves only DG",100,g,1,1.8,0.2,13,cofid-2021
cofid,13-241,"Fennel, Florence, raw",en,,Inner leaves and bulb only DG,100,g,1.8,0.9,0.2,12,cofid-2021
cofid,13-243,"Fenugreek leaves, raw",en,,Literature sources DG,100,g,4.8,4.6,0.2,35,cofid-2021
cofid,13-244,"Garlic, raw",en,,Peeled cloves DG,100,g,16.3,7.9,0.6,98,cofid-2021
cofid,13-245,"Gherkins, raw",en,,5 samples. Ends trimmed DG,100,g,1.8,1,0.1,12,cofid-2021
cofid,13-246,"Gherkins, pickled, drained",en,,"10 samples, 5 brands DG",100,g,2.6,0.9,0.1,14,cofid-2021
cofid,13-248,"Gourd, ash, raw",en,,Literature sources DG,100,g,2.3,0.5,0.1,12,cofid-2021
cofid,13-249,"Gourd, bottle, raw",en,,Literature sources DG,100,g,2.7,0.4,0.1,13,cofid-2021
cofid,13-250,"Gourd, kantola, raw",en,,"3 samples. Ends trimmed, seeds removed DG",100,g,3,1.9,1,28,cofid-2021
cofid,13-252,"Gourd, karela, raw",en,,5 samples. Ends trimmed DG,100,g,0.8,1.6,0.2,11,cofid-2021
cofid,13-254,"Gourd, ridge, raw",en,,5 samples. Tough skin removed DG,100,g,3.3,0.8,0.1,17,cofid-2021
cofid,13-255,"Gourd, snake, raw",en,,Literature sources DG,100,g,4.1,0.5,0.3,21,cofid-2021
cofid,13-256,"Gourd, tinda, raw",en,,Literature sources DG,100,g,3.6,1.4,0.2,21,cofid-2021
cofid,13-258,"Horseradish, raw",en,,Flesh of root DG,100,g,11,4.5,0.3,62,cofid-2021
cofid,13-259,"Jackfruit, raw",en,,Literature sources DG,100,g,21.4,1.3,0.3,88,cofid-2021
cofid,13-261,"Kohl rabi, raw",en,,Peeled thickly DG,100,g,3.7,1.6,0.2,23,cofid-2021
cofid,13-271,"Lotus tubers, raw",en,,Literature sources DG,100,g,11,2.1,0.1,51,cofid-2021
cofid,13-273,"Mango, unripe, green flesh, raw",en,,Literature sources. DG,100,g,11.2,0.5,0.2,46,cofid-2021
cofid,13-274,"Marrow, raw",en,,"Flesh only, seeds removed DG",100,g,2.2,0.5,0.2,12,cofid-2021
cofid,13-276,"Marrow, boiled in unsalted water",en,,Based on boiled in salted water DG,100,g,1.6,0.4,0.2,9,cofid-2021
cofid,13-277,"Marrow, parwal, raw",en,,5 samples. Ends trimmed DG,100,g,2.1,1.6,0,14,cofid-2021
cofid,13-279,"Matoki, raw",en,,5 samples. Flesh only DG,100,g,22.3,1.2,0.2,90,cofid-2021
cofid,13-288,"Mushrooms, Chinese, dried, raw",en,,Literature sources DG,100,g,59.9,10,1.8,284,cofid-2021
cofid,13-289,"Mushrooms, Jew's ear, tender, dried, raw",en,,Literature sources; DG,100,g,62.4,6.9,1,279,cofid-2021
cofid,13-290,"Mushrooms, Jew's ear, tender, dried, soaked, raw",en,,Literature sources; DG,100,g,5.7,0.7,0.7,29,cofid-2021
cofid,13-291,"Mushrooms, Jew's ear, tough, dried, raw",en,,Literature sources: DG,100,g,68.7,4.8,2,325,cofid-2021
cofid,13-292,"Mushrooms, Jew's ear, tough, dried, soaked, raw",en,,Literature sources: DG,100,g,15.1,1.1,0.2,76,cofid-2021
cofid,13-293,"Mushrooms, oyster, raw",en,,Literature sources DG,100,g,0,1.6,0.2,8,cofid-2021
cofid,13-294,"Mushrooms, shiitake, dried, raw",en,,Literature sources: DG,100,g,63.9,9.6,1,296,cofid-2021
cofid,13-295,"Mushrooms, shiitake, cooked",en,,Literature sources: DG,100,g,12.3,1.6,0.2,55,cofid-2021
cofid,13-297,"Mustard and cress, raw",en,,Leaves and cut stems DG,100,g,0.4,1.6,0.6,13,cofid-2021
cofid,13-298,"Mustard leaves, raw",en,,Literature sources; DG,100,g,3.6,2.5,0.3,27,cofid-2021
cofid,13-299,"Mustard leaves, boiled in unsalted water",en,,Literature sources DG,100,g,1.9,2,0.2,17,cofid-2021
cofid,13-300,"Okra, raw",en,,Analysis and literature sources. Ends trimmed DG,100,g,3,2.8,1,31,cofid-2021
cofid,13-302,"Okra, stir-fried in corn oil",en,,"Analysis and literature sources. Ends trimmed, sliced and fried 5 minutes DG",100,g,4.4,4.3,26.1,269,cofid-2021
cofid,13-309,"Onions, pickled, drained",en,,"10 samples, 7 brands DG",100,g,4.9,0.9,0.2,24,cofid-2021
cofid,13-311,"Papaya, unripe, green flesh, raw",en,,Literature sources DG,100,g,5.5,0.9,0.1,27,cofid-2021
cofid,13-312,"Parsnip, raw",en,,Ends trimmed and peeled DG,100,g,12.5,1.8,1.1,64,cofid-2021
cofid,13-315,"Patra leaves, raw",en,,3 samples DG,100,g,2.6,4,1.5,39,cofid-2021
cofid,13-316,"Peppers, capsicum, chilli, green, raw",en,,Literature sources; DG,100,g,0.7,2.9,0.6,20,cofid-2021
cofid,13-317,"Peppers, capsicum, chilli, red, raw",en,,Literature sources DG,100,g,4.2,1.8,0.3,26,cofid-2021
cofid,13-318,"Peppers, capsicum, green, raw",en,,Stalk and seeds removed DG,100,g,2.6,0.8,0.3,15,cofid-2021
cofid,13-323,"Plantain, green flesh, raw",en,,Literature sources. DG,100,g,29.4,1.1,0.3,117,cofid-2021
cofid,13-324,"Plantain, boiled in unsalted water, flesh only",en,,10 samples. Flesh only; boiled 30 minutes. And literature sources DG,100,g,28.5,0.8,0.2,112,cofid-2021
cofid,13-326,"Pumpkin, flesh only, raw",en,,"Peeled thickly, seeds removed DG",100,g,2.2,0.7,0.2,13,cofid-2021
cofid,13-329,"Raddiccio, raw",en,,3 samples. Outer leaves removed DG,100,g,1.7,1.4,0.2,14,cofid-2021
cofid,13-331,"Radish, white/mooli, raw",en,,Literature sources DG,100,g,2.9,0.8,0.1,15,cofid-2021
cofid,13-332,"Radish leaves, raw",en,,Literature sources DG,100,g,3.5,3.5,0.5,33,cofid-2021
cofid,13-333,"Rape leaves, raw",en,,Literature sources; DG,100,g,4.8,3.8,0.3,37,cofid-2021
cofid,13-334,"Salsify, flesh only, raw",en,,Ends trimmed DG,100,g,10.2,1.3,0.3,27,cofid-2021
cofid,13-336,Sauerkraut,en,,"10 samples, 3 brands. Bottled and canned, drained DR",100,g,1.1,1.1,0,9,cofid-2021
cofid,13-337,"Seakale, stem only, boiled in unsalted water",en,,Boiled 20 minutes DG,100,g,0.6,1.4,0,8,cofid-2021
cofid,13-338,"Seaweed, Irish moss, raw",en,,Literature sources DG,100,g,0,1.5,0.2,8,cofid-2021
cofid,13-339,"Seaweed, kombu, dried, raw",en,,Analysis and literature sources DG,100,g,0,7.1,1.6,43,cofid-2021
cofid,13-340,"Seaweed, nori, dried, raw",en,,Analysis and literature sources DG,100,g,0,30.7,1.5,136,cofid-2021
cofid,13-341,"Seaweed, wakame, dried, raw",en,,Analysis and literature sources DG,100,g,0,12.4,2.4,71,cofid-2021
cofid,13-342,"Shallots, raw",en,,Literature sources DG,100,g,3.3,1.5,0.2,20,cofid-2021
cofid,13-348,"Spring greens, raw",en,,Main ribs and stems removed DG,100,g,3.1,3,1,33,cofid-2021
cofid,13-350,"Spring greens, boiled in unsalted water",en,,Based on boiled in salted water DG,100,g,1.6,1.9,0.7,20,cofid-2021
cofid,13-351,"Spring onions, bulbs only, raw",en,,Peeled DG,100,g,8.5,0.9,0,35,cofid-2021
cofid,13-352,"Spring onions, bulbs and tops, raw",en,,Peeled bulb and leaves DG,100,g,3,2,0.5,23,cofid-2021
cofid,13-353,"Squash, acorn, raw",en,,Literature sources DG,100,g,9,0.8,0.1,40,cofid-2021
cofid,13-354,"Squash, acorn, baked",en,,Literature sources and calculation from raw DG,100,g,12.6,1.1,0.1,56,cofid-2021
cofid,13-355,"Squash, butternut, raw",en,,Analytical and literature sources DG,100,g,8.3,1.1,0.1,36,cofid-2021
cofid,13-357,"Squash, spaghetti, raw",en,,Literature sources and analysis DG,100,g,4.6,0.6,0.6,26,cofid-2021
cofid,13-358,"Squash, spaghetti, baked",en,,Literature sources and anlaysis DG,100,g,4.3,0.7,0.3,23,cofid-2021
cofid,13-359,"Swede, flesh only, raw",en,,Peeled thinly DG,100,g,5,0.7,0.3,24,cofid-2021
cofid,13-375,"Tannia, raw",en,,Literature sources DG,100,g,24.5,1.3,0.4,107,cofid-2021
cofid,13-376,"Taro, raw",en,,Analysis and literature sources DG,100,g,26.2,1.4,0.2,106,cofid-2021
cofid,13-377,"Taro, baked",en,,"Literature sources and calculation from raw, baked 30 minutes DG",100,g,32.4,1.7,0.2,130,cofid-2021
cofid,13-378,"Taro, boiled in unsalted water",en,,"Literature sources, boiled 20 minutes DG",100,g,22.4,1.2,0.2,91,cofid-2021
cofid,13-379,"Taro, steamed",en,,Literature sources. Calculation from raw DG,100,g,24.5,1.3,0.2,99,cofid-2021
cofid,13-380,"Taro leaves, raw",en,,Literature sources DG,100,g,2.6,4.4,0.9,35,cofid-2021
cofid,13-381,"Taro leaves, steamed",en,,Ref. 4 and calculation from raw DG,100,g,1.4,2.4,0.5,19,cofid-2021
cofid,13-382,Tomato juice,en,,"10 samples, 9 brands PE",100,g,3,0.8,0,14,cofid-2021
cofid,13-389,"Turnip, flesh only, raw",en,,Peeled thinly DG,100,g,4.7,0.9,0.3,23,cofid-2021
cofid,13-391,"Turnip, boiled in unsalted water",en,,"Peeled thinly, diced and boiled 19 minutes, based on boiled in salted water DG",100,g,2,0.6,0.2,12,cofid-2021
cofid,13-392,"Turnip tops, boiled in unsalted water",en,,Leaves; boiled 20 minutes DG,100,g,0.2,2.7,0,13,cofid-2021
cofid,13-394,"Water chestnuts, raw",en,,Literature sources DG,100,g,10.4,1.4,0.2,46,cofid-2021
cofid,13-397,"Yam, flesh only, raw",en,,flesh only DG,100,g,28.2,1.5,0.3,114,cofid-2021
cofid,13-398,"Yam, baked",en,,Literature sources and calculation from raw; baked 30 minutes DG,100,g,37.5,2.1,0.4,153,cofid-2021
cofid,13-401,"Yam, steamed",en,,"Literature sources and calculation from raw, steamed 25 minutes DG",100,g,28.2,1.5,0.3,114,cofid-2021
cofid,13-412,"Aubergine, fried in butter",en,,Calculation from fried in corn oil DG,100,g,2.8,1.2,31.9,302,cofid-2021
cofid,13-414,"Courgette, fried in butter",en,,Calculation from fried in corn oil DG,100,g,2.6,2.6,4.8,63,cofid-2021
cofid,13-426,"Beansprouts, mung, raw",en,,As purchased DB,100,g,4,2.9,0.5,31,cofid-2021
cofid,13-438,"Peas, raw",en,,"Whole peas, no pods DF",100,g,11.3,6.9,1.5,83,cofid-2021
cofid,13-439,"Peas, boiled in unsalted water",en,,"Whole peas, no pods. Boiled 20 minutes DF",100,g,10,6.7,1.6,79,cofid-2021
cofid,13-448,"Carrots, young, raw",en,,"Ends trimmed, scrubbed DG",100,g,6,0.7,0.5,30,cofid-2021
cofid,13-449,"Carrots, young, boiled in unsalted water",en,,"Ends trimmed, scrubbed, sliced and boiled 15 minutes DG",100,g,4.4,0.6,0.4,22,cofid-2021
cofid,13-458,"Spinach, frozen, boiled in unsalted water",en,,"10 samples, 8 brands, boiled for 2-10 minutes DG",100,g,0.5,3.1,0.8,21,cofid-2021
cofid,13-463,"Sweet potato, raw, flesh only",en,,Yellow variety DG,100,g,21.3,1.2,0.3,87,cofid-2021
cofid,13-483,"Potato wedges, retail, cooked",en,,"10 samples, 9 products, frozen, including McCain and own brands DAR",100,g,30.6,2.8,5.5,176,cofid-2021
cofid,13-484,"Dahl, mixed, homemade",en,,"5 samples, mixed lentils in spices DB",100,g,9.1,4.9,0.7,60,cofid-2021
cofid,13-485,"Potato chips, fried in commercial oil, from takeaway fish and chip shops",en,,"10 samples, cooked in beef fat or commercial vegetable oil DAP",100,g,33.2,3.5,8.4,214,cofid-2021
cofid,13-486,"Potato chips, fine cut, from fast food outlets",en,,"5 samples, including McDonald's, Burger King, Wimpy, KFC DAP",100,g,39.7,3.5,14.2,290,cofid-2021
cofid,13-487,"Potato chips, oven ready, no batter, baked",en,,"11 samples, 10 products, straight cut and crinkle cut DAP",100,g,35.3,3.2,4.9,189,cofid-2021
cofid,13-488,"Potato chips, oven ready, with batter, baked",en,,"10 samples, 8 brands, including McCain Homefries and Crispy French Fries, Aunt Bessie's Homestyle Chips and own brands DAP",100,g,35.6,3.4,6.1,202,cofid-2021
cofid,13-489,"Potatoes, old, raw, flesh only",en,,"22 samples, autumn and winter, including white and red varieties, pre-packed and loose DAM",100,g,19.6,1.9,0.1,82,cofid-2021
cofid,13-490,"Potatoes, old, boiled in unsalted water, flesh only",en,,"22 samples, autumn and winter, including white and red varieties, pre-packed and loose DAM",100,g,17.5,1.8,0.1,74,cofid-2021
cofid,13-491,"Potatoes, old, baked, flesh and skin",en,,"22 samples, autumn and winter, including white and red varieties, pre-packed and loose DAM",100,g,22.6,2.5,0.2,97,cofid-2021
cofid,13-492,"Potatoes, old, roasted in sunflower oil, flesh only",en,,"Calculated from baked. Water and fat analysed, 2012 DAM",100,g,26.4,2.6,5.7,161,cofid-2021
cofid,13-493,"Potatoes, old, wedges, with skin, homemade, cooked in rapeseed oil",en,,"Calculated from baked. Water and fat analysed, 2012. Most unspecified vegetable oils are made from rapeseed oil DAM",100,g,26.5,2.9,3.8,145,cofid-2021
cofid,13-494,"Potatoes, old, microwaved, flesh and skin",en,,"11 samples, including white and red varieties, pre-packed and loose DAM",100,g,21.5,2.6,0.1,92,cofid-2021
cofid,13-495,"Potatoes, new and salad, boiled in unsalted water, flesh and skin",en,,"22 samples, including UK grown and imported, pre-packed and loose DAE",100,g,14.9,1.8,0.1,68,cofid-2021
cofid,13-496,"Carrots, old, raw",en,,"22 samples, autumn and winter, UK grown, pre-packed and loose, top and tailed, peeled and not peeled DG",100,g,7.7,0.5,0.4,34,cofid-2021
cofid,13-497,"Carrots, old, boiled in unsalted water",en,,"As raw, boiled for 5-10 minutes DG",100,g,6,0.5,0.5,29,cofid-2021
cofid,13-498,"Carrots, old, microwaved",en,,"As raw, cooked for 3-8 minutes DG",100,g,7.5,0.6,0.2,32,cofid-2021
cofid,13-499,"Onions, raw",en,,"22 samples, autumn and winter, UK grown and imported, pre-packed and loose DG",100,g,8,1,0.1,35,cofid-2021
cofid,13-500,"Onions, boiled in unsalted water",en,,"22 samples, autumn and winter, UK grown and imported, pre-packed and loose DG",100,g,5.4,0.7,0.3,25,cofid-2021
cofid,13-501,"Onions, fried in sunflower oil",en,,"Calculated from raw, fried for 5-10 minutes. Nitrogen, fat and water analysed, 2011 DG",100,g,11.2,1.2,5.3,95,cofid-2021
cofid,13-502,"Broccoli, green, raw",en,,"22 samples, autumn and winter, UK grown and imported, pre-packed and loose, Calabrese DG",100,g,3.2,4.3,0.6,34,cofid-2021
cofid,13-503,"Broccoli, green, boiled in unsalted water",en,,"As raw, boiled for 3-8 minutes, Calabrese DG",100,g,2.8,3.3,0.5,28,cofid-2021
cofid,13-504,"Broccoli, green, steamed",en,,"As raw, steamed for 3-9 minutes, Calabrese DG",100,g,3.5,4.1,0.5,34,cofid-2021
cofid,13-505,"Mushrooms, white, raw",en,,"11 samples, closed cap and button, UK grown and imported, pre-packed and loose DG",100,g,0.3,1,0.2,7,cofid-2021
cofid,13-506,"Mushrooms, white, stewed in unsalted water",en,,"As raw, stewed for 5-10 minutes DG",100,g,0.1,1.4,0.3,9,cofid-2021
cofid,13-507,"Mushrooms, white, fried in rapeseed oil",en,,"Calculated from raw, cooked for 6.5-10 minutes. Water and fat analysed, 2011 DG",100,g,0.4,1.4,11,106,cofid-2021
cofid,13-508,"Sweetcorn, kernels, boiled 'on the cob' in unsalted water",en,,"16 samples, autumn and winter, UK grown and imported DG",100,g,9.5,3.6,1.9,67,cofid-2021
cofid,13-509,"Cabbage, white, raw",en,,"19 samples, autumn and winter, UK grown and imported, pre-packed and loose DG",100,g,4.8,1.2,0.1,24,cofid-2021
cofid,13-510,"Cabbage, green, raw",en,,"22 samples, autumn and winter, UK grown and imported, pre-packed and loose DG",100,g,4.1,2.4,0.2,27,cofid-2021
cofid,13-511,"Cabbage, green, boiled in unsalted water",en,,"As raw, boiled for 4-8 minutes DG",100,g,2.3,1.5,0.2,17,cofid-2021
cofid,13-512,"Cauliflower, raw",en,,"22 samples, autumn and winter, UK grown and imported, pre-packed and loose DG",100,g,4.4,2.5,0.4,30,cofid-2021
cofid,13-513,"Cauliflower, boiled in unsalted water",en,,"As raw, boiled for 4-8 minutes DG",100,g,3.5,1.9,0.9,29,cofid-2021
cofid,13-514,"Beans, green, raw",en,,"22 samples, autumn and winter, UK grown and imported, pre-packed and loose, including dwarf, fine and extra fine, not runner bean DB",100,g,3.1,2.1,0.4,24,cofid-2021
cofid,13-515,"Beans, green, boiled in unsalted water",en,,"As raw, boiled for 3-6 minutes, not runner bean DB",100,g,4,2.1,0.3,26,cofid-2021
cofid,13-516,"Pak choi, steamed",en,,"16 samples, autumn and winter, UK grown and imported DG",100,g,1.9,1.5,0.1,14,cofid-2021
cofid,13-517,"Tomatoes, standard, raw",en,,"22 samples, autumn and winter, UK grown and imported, 'on the vine' and loose DG",100,g,3,0.5,0.1,14,cofid-2021
cofid,13-518,"Tomatoes, standard, grilled, flesh and seeds only",en,,"As raw, grilled for 6-9 minutes DG",100,g,3.4,0.6,0.2,17,cofid-2021
cofid,13-519,"Tomatoes, cherry, raw",en,,"21 samples, autumn and winter, UK grown and imported, 'on the vine' and loose DG",100,g,3.6,1.1,0.5,22,cofid-2021
cofid,13-520,"Lettuce, average, raw",en,,"22 samples, autumn and winter, UK grown and imported, including shredded, Iceberg, Romaine and Little Gem DG",100,g,1.4,1.2,0.1,11,cofid-2021
cofid,13-521,"Spinach, baby, raw",en,,"16 samples, autumn and winter, UK grown and imported DG",100,g,0.2,2.6,0.6,16,cofid-2021
cofid,13-522,"Rocket, raw",en,,"19 samples, autumn and winter, UK grown and imported DG",100,g,0,3.6,0.4,18,cofid-2021
cofid,13-523,"Cucumber, raw, flesh and skin",en,,"22 samples, autumn and winter, UK grown and imported DG",100,g,1.2,1,0.6,14,cofid-2021
cofid,13-524,"Pepper, capsicum, red, raw",en,,"22 samples, autumn and winter, UK grown and imported, pre-packed and loose DG",100,g,4.3,0.8,0.2,21,cofid-2021
cofid,13-525,"Pepper, capsicum, red, boiled in unsalted water",en,,"22 samples, autumn and winter, UK grown and imported, pre-packed and loose DG",100,g,3.4,0.8,0.1,17,cofid-2021
cofid,13-526,"Pepper, capsicum, yellow, raw",en,,"22 samples, autumn and winter, UK grown and imported, pre-packed and loose DG",100,g,4.6,0.8,0.2,23,cofid-2021
cofid,13-527,"Peas, frozen, raw",en,,"12 samples, 8 brands, garden peas and petit pois DF",100,g,10.7,5.3,0.7,68,cofid-2021
cofid,13-528,"Peas, frozen, microwaved",en,,"12 samples, 8 brands, garden peas and petit pois, cooked for 2-4.5 minutes DF",100,g,10.8,5.7,0.9,71,cofid-2021
cofid,13-529,"Sweetcorn kernels, canned in water, drained",en,,"12 samples, 8 brands, no added salt or sugar DG",100,g,13.9,2.6,1.7,78,cofid-2021
cofid,13-530,"Tomatoes, canned, whole contents",en,,"12 samples, 9 brands, whole and chopped, no added salt DG",100,g,3.8,1.1,0.1,19,cofid-2021
cofid,13-531,Tomato puree,en,,"9 samples, 8 brands, double concentrate, no added salt DG",100,g,12.9,4.4,0.2,67,cofid-2021
cofid,13-532,"Baked beans, canned in tomato sauce",en,,"16 samples, 9 brands DB",100,g,15,5,0.5,81,cofid-2021
cofid,13-533,"Potato products, shaped, frozen, baked",en,,"Frozen, including waffles, smiley faces and letters DA",100,g,28.1,2.5,8.3,190,cofid-2021
cofid,13-534,"Potatoes, old, roasted in rapeseed oil",en,,"Calculated from raw, parboiled for 5-10 minutes and roasted for 50 minutes. Water and fat analysed, 2013. Most unspecified vegetable oils are made from rapeseed oil DA",100,g,26.4,2.6,5.7,161,cofid-2021
cofid,13-535,"Baked beans, canned in tomato sauce, reduced sugar, reduced salt",en,,Estimated from 13-532 and industry data DB,100,g,13.5,5,0.5,75,cofid-2021
cofid,13-536,"Peas, frozen, boiled in unsalted water",en,,Calculated from raw using a weight loss of 3.8% DF,100,g,11.2,5.5,0.7,70,cofid-2021
cofid,13-537,"Pepper, capsicum, yellow, boiled in unsalted water",en,,Calculated from 13-526 using 13.1% weight loss DG,100,g,5.3,0.9,0.3,26,cofid-2021
cofid,13-540,"Cabbage, red, boiled in unsalted water",en,,"Outer leaves and stem removed. Shredded and boiled 19 minutes, based on boiled in salted water DG",100,g,2.3,0.8,0.3,15,cofid-2021
cofid,13-542,"Fennel, Florence, boiled in unsalted water",en,,"As raw, boiled for 14 minutes, based on boiled in salted water DG",100,g,1.5,0.9,0.2,11,cofid-2021
cofid,13-543,"Vegetables, mixed, frozen, boiled in unsalted water",en,,"10 samples. Assorted varieties. Simmered 3-7 minutes, based on boiled in salted water DG",100,g,6.6,3.3,0.5,42,cofid-2021
cofid,13-545,"Mushrooms, white, fried in salted butter",en,,Calculated from 13-507 and 13-416 DG,100,g,0.4,1.4,11,106,cofid-2021
cofid,13-546,"Mushrooms, white, fried in corn oil",en,,Calculated from 13-505 and 17-033 DG,100,g,0.4,1.4,11,106,cofid-2021
cofid,13-548,"Peppers, capsicum, green, boiled in unsalted water",en,,"As raw, sliced and boiled for 15 minutes, based on boiled in salted water DG",100,g,2.6,1,0.5,18,cofid-2021
cofid,13-549,"Pumpkin, flesh only, boiled in unsalted water",en,,"Peeled thickly, seeds removed, boiled for 15 minutes, based on boiled in salted water DG",100,g,1.9,0.6,0.3,12,cofid-2021
cofid,13-550,"Spinach, baby, boiled in unsalted water",en,,Calculated from raw using a weight loss of 19.8% DG,100,g,0.2,3.2,0.7,20,cofid-2021
cofid,13-553,"Potatoes, old, mashed with butter",en,,"Recipe. 100g boiled potatoes, 5g butter, 7g milk DAM",100,g,15.9,1.9,3.9,102,cofid-2021
cofid,13-554,"Potatoes, old, mashed with reduced fat spread",en,,"Recipe. 100g boiled potatoes, 5g butter, 7g milk DAM",100,g,15.9,1.8,2.8,93,cofid-2021
cofid,13-555,"Potato chips, homemade, fried in rapeseed oil",en,,Calculated from raw and deep fried in corn oil DAP,100,g,34.1,3.6,6.7,202,cofid-2021
cofid,13-556,Houmous,en,,Chick pea spread DB,100,g,10.5,6.8,26.7,307,cofid-2021
cofid,13-557,"Potato chips, microwave, cooked",en,,"10 samples, 2 brands; cooked as packet directions DAP",100,g,32.1,3.6,9.6,221,cofid-2021
cofid,13-558,"Potato powder, instant, made up with water",en,,Calculated from ingredients; made up as packet directions DAR,100,g,13.5,1.5,0.1,57,cofid-2021
cofid,13-559,"Beans, butter, canned, re-heated, drained",en,,"10 cans, 5 brands, no added salt DB",100,g,13,5.9,0.5,77,cofid-2021
cofid,13-562,"Peas, marrowfat, canned, re-heated, drained",en,,"10 samples, 6 brands DF",100,g,13.8,6.9,0.8,87,cofid-2021
cofid,13-563,"Peas, mushy, canned, re-heated",en,,"10 samples, 3 brands DF",100,g,13.8,5.8,0.7,81,cofid-2021
cofid,13-564,"Peas, canned in water, re-heated, drained",en,,"10 samples, 9 brands, no added salt DF",100,g,8,5.3,0.9,59,cofid-2021
cofid,13-565,"Carrots, young, canned in water, re-heated, drained",en,,"10 cans, 5 brands, no added salt DG",100,g,4.2,0.5,0.3,20,cofid-2021
cofid,13-566,"Potatoes, old, potato wedges, with skin, cooked in sunflower oil, homemade",en,,Calculated from 13-491 and 17-045 DAM,100,g,26.5,2.9,3.8,145,cofid-2021
cofid,13-567,"Beansprouts, mung, stir-fried in rapeseed oil",en,,6 samples; stir-fried 2 minutes.  And calculated from raw DB,100,g,2.5,1.9,6.1,72,cofid-2021
cofid,13-569,"Plantain, ripe, fried in rapeseed oil",en,,8 samples. Most unspecified vegetable oils are made from rapeseed oil DG,100,g,47.5,1.5,9.2,267,cofid-2021
cofid,13-570,"Tofu, soya bean, steamed",en,,Soya bean curd; 7 assorted samples DB,100,g,0.7,8.1,4.2,73,cofid-2021
cofid,13-571,"Tofu, soya bean, steamed, fried",en,,Calculated from steamed and Literature sources DB,100,g,2,23.5,17.7,261,cofid-2021
cofid,13-572,"Spinach, mature, raw",en,,Ribs and stems removed DG,100,g,1.6,2.8,0.8,25,cofid-2021
cofid,13-573,"Spinach, mature, boiled in unsalted water",en,,"Ribs and stems removed, shredded DG",100,g,0.8,2.2,0.8,19,cofid-2021
cofid,13-574,"Quorn, pieces, as purchased",en,,pieces DG,100,g,1.1,14,1.4,73,cofid-2021
cofid,13-576,"Kohl rabi, boiled in unsalted water",en,,"Peeled thickly, diced and boiled 22 minutes, based on boiled in salted water DG",100,g,3.1,1.2,0.2,18,cofid-2021
cofid,13-577,"Aubergine, fried in rapeseed oil",en,,Calculated from fried in corn oil and 17-686 DG,100,g,2.8,1.2,31.9,302,cofid-2021
cofid,13-578,"Baked beans, canned in barbecue sauce",en,,"5 cans (Heinz), and manufacturer's data DB",100,g,14,5.3,0.4,77,cofid-2021
cofid,13-579,"Baked beans, canned in tomato sauce, with pork sausages",en,,"LGC; 10 cans, 3 brands DB",100,g,11,6,4.5,98,cofid-2021
cofid,13-580,"Beansprouts, mung, boiled in unsalted water",en,,Boiled 4 minutes DB,100,g,2.8,2.5,0.5,25,cofid-2021
cofid,13-581,"Cabbage, average, boiled in unsalted water",en,,Average of green and white cabbage DG,100,g,2.8,1.1,0.2,17,cofid-2021
cofid,13-582,"Cabbage, average, raw",en,,Average of white (13-509) and green (13-510) cabbage DG,100,g,4.4,1.8,0.2,26,cofid-2021
cofid,13-583,"Broccoli, green, boiled in salted water",en,,"22 samples, autumn and winter, UK grown and imported, pre-packed and loose DG",100,g,2.8,3.3,0.5,28,cofid-2021
cofid,13-584,"Cabbage, white, boiled in unsalted water",en,,Calculated from 13-509 using dry matter weights DG,100,g,3.2,0.8,0.1,16,cofid-2021
cofid,13-585,"Celeriac, boiled in unsalted water",en,,"As raw; diced and boiled 20 minutes, calculated from boiled in salted water DG",100,g,1.9,0.9,0.5,15,cofid-2021
cofid,13-586,"Chicory, pale variety, boiled in unsalted water",en,,"Cichorium intybus. Stem and inner leaves. Boiled for 7 minutes, based on boiled in salted water DG",100,g,2.1,0.6,0.3,7,cofid-2021
cofid,13-587,"Courgette, fried in rapeseed oil",en,,Calculated from fried in corn oil DG,100,g,2.6,2.6,4.8,63,cofid-2021
cofid,13-588,"Matoki, boiled in unsalted water",en,,"Green banana from East Africa. LGC. As raw; chopped and boiled 12 minutes, based on boiled in salted water DG",100,g,22.3,1.3,0.2,91,cofid-2021
cofid,13-589,"Onions, baked",en,,"Calculated from 13-499 using weight loss of 20%, baked for 90 minutes at 180C DG",100,g,9.9,1.2,0.2,43,cofid-2021
cofid,13-590,"Onions, dried, raw",en,,Calculated from raw (13-499) DG,100,g,70.2,8.8,1.2,309,cofid-2021
cofid,13-591,"Onions, fried in rapeseed oil",en,,Calculated from 13-501 DG,100,g,11.2,1.2,5.3,95,cofid-2021
cofid,13-592,"Onions, fried in corn oil",en,,Calculated from fried in sunflower oil and from corn oil DG,100,g,11.2,1.2,5.3,95,cofid-2021
cofid,13-593,"Onions, fried in lard",en,,Calculated from fried in sunflower oil and lard DG,100,g,11.2,1.2,5.3,95,cofid-2021
cofid,13-594,"Peas, sugar-snap, boiled in unsalted water",en,,"Whole pods; boiled 3 minutes and calculated from raw, based on boiled in salted water DG",100,g,4.7,3.1,0.3,33,cofid-2021
cofid,13-595,"Potato chips, homemade, fried in corn oil",en,,"Deep fried 6 minutes, 190C. Calculated from 13-021 and 13-489 DAP",100,g,33.1,3.2,6.7,197,cofid-2021
cofid,13-596,"Potato chips, homemade, fried in dripping",en,,"Deep fried 6 minutes, 190C. Calculated from 13-021 and 13-489 DAP",100,g,33.1,3.2,6.7,197,cofid-2021
cofid,13-597,"Potato chips, homemade, fried in sunflower oil",en,,"Deep fried 6 minutes, 190C. Calculated from 13-021 and 13-489 DAP",100,g,33.1,3.2,6.7,197,cofid-2021
cofid,13-598,"Potato powder, instant, raw",en,,"10 samples, 9 brands DAR",100,g,74.9,8.4,0.6,320,cofid-2021
cofid,13-599,"Potatoes, old, roasted in corn oil",en,,"Calculated from raw, parboiled for 5-10 minutes and roasted for 50 minutes. Water and fat analysed, 2013 DAM",100,g,26.4,2.6,5.7,161,cofid-2021
cofid,13-600,"Potatoes, old, roasted in lard",en,,"Calculated from raw, parboiled for 5-10 minutes and roasted for 50 minutes. Water and fat analysed, 2013 DAM",100,g,26.4,2.6,5.7,161,cofid-2021
cofid,13-601,"Salsify, flesh only, boiled in unsalted water",en,,"Ends ttrimmed, boiled 22 minutes, based on boiled in salted water DG",100,g,8.6,1.1,0.4,23,cofid-2021
cofid,13-602,"Tomatoes, standard, fried in rapeseed oil",en,,Calculated from 13-517 DG,100,g,4.5,0.8,7.7,89,cofid-2021
cofid,13-603,"Tomatoes, standard, fried in corn oil",en,,Calculated from 13-517 DG,100,g,4.5,0.8,7.7,89,cofid-2021
cofid,13-604,"Vegetables, mixed, stir-fry type, frozen, fried in rapeseed oil",en,,8 samples. Assorted varieties. Stir-fried 4-7 minutes DG,100,g,6.4,2,3.6,64,cofid-2021
cofid,13-605,"Potatoes, old, boiled in salted water, flesh only",en,,"22 samples, autumn and winter, including white and red varieties, pre-packed and loose, based on boiled in unsalted water DAM",100,g,17.5,1.8,0.1,74,cofid-2021
cofid,13-606,"Sweetcorn, kernels, boiled 'on the cob' in unsalted water, weighed with core",en,,Calculated from 13-508 using edible conversion factor of 0.59 DG,100,g,5.6,2.1,1.1,39,cofid-2021
cofid,13-607,Carrot juice,en,,"7 samples, 3 brands. Bottles and cartons DG",100,g,5.7,0.5,0.1,24,cofid-2021
cofid,13-608,"Green beans, dried",en,,Calculated from raw beans (13-514) DI,100,g,31.9,21.6,4.4,246,cofid-2021
cofid,13-609,"Sweetcorn, dried",en,,Calculated from raw sweetcorn (13-508) DI,100,g,35.5,13.4,7.1,251,cofid-2021
cofid,13-610,"Potatoes, new and salad, boiled in salted water, flesh and skin",en,,"22 samples, including UK grown and imported, pre-packed and loose DAE",100,g,14.9,1.8,0.1,68,cofid-2021
cofid,13-611,"Onions, fried in butter",en,,Calculated from 13-592 and estimated from 13-417 D,100,g,11.2,1.2,5.3,95,cofid-2021
cofid,13-612,"Potato chips, fried in palm oil, from takeaway fish and chip shops",en,,10 samples with fatty acids calculated from palm oil DAR,100,g,33.2,3.5,8.4,214,cofid-2021
cofid,13-613,"Potato chips, fried in beef dripping, from takeaway fish and chip shops",en,,10 samples with fatty acids calculated from beef dripping DAR,100,g,33.2,3.5,8.4,214,cofid-2021
cofid,13-614,"Potato chips, fried in rapeseed oil, from takeaway fish and chip shops",en,,10 samples with fatty acids calculated from rapeseed oil DAR,100,g,33.2,3.5,8.4,214,cofid-2021
cofid,13-615,"Potato powder, instant, made up with semi-skimmed milk",en,,Calculated from ingredients; made up as packet directions DAR,100,g,14.2,2.4,0.5,67,cofid-2021
cofid,13-616,"Potato powder, instant, made up with skimmed milk",en,,Calculated from ingredients; made up as packet directions DAR,100,g,14.2,2.4,0.1,66,cofid-2021
cofid,13-617,"Potato powder, instant, made up with whole milk",en,,Calculated from ingredients; made up as packet directions DAR,100,g,14.8,2.4,1.2,76,cofid-2021
cofid,13-618,"Potatoes, new and salad, flesh only, raw",en,,"IFR, average of Desiree, King Edward, Pentland Crown, Maris Piper over 6 seasons, flesh only DAE",100,g,16.1,1.7,0.1,68,cofid-2021
cofid,13-619,"Potatoes, new, frozen, `roast' in corn oil",en,,"LGC; 10 samples, 3 brands. Deep fried and roasted DAE",100,g,23.4,2.5,6.6,157,cofid-2021
cofid,13-620,"Potatoes, old, baked, flesh only",en,,"IFR. Samples as raw; baked 90 minutes 200C and calculated from 13-491. Average of Desiree, King Edward, Pentland Crown, Maris Piper over 6 seasons DAM",100,g,18,2.2,0.1,77,cofid-2021
cofid,13-621,"Potatoes, old, baked, flesh only, weighed with skin",en,,"Calculated from flesh only. Average of Desiree, King Edward, Pentland Crown, Maris Piper over 6 seasons DAM",100,g,12.1,1.5,0.1,52,cofid-2021
cofid,13-622,"Sweetcorn, kernels, raw",en,,IFR; removed from cob DG,100,g,8.1,3.4,1.8,60,cofid-2021
cofid,13-623,"Sweetcorn, kernels, 'on-the-cob', raw, weighed with core",en,,Whole cob. Calculated from kernels DG,100,g,4.8,2,1.1,36,cofid-2021
cofid,13-624,"Leeks, raw",en,,"11 samples, UK, trimmed and damaged outer leaves removed DG",100,g,4.1,1.5,0.2,23,cofid-2021
cofid,13-625,"Leeks, boiled in unsalted water",en,,"11 samples, UK, trimmed and damaged outer leaves removed. Sliced and boiled for 5-8 minutes DG",100,g,2.5,1.2,0.2,16,cofid-2021
cofid,13-626,"Leeks, roasted in rapeseed oil",en,,"Calculated from raw. Water and fat analysed, 2017. 11 samples, mainly UK, trimmed and damaged outer leaves removed. Whole, sliced, halved and roasted for 25-40 minutes DG",100,g,4.5,1.7,1.9,41,cofid-2021
cofid,13-627,"Courgette, raw",en,,"11 samples from UK and Spain, ends trimmed DG",100,g,2.3,1.3,0.2,16,cofid-2021
cofid,13-628,"Courgette, boiled in unsalted water",en,,"11 samples from UK and Spain, ends trimmed. Cut into chunks or slices and boiled for 3-8 minutes DG",100,g,1.8,1.3,0.3,15,cofid-2021
cofid,13-629,"Courgette, roasted in rapeseed oil",en,,"11 samples, mixture of UK and Spain, ends trimmed. Cut into chunks or slices, coated with 0.5-1 tbsp fat and roasted for 20 minutes DG",100,g,3.55,2,1.9,39,cofid-2021
cofid,13-630,"Brussels sprouts, boiled in unsalted water",en,,"11 samples, UK, including standard, peeled and baby. Base trimmed and outer leaves removed, boiled for 4-10 minutes DG",100,g,4.2,3.1,0.4,32,cofid-2021
cofid,13-631,"Parsnip, boiled in unsalted water",en,,"11 samples, UK, ends trimmed and peeled. Cut into chunks or slices, boiled for 8-12 minutes DG",100,g,14.7,1.2,0.7,66,cofid-2021
cofid,13-632,"Parsnip, roasted in rapeseed oil",en,,"Calculated from boiled. Fat and water analysed, 2017. 11 samples, UK, ends trimmed and peeled. Cut into quarters or halves and coated with 1 tbsp rapeseed oil, roasted for 35-55 minutes DG",100,g,28.8,2.4,4.5,158,cofid-2021
cofid,13-633,"Beetroot, cooked in unsalted water",en,,"11 samples, UK and Dutch, including fresh and ready-cooked vacuum packed beetroot, no added vinegar. For fresh samples, top and root trimmed, peeled. Boiled for 1-2 hours DG",100,g,11.6,1.6,0.3,53,cofid-2021
cofid,13-634,"Sweetcorn, baby, boiled in unsalted water",en,,"11 samples, fresh, imported. Boiled for 4-13 minutes DG",100,g,4.6,2.2,0.6,31,cofid-2021
cofid,13-635,"Sweetcorn, baby, stir-fried in rapeseed oil",en,,"Calculated from boiled. Fat and water analysed, 2017. 11 samples, fresh, all imported. Stir-fried in 1.5-4 tbsp oil for 3-5 minutes DG",100,g,5.4,2.5,6,84.25,cofid-2021
cofid,13-636,"Celery, raw",en,,"11 samples, UK, including whole heads, hearts and sticks, stem only DG",100,g,1.4,0.5,0.1,9,cofid-2021
cofid,13-637,"Celery, boiled in unsalted water",en,,"Calculated from raw. Water analysed, 2017. 11 samples, UK, including whole heads, hearts and sticks, stem only. Sliced and boiled for 5-10 minutes DG",100,g,0.8,0.3,0.1,5.1,cofid-2021
cofid,13-638,"Asparagus, steamed",en,,"11 samples, fresh, UK and imported, including tips and thicker stems. Tough base of stems removed, steamed for 3-18 minutes DG",100,g,1.6,2.9,0.4,21,cofid-2021
cofid,13-639,"Asparagus, grilled",en,,"Calculated from steamed. Water and fat analysed, 2017. 7 samples, fresh, imported, including tips and thicker stems. Tough base of stems removed, grilled for 4-6 minutes DG",100,g,2,3.5,0.4,25.1,cofid-2021
cofid,13-640,"Asparagus, roasted in rapeseed oil",en,,"Calculated from steamed. Water and fat analysed, 2017. 7 samples, fresh, imported, including tips and thicker stems, tough base of stems removed. Roasted in 0.5-1 tbsp oil for 10 minutes DG",100,g,2,3.5,1.5,35,cofid-2021
cofid,13-641,"Peas, mange-tout, boiled in unsalted water",en,,"11 samples, imported, boiled for 3-6 minutes DF",100,g,4.2,3.3,0.4,32,cofid-2021
cofid,13-642,"Peas, mange-tout, stir-fried in rapeseed oil",en,,"Calculated from boiled. Water and fat analysed, 2017. 11 samples, fresh, imported, Stir fried in 1-2.5 tbsp oil for 2-5 minutes DF",100,g,3.6,2.8,4.9,69,cofid-2021
cofid,13-643,"Squash, butternut, boiled in unsalted water",en,,"Calculated from baked. Water analysed, 2017. 11 samples, imported, flesh only, loose and prepacked chunks. Cut into chunks and boiled for 15-20 minutes DG",100,g,5.1,0.9,0.1,24,cofid-2021
cofid,13-644,"Squash, butternut, baked",en,,"11 samples, imported, flesh only, loose and prepacked chunks DG",100,g,8.4,1.4,0.2,39,cofid-2021
cofid,13-646,"Sweet potato, flesh only, boiled in unsalted water",en,,"11 samples, imported. Peeled, cut into chunks and boiled for 5-20 minutes DG",100,g,13,1.7,0.2,58,cofid-2021
cofid,13-647,"Sweet potato, wedges, flesh and skin, baked in rapeseed oil",en,,"11 samples, all imported. Cut into wedges, coated with 1.5-2 tbsp oil and roasted for 30-45 minutes DG",100,g,24.7,2.9,3.9,139,cofid-2021
cofid,13-648,"Beans, broad, whole, boiled in unsalted water",en,,"11 samples, UK, fresh. Removed from pods and boiled for 3-10 minutes DB",100,g,12.3,9,1,91,cofid-2021
cofid,13-649,"Curly kale, boiled in unsalted water",en,,"11 samples, UK, fresh. Larger stems and tough ribs removed, boiled for 3-9 minutes DG",100,g,1,2.7,1.3,26,cofid-2021
cofid,13-650,"Swede, flesh only, boiled in unsalted water",en,,"11 samples, UK, fresh. Peeled, diced and boiled for 13-20 minutes DG",100,g,5.8,0.7,0.1,26,cofid-2021
cofid,13-651,"Aubergine, flesh and skin, boiled in unsalted water",en,,"11 samples, UK and imported. Cut into chunks and boiled for 10-30 minutes DG",100,g,1.8,0.7,0.5,14,cofid-2021
cofid,13-652,"Okra, boiled in unsalted water",en,,"11 samples, imported. Tops and tails removed, boiled for 4-6 minutes DG",100,g,1.9,1.8,0.2,16,cofid-2021
cofid,13-654,"Beans, runner, boiled in unsalted water",en,,"11 samples, mixture of UK and imported, fresh. Tops, tails and strings removed, boiled for 5-6 minutes DB",100,g,1.9,1.1,0.5,16,cofid-2021
cofid,13-655,"Yam, flesh only, boiled in unsalted water",en,,"8 samples, fresh, imported. Peeled, cut into chunks and boiled for 20-30 minutes DG",100,g,29.3,1.6,0.2,118,cofid-2021
cofid,13-656,"Radish, red, flesh and skin, raw",en,,"10 samples, UK and imported, end and top trimmed DG",100,g,1.4,0.7,0.4,12,cofid-2021
cofid,13-657,"Lentils, red, split, dried, raw",en,,"10 samples, 10 products, as purchased DB",100,g,51.2,25.6,1.8,311,cofid-2021
cofid,13-658,"Lentils, red, split, dried, boiled in unsalted water",en,,"10 samples, 10 products, boiled for 15-40 minutes DB",100,g,16.9,8.1,0.7,102,cofid-2021
cofid,13-659,"Beans, red kidney, dried, boiled in unsalted water",en,,"10 samples, 9 products, soaked and boiled for 40-70 minutes DB",100,g,15.1,8.6,1,100,cofid-2021
cofid,13-660,"Beans, red kidney, canned in water, re-heated, drained",en,,"Fibre only analysed. 10 samples, 9 products, heated for 3-5 minutes DB",100,g,15.1,8.6,1,100,cofid-2021
cofid,13-661,"Lentils, green and brown, whole, dried, boiled in unsalted water",en,,"11 samples, 10 products, soaked and boiled for 15-50 minutes DB",100,g,14.5,7.8,0.7,92,cofid-2021
cofid,13-662,"Beans, chick peas, Kabuli, whole, dried, boiled in unsalted water",en,,"10 samples, 10 products, soaked and boiled for 45-100 minutes DB",100,g,18.3,8.4,3,129,cofid-2021
cofid,13-663,"Beans, butter, dried, boiled in unsalted water",en,,"7 samples, 6 products, soaked and boiled for 25-75 minutes DB",100,g,16.8,8.1,1.1,105,cofid-2021
cofid,13-664,"Beans, mung, whole, dried, boiled in unsalted water",en,,"6 samples, 6 products, soaked and boiled for 30-45 minutes DB",100,g,15.8,8.6,0.7,100,cofid-2021
cofid,13-665,"Beans, haricot, canned, re-heated, drained",en,,"6 samples, 4 products, canned in water, no added salt. Heated for 2-5 minutes before draining DB",100,g,15.6,7.1,1,96,cofid-2021
cofid,13-666,"Beans, cannellini, canned, re-heated, drained",en,,"10 samples, 7 products, canned in water, no added salt. Heated for 3-5 minutes before draining DB",100,g,15.9,7.6,1.6,104,cofid-2021
cofid,13-667,"Beans, edamame, frozen, boiled in unsalted water",en,,"7 samples, 5 products, including shelled and in pods. Boiled for 3-6 minutes, pods discarded DB",100,g,6.5,12.2,7.6,142,cofid-2021
cofid,13-668,"Courgette, dried",en,,Calculated from 13-627 DI,100,g,41.2,23.3,3.6,280,cofid-2021
cofid,13-669,"Aubergine, flesh and skin, roasted in rapeseed oil",en,,"11 samples, UK and imported, roasted in a small amount of rapeseed oil for 20-30 minutes DG",100,g,5.2,2.1,3.8,62,cofid-2021
cofid,13-670,"Beans, chick peas, canned, re-heated, drained",en,,"Fibre only analysed. 10 samples, 7 products, whole peas, canned in water, no added salt. Heated for 3-5 minutes before draining DB",100,g,18.3,8.4,3,129,cofid-2021
cofid,13-671,"Sweet potato, steamed",en,,Literature sources and calculation from raw DG,100,g,20.4,1.1,0.3,84,cofid-2021
cofid,13-672,"Sweet potato, baked",en,,Literature sources and calculation from raw DG,100,g,27.9,1.6,0.4,115,cofid-2021
cofid,13-804,"Basil, fresh",en,,6 samples and literature sources H,100,g,5.1,3.1,0.8,40,cofid-2021
cofid,13-805,"Basil, dried, ground",en,,Literature sources H,100,g,43.2,14.4,4,251,cofid-2021
cofid,13-806,"Bay leaf, dried",en,,"Reviewed 2013. LGC, Fruit and Vegetables, 1989-1990; Polacchi et al. (1982) Food composition tables for the near east; and Leung et al. (1972) Food composition table for use in East Asia H",100,g,48.6,7.6,8.4,313,cofid-2021
cofid,13-807,"Betel leaves, fresh",en,,Literature sources H,100,g,8.6,6.4,0.1,61,cofid-2021
cofid,13-811,"Chervil, dried",en,,Literature sources H,100,g,37.8,23.2,3.9,237,cofid-2021
cofid,13-818,"Coriander leaves, dried",en,,Literature sources H,100,g,41.7,21.8,4.8,279,cofid-2021
cofid,13-821,"Curry leaves, fresh",en,,Literature sources H,100,g,13.3,7.9,1.3,97,cofid-2021
cofid,13-823,"Curry powder, mixed flavours",en,,"Homemade, literature sources H",100,g,34.7,13,13.9,316,cofid-2021
cofid,13-824,"Dill, fresh",en,,6 samples and literature sources H,100,g,0.9,3.7,0.8,25,cofid-2021
cofid,13-825,"Dill, dried",en,,Literature sources H,100,g,42.2,19.9,4.4,253,cofid-2021
cofid,13-829,Garam masala,en,,Literature sources H,100,g,45.2,15.6,15.1,379,cofid-2021
cofid,13-830,Garlic powder,en,,Literature sources and calculation from fresh H,100,g,42.7,18.7,1.2,246,cofid-2021
cofid,13-832,"Ginger, ground",en,,3 samples and literature sources H,100,g,60,7.4,3.3,284,cofid-2021
cofid,13-835,"Marjoram, dried",en,,Literature sources H,100,g,42.5,12.7,7,271,cofid-2021
cofid,13-836,"Mint, fresh",en,,Literature sources H,100,g,5.3,3.8,0.7,43,cofid-2021
cofid,13-837,"Mint, dried",en,,10 samples and calculation from fresh H,100,g,34.6,24.8,4.6,279,cofid-2021
cofid,13-844,"Parsley, fresh",en,,Tough stalks removed H,100,g,2.7,3,1.3,34,cofid-2021
cofid,13-845,"Parsley, dried",en,,Literature sources H,100,g,14.5,15.8,7,181,cofid-2021
cofid,13-847,"Pepper, cayenne, ground",en,,Literature sources H,100,g,31.7,12,17.3,318,cofid-2021
cofid,13-852,Saffron,en,,Literature sources H,100,g,61.5,11.4,5.9,310,cofid-2021
cofid,13-853,"Sage, fresh",en,,5 samples and calculation from dried H,100,g,15.6,3.9,4.6,119,cofid-2021
cofid,13-854,"Sage, dried, ground",en,,Literature souces H,100,g,42.7,10.6,12.7,315,cofid-2021
cofid,13-855,"Tamarind leaves, fresh",en,,Literature sources H,100,g,18.2,5.8,2.1,115,cofid-2021
cofid,13-856,"Tamarind pulp, flesh only",en,,No seeds or shell; literature sources H,100,g,64.5,3.2,0.3,273,cofid-2021
cofid,13-857,"Tarragon, fresh",en,,"LGC, 5 samples and calculation from dried H",100,g,6.3,3.4,1.1,49,cofid-2021
cofid,13-858,"Tarragon, dried, ground",en,,Literature sources H,100,g,42.8,22.8,7.2,295,cofid-2021
cofid,13-876,Curry powder,en,,2 retail samples H,100,g,26.1,9.5,10.8,233,cofid-2021
cofid,13-882,"Rosemary, dried",en,,Literature sources H,100,g,46.4,4.9,15.2,331,cofid-2021
cofid,13-883,"Thyme, dried, ground",en,,Literature sources H,100,g,45.3,9.1,7.4,276,cofid-2021
cofid,13-884,"Mixed herbs, dried",en,,"Recipe; Equal quantities of Marjoram, Parsley, Sage and Thyme H",100,g,36.3,12.1,8.5,261,cofid-2021
cofid,13-887,"Chives, fresh",en,,Literature sources H,100,g,1.9,3.3,0.7,27,cofid-2021
cofid,13-888,"Coriander leaves, fresh",en,,Literature sources H,100,g,1.2,2.1,0.5,18,cofid-2021
cofid,13-890,"Ginger, fresh",en,,Literature sources H,100,g,8.1,1.8,0.8,44,cofid-2021
cofid,13-892,"Rosemary, fresh",en,,7 samples and calculation from dried H,100,g,13.5,1.4,4.4,99,cofid-2021
cofid,13-893,"Thyme, fresh",en,,4 samples and calculation from dried H,100,g,15.1,3,2.5,95,cofid-2021
cofid,14-001,Amla,en,,Literature sources FA,100,g,13.7,0.5,0.1,58,cofid-2021
cofid,14-016,"Apples, eating, dried",en,,"6 samples, 3 brands and calculation from 14-014 FA",100,g,60.1,2,0.5,238,cofid-2021
cofid,14-025,"Apricots, raw, flesh and skin",en,,18 samples FA,100,g,7.2,0.9,0.1,31,cofid-2021
cofid,14-026,"Apricots, raw, flesh and skin, weighed with stones",en,,Calculated from 14-025 FA,100,g,6.6,0.8,0.1,29,cofid-2021
cofid,14-027,"Apricots, stewed with sugar",en,,"1000g fruit, 100g water, 120g sugar; stones removed FA",100,g,18.3,0.7,0.1,72,cofid-2021
cofid,14-028,"Apricots, stewed with sugar, weighed with stones",en,,Calculated from 14-027 FA,100,g,17.1,0.6,0.1,67,cofid-2021
cofid,14-029,"Apricots, stewed without sugar",en,,"500g fruit, 75g water; stones removed FA",100,g,6.2,0.7,0.1,27,cofid-2021
cofid,14-030,"Apricots, stewed without sugar, weighed with stones",en,,Calculated from 14-029 FA,100,g,5.8,0.7,0.1,25,cofid-2021
cofid,14-031,"Apricots, dried",en,,No stones FA,100,g,43.4,4.8,0.7,188,cofid-2021
cofid,14-032,"Apricots, dried, stewed with sugar",en,,"Calculated from 450g fruit, 770g water, 54g sugar FA",100,g,22,1.9,0.3,92,cofid-2021
cofid,14-033,"Apricots, dried, stewed without sugar",en,,"Calculated from 450g fruit, 770g water FA",100,g,17.8,2,0.3,77,cofid-2021
cofid,14-039,"Avocado, Fuerte, flesh only",en,,10 samples and literature FA,100,g,1.9,2.1,19.3,189,cofid-2021
cofid,14-040,"Avocado, Fuerte, flesh only, weighed with skin and stone",en,,Calculated from 14-039 FA,100,g,1.3,1.5,13.7,134,cofid-2021
cofid,14-043,"Babaco, flesh only",en,,Literature sources FA,100,g,3.1,1.1,0.1,17,cofid-2021
cofid,14-049,"Blackberries, stewed with sugar",en,,"Calculated from 700g fruit, 210g water, 84g sugar FA",100,g,13.8,0.7,0.2,56,cofid-2021
cofid,14-050,"Blackberries, stewed without sugar",en,,"Calculated from 700g fruit, 210g water FA",100,g,4.4,0.8,0.2,21,cofid-2021
cofid,14-053,"Blackcurrants, raw",en,,"Whole fruit, stalks removed FA",100,g,6.6,0.9,0,28,cofid-2021
cofid,14-054,"Blackcurrants, stewed with sugar",en,,"Calculated from 700g fruit, 210g water, 84g sugar FA",100,g,15,0.7,0,58,cofid-2021
cofid,14-055,"Blackcurrants, stewed without sugar",en,,"Calculated from 700g fruit, 210g water FA",100,g,5.6,0.8,0,24,cofid-2021
cofid,14-059,Star fruit,en,,Carambola. Analysis and literature sources; ends trimmed FA,100,g,7.3,0.5,0.3,32,cofid-2021
cofid,14-060,"Cashew fruit, flesh only",en,,Literature sources FA,100,g,6.8,0.9,0.4,33,cofid-2021
cofid,14-063,"Cherries, stewed with sugar",en,,"Calculated from 900g fruit, 200g water, 108g sugar FA",100,g,21,0.7,0.1,82,cofid-2021
cofid,14-064,"Cherries, stewed with sugar, weighed with stones",en,,Calculated from 14-063 FA,100,g,18.1,0.6,0.1,71,cofid-2021
cofid,14-065,"Cherries, stewed without sugar",en,,"Calculated from 900g fruit, 200g water FA",100,g,10.1,0.8,0.1,42,cofid-2021
cofid,14-066,"Cherries, stewed without sugar, weighed with stones",en,,Calculated from 14-065 FA,100,g,8.6,0.6,0.1,36,cofid-2021
cofid,14-069,"Cherries, West Indian, flesh only",en,,"Acerola, literature sources FA",100,g,5,0.4,0.4,24,cofid-2021
cofid,14-073,Cranberries,en,,Analysis and literature sources; whole fruit FA,100,g,3.4,0.4,0.1,15,cofid-2021
cofid,14-074,Currants,en,,"10 samples, 9 brands FA",100,g,67.8,2.3,0.4,267,cofid-2021
cofid,14-075,"Custard apple/Bullock's heart, flesh only",en,,"Literature sources, Annona reticulata FA",100,g,16.1,1.5,0.4,70,cofid-2021
cofid,14-076,"Sugar apple, flesh only",en,,"Literature sources, Annona squamosa, sometimes known as custard apple FA",100,g,16.1,1.6,0.3,69,cofid-2021
cofid,14-077,"Damsons, flesh and skin, raw",en,,Flesh and skin FA,100,g,9.6,0.5,0,38,cofid-2021
cofid,14-078,"Damsons, flesh and skin, raw, weighed with stones",en,,Calculated from 14-077 FA,100,g,8.6,0.5,0,34,cofid-2021
cofid,14-079,"Damsons, stewed with sugar",en,,"Calculated from 1050g fruit, 210g water, 126g sugar FA",100,g,19.3,0.4,0,74,cofid-2021
cofid,14-080,"Damsons, stewed with sugar, weighed with stones",en,,Calculated from 14-079 FA,100,g,17.6,0.4,0,68,cofid-2021
cofid,14-081,"Damsons, stewed without sugar",en,,"Calculated from 1050g fruit, 210g water FA",100,g,8.7,0.5,0,34,cofid-2021
cofid,14-082,"Damsons, stewed without sugar, weighed with stones",en,,Calculated from 14-081 FA,100,g,7.9,0.4,0,31,cofid-2021
cofid,14-083,"Dates, raw, flesh and skin",en,,5 samples; FA,100,g,31.3,1.5,0.1,124,cofid-2021
cofid,14-084,"Dates, raw, flesh and skin, weighed with stones",en,,"Calculated from whole raw dates, 14-083 FA",100,g,26.9,1.3,0.1,107,cofid-2021
cofid,14-087,Dried mixed fruit,en,,"Calculated as sultanas 49%, currants 24%, raisins 18% and peel 9% FA",100,g,68.1,2.3,0.4,268,cofid-2021
cofid,14-088,"Durian, flesh only",en,,Literature sources FA,100,g,28.4,2.4,1.4,136,cofid-2021
cofid,14-089,"Elderberries, whole fruit",en,,Literature sources FA,100,g,7.4,0.7,0.5,35,cofid-2021
cofid,14-090,"Feijoa, flesh only",en,,Literature sources FA,100,g,10.3,0.9,0.5,47,cofid-2021
cofid,14-091,"Figs, whole green fruit, raw",en,,Analysis and literature sources; FA,100,g,9.5,1.3,0.3,43,cofid-2021
cofid,14-092,"Figs, whole fruit, dried",en,,Analysis and literature sources FA,100,g,52.9,3.6,1.6,227,cofid-2021
cofid,14-093,"Figs, dried, stewed with sugar",en,,"Calculated from 450g fruit, 450g water, 54g sugar FA",100,g,34.3,1.9,0.8,143,cofid-2021
cofid,14-094,"Figs, dried, stewed without sugar",en,,"Calculated from 450g fruit, 450g water FA",100,g,29.4,2,0.9,126,cofid-2021
cofid,14-097,"Fruit cocktail, canned in syrup, whole contents",en,,"Analysis and calculation from recipe proportions (pears 42%, peaches 41%, pineapple 8%, grapes 5% and cherries 4%). Drained proportion = 0.66 FA",100,g,14.8,0.4,0,57,cofid-2021
cofid,14-100,"Gooseberries, cooking, raw",en,,Tops and tails removed FA,100,g,3,1.1,0.4,19,cofid-2021
cofid,14-101,"Gooseberries, cooking, stewed with sugar",en,,"1000g fruit, 150g water, 120g sugar FA",100,g,12.9,0.7,0.3,54,cofid-2021
cofid,14-102,"Gooseberries, cooking, stewed without sugar",en,,"500g fruit, 100g water and calculation from 14-101 FA",100,g,2.5,0.9,0.3,16,cofid-2021
cofid,14-103,"Gooseberries, dessert, raw",en,,Tops and tails removed FA,100,g,9.2,0.7,0.3,40,cofid-2021
cofid,14-107,"Grapefruit, canned in juice, whole contents",en,,"10 samples, 8 brands. Drained proportion = 0.52 FA",100,g,7.3,0.6,0,30,cofid-2021
cofid,14-111,"Greengages, raw",en,,Flesh and skin FA,100,g,9.7,0.8,0.1,41,cofid-2021
cofid,14-112,"Greengages, raw, weighed with stones",en,,Calculated from 14-111 FA,100,g,9.2,0.7,0.1,38,cofid-2021
cofid,14-113,"Greengages, stewed with sugar",en,,"Calculated from 1000g fruit, 100g water, 120g sugar FA",100,g,20.7,0.7,0.1,81,cofid-2021
cofid,14-114,"Greengages, stewed with sugar, weighed with stones",en,,Calculated from 14-113 FA,100,g,19.9,0.7,0.1,78,cofid-2021
cofid,14-115,"Greengages, stones, removed, stewed without sugar",en,,"1000g fruit, 100g water; stones removed FA",100,g,8.7,0.7,0.1,36,cofid-2021
cofid,14-116,"Greengages, stewed without sugar, weighed with stones",en,,Calculated from 14-115 FA,100,g,8.3,0.6,0.1,34,cofid-2021
cofid,14-117,"Grenadillas, flesh and seeds",en,,Analysis and literature sources; FA,100,g,7.5,2.8,0.3,42,cofid-2021
cofid,14-118,"Guava, flesh only, raw",en,,Literature sources FA,100,g,5,0.8,0.5,26,cofid-2021
cofid,14-119,"Guava, raw, weighed with skin and pips",en,,Calculated from 14-118 FA,100,g,4.5,0.7,0.5,24,cofid-2021
cofid,14-121,"Jambu fruit, flesh only",en,,Literature sources FA,100,g,12.4,0.7,0.3,55,cofid-2021
cofid,14-122,"Jujube, flesh only",en,,Literature sources; FA,100,g,19.7,1.5,0.3,87,cofid-2021
cofid,14-125,"Kumquats, whole fruit, raw",en,,Analysis and literature sources; whole fruit FA,100,g,9.3,0.9,0.5,43,cofid-2021
cofid,14-128,"Lemons, whole, without pips",en,,Includes peel but no pips. Analysis and literature sources FA,100,g,3.2,1,0.3,19,cofid-2021
cofid,14-129,"Lemons, peeled, flesh only",en,,Literature sources; FA,100,g,2.2,0.8,0.3,14,cofid-2021
cofid,14-130,"Lemons, flesh only, raw, weighed with peel and pips",en,,Calculated from 14-129 FA,100,g,1.4,0.5,0.2,9,cofid-2021
cofid,14-131,"Limes, flesh only",en,,Literature sources; FA,100,g,0.8,0.7,0.3,9,cofid-2021
cofid,14-132,"Limes, flesh only, weighed with peel and pips",en,,Calculated from 14-131 FA,100,g,0.6,0.5,0.2,6,cofid-2021
cofid,14-133,"Loganberries, raw",en,,Whole fruit FA,100,g,3.4,1.1,0,17,cofid-2021
cofid,14-134,"Loganberries, stewed with sugar",en,,"Calculated from 700g fruit, 210g water, 84g sugar FA",100,g,12.5,0.8,0,50,cofid-2021
cofid,14-135,"Loganberries, stewed without sugar",en,,"Calculated from 700g fruit, 210g water FA",100,g,2.9,0.9,0,14,cofid-2021
cofid,14-137,"Longans, flesh only, dried",en,,Literature sources FA,100,g,72,4.9,0.4,286,cofid-2021
cofid,14-138,"Longans, canned in syrup, drained",en,,Literature sources; fruit only FA,100,g,17.1,0.4,0.3,67,cofid-2021
cofid,14-139,"Longans, canned in syrup, whole contents",en,,Literature sources; fruit and syrup FA,100,g,16.5,0.3,0.2,63,cofid-2021
cofid,14-140,"Loquats, flesh only, raw",en,,Literature sources; FA,100,g,6.3,0.7,0.2,28,cofid-2021
cofid,14-142,"Lychees, raw, flesh only",en,,Analysis and literature sources; FA,100,g,14.3,0.9,0.1,58,cofid-2021
cofid,14-143,"Lychees, flesh only, raw, weighed with skin and stone",en,,Calculated from 14-143 FA,100,g,8.9,0.5,0.1,36,cofid-2021
cofid,14-145,"Mammie apple, flesh only",en,,Literature sources; FA,100,g,14.4,0.5,0.4,60,cofid-2021
cofid,14-146,"Mandarin oranges, canned in juice, whole contents",en,,"10 samples, 4 brands. Drained proportion = 0.56 FA",100,g,7.7,0.7,0,32,cofid-2021
cofid,14-151,"Mangosteen, flesh only",en,,Literature sources; FA,100,g,16.4,0.6,0.5,73,cofid-2021
cofid,14-152,"Medlars, flesh only",en,,Flesh only FA,100,g,10.6,0.5,0,42,cofid-2021
cofid,14-159,"Melon, Galia, flesh only",en,,11 samples; FA,100,g,5.6,0.5,0.1,24,cofid-2021
cofid,14-160,"Melon, Galia, flesh only, weighed whole",en,,Calculated from 14-159 FA,100,g,3.6,0.3,0.1,16,cofid-2021
cofid,14-161,"Melon, Galia, flesh only, weighed with skin",en,,Calculated from 14-159; no pips FA,100,g,3.8,0.3,0.1,16,cofid-2021
cofid,14-168,"Mulberries, whole fruit, raw",en,,Whole fruit FA,100,g,8.1,1.3,0,36,cofid-2021
cofid,14-169,"Mulberries, whole fruit, stewed with sugar",en,,"Calculated from 700g fruit, 210g water, 84g sugar FA",100,g,16.2,1,0,65,cofid-2021
cofid,14-170,"Mulberries, whole fruit, stewed without sugar",en,,"Calculated from 700g fruit, 210g water FA",100,g,6.9,1.1,0,30,cofid-2021
cofid,14-177,"Ortaniques, flesh only",en,,Literature sources FA,100,g,11.7,1,0.2,49,cofid-2021
cofid,14-178,"Passion fruit, flesh and pips",en,,Analysis and literature sources; FA,100,g,5.8,2.6,0.4,36,cofid-2021
cofid,14-179,"Passion fruit, flesh and pips, weighed with skin",en,,Calculated from 14-178 FA,100,g,3.5,1.7,0.2,22,cofid-2021
cofid,14-188,"Peaches, canned in juice, whole contents",en,,"10 samples, 7 brands; halves and slices. Drained proportion = 0.68 FA",100,g,9.7,0.6,0,39,cofid-2021
cofid,14-189,"Peaches, canned in syrup, whole contents",en,,"10 samples, 9 brands; halves and slices. Drained proportion = 0.62 FA",100,g,14,0.5,0,55,cofid-2021
cofid,14-196,"Pears, dried",en,,"3 samples, 3 brands and calculation from 14-192 FA",100,g,52.4,1.6,0.5,207,cofid-2021
cofid,14-197,"Pears, canned in juice, whole contents",en,,"10 samples, 7 brands. Drained proportion = 0.60 FA",100,g,8.5,0.3,0,33,cofid-2021
cofid,14-205,"Pears, Nashi, flesh and skin, raw",en,,6 samples; FA,100,g,7.1,0.3,0.1,29,cofid-2021
cofid,14-206,"Pears, Nashi, flesh and skin, raw, weighed with core",en,,Calculated from 14-205 FA,100,g,6.3,0.3,0.1,26,cofid-2021
cofid,14-207,"Physalis, fruit only",en,,"Literature sources, Cape gooseberry FA",100,g,11.1,1.8,0.2,53,cofid-2021
cofid,14-211,"Pineapple, canned in juice, whole contents",en,,"10 samples, 10 brands; cubes and slices. Drained proportion = 0.54 FA",100,g,12.2,0.3,0,47,cofid-2021
cofid,14-212,"Pineapple, canned in syrup, whole contents",en,,"10 samples, 10 brands; cubes and slices. Drained proportion = 0.56 FA",100,g,16.5,0.5,0,64,cofid-2021
cofid,14-220,"Plums, Victoria, flesh and skin, raw",en,,Flesh and skin FA,100,g,9.6,0.6,0.1,39,cofid-2021
cofid,14-221,"Plums, Victoria, flesh and skin, raw, weighed with stones",en,,Calculated from 14-220 FA,100,g,9,0.5,0.1,37,cofid-2021
cofid,14-222,"Plums, Victoria, stewed without sugar",en,,"700g fruit, 100g water; stones removed FA",100,g,8.3,0.5,0.1,34,cofid-2021
cofid,14-223,"Plums, Victoria, stewed without sugar, weighed with stones",en,,Calculated from 14-222 FA,100,g,7.9,0.5,0.1,33,cofid-2021
cofid,14-224,"Plums, yellow, flesh and skin, raw",en,,Literature sources; FA,100,g,5.9,0.5,0.1,25,cofid-2021
cofid,14-225,"Plums, yellow, flesh and skin, raw, weighed with stones",en,,Calculated from 14-224 FA,100,g,5.7,0.5,0.1,24,cofid-2021
cofid,14-226,"Pomegranate, flesh and pips",en,,Analysis and literature sources; FA,100,g,11.8,1.3,0.2,51,cofid-2021
cofid,14-227,"Pomegranate, flesh and pips, weighed with skin",en,,Calculated from 14-226 FA,100,g,7.7,0.9,0.1,33,cofid-2021
cofid,14-228,"Pomelo, flesh only",en,,Literature sources; FA,100,g,6.8,0.6,0.2,30,cofid-2021
cofid,14-229,"Pomelo, flesh only, weighed with peel and pips",en,,Calculated from 14-228 FA,100,g,4.1,0.4,0.1,18,cofid-2021
cofid,14-230,"Prickly pears, flesh and seeds",en,,Literature sources FA,100,g,11.5,0.7,0.3,49,cofid-2021
cofid,14-231,"Prunes, flesh and skin",en,,"No stones, dried FA",100,g,38.4,2.8,0.5,160,cofid-2021
cofid,14-232,"Prunes, flesh and skin, weighed with stones",en,,Calculated from 14-231 FA,100,g,32.3,2.4,0.4,134,cofid-2021
cofid,14-233,"Prunes, flesh and skin, stewed with sugar",en,,"Calculated from 450g fruit, 450g water, 54g sugar FA",100,g,25.5,1.3,0.2,103,cofid-2021
cofid,14-234,"Prunes, flesh and skin, stewed with sugar, weighed with stones",en,,Calculated from 14-233 FA,100,g,23.5,1.2,0.2,95,cofid-2021
cofid,14-235,"Prunes, flesh and skin, stewed without sugar",en,,"Calculated from 450g fruit, 450g water FA",100,g,19.5,1.4,0.3,81,cofid-2021
cofid,14-236,"Prunes, flesh and skin, stewed without sugar, weighed with stones",en,,Calculated from 14-235 FA,100,g,17.8,1.3,0.2,74,cofid-2021
cofid,14-237,"Prunes, canned in juice, whole contents",en,,10 samples; stones removed. Drained proportion = 0.46 FA,100,g,19.7,0.7,0.2,79,cofid-2021
cofid,14-241,"Quinces, flesh only",en,,Flesh only FA,100,g,6.3,0.3,0.1,26,cofid-2021
cofid,14-243,"Rambutan, flesh only",en,,Literature sources FA,100,g,16.3,1,0.4,69,cofid-2021
cofid,14-245,"Raspberries, stewed with sugar",en,,"Calculated from 700g fruit, 105g water, 84g sugar FA",100,g,15,1.2,0.3,63,cofid-2021
cofid,14-246,"Raspberries, stewed without sugar",en,,"Calculated from 700g fruit, 105g water FA",100,g,4.4,1.4,0.3,24,cofid-2021
cofid,14-249,"Redcurrants, raw",en,,"Whole fruit, stalks removed FA",100,g,4.4,1.1,0,21,cofid-2021
cofid,14-250,"Redcurrants, stewed with sugar",en,,"Calculated from 700g fruit, 210g water, 84g sugar FA",100,g,13.3,0.9,0,53,cofid-2021
cofid,14-251,"Redcurrants, stewed without sugar",en,,"Calculated from 700g fruit, 210g water FA",100,g,3.8,0.9,0,17,cofid-2021
cofid,14-252,"Rhubarb, stems only, raw",en,,Stems only FA,100,g,0.8,0.9,0.1,7,cofid-2021
cofid,14-253,"Rhubarb, stems only, stewed with sugar",en,,"1000g fruit, 100g water, 120g sugar FA",100,g,11.5,0.9,0.1,48,cofid-2021
cofid,14-256,"Sapodilla, flesh only",en,,Literature sources; FA,100,g,15.5,0.6,0.9,69,cofid-2021
cofid,14-259,"Sharon fruit, flesh only",en,,"7 samples, Persimmon FA",100,g,18.6,0.8,0,73,cofid-2021
cofid,14-263,Sultanas,en,,"10 samples, 9 brands; whole fruit FA",100,g,69.4,2.7,0.4,275,cofid-2021
cofid,14-264,"Tamarillos, flesh and seeds",en,,Literature sources FA,100,g,4.7,2,0.3,28,cofid-2021
cofid,14-265,Tamarind,en,,Literature sources FA,100,g,56.5,2.3,0.3,238,cofid-2021
cofid,14-268,"Whitecurrants, raw",en,,"Whole fruit, stalks removed FA",100,g,5.6,1.3,0,26,cofid-2021
cofid,14-269,"Whitecurrants, stewed with sugar",en,,"Calculated from 700g fruit, 210g water, 84g sugar FA",100,g,14.2,1,0,57,cofid-2021
cofid,14-270,"Whitecurrants, stewed without sugar",en,,"Calculated from 700g fruit, 210g water FA",100,g,4.8,1.1,0,22,cofid-2021
cofid,14-272,"Apple juice concentrate, unsweetened, commerical",en,,"10 samples, 68.6 Brix; imported commercial concentrate PE",100,g,57.6,0.5,0.6,223,cofid-2021
cofid,14-275,"Grapefruit juice, unsweetened",en,,"50 samples; cartons, canned, bottled and frozen PE",100,g,8.3,0.4,0.1,33,cofid-2021
cofid,14-277,"Lemon juice, fresh",en,,Analysis and literature sources PE,100,g,1.6,0.3,0,7,cofid-2021
cofid,14-278,"Lemon juice, fresh, weighed as whole fruit",en,,Calculated from 14-277 FC,100,g,0.6,0.1,0,2,cofid-2021
cofid,14-279,"Lime juice, fresh",en,,Literature sources FC,100,g,1.6,0.4,0.1,9,cofid-2021
cofid,14-285,Passion fruit juice,en,,Literature sources FC,100,g,10.7,0.8,0.1,47,cofid-2021
cofid,14-286,"Pineapple juice, unsweetened",en,,"18 samples, cartons only PE",100,g,10.5,0.3,0.1,41,cofid-2021
cofid,14-289,Prune juice,en,,4 bottled samples; 2 brands FC,100,g,14.4,0.5,0.1,57,cofid-2021
cofid,14-296,"Melon, watermelon, flesh only",en,,Literature sources; FA,100,g,7.1,0.5,0.3,31,cofid-2021
cofid,14-299,"Peaches, raw, flesh and skin",en,,10 samples; flesh and skin FA,100,g,7.6,1,0.1,33,cofid-2021
cofid,14-309,"Melon, watermelon, flesh only, weighed whole",en,,Calculated from 14-296 FA,100,g,4,0.3,0.2,18,cofid-2021
cofid,14-312,"Peaches, flesh and skin, raw, weighed with stone",en,,Calculated from 14-299 FA,100,g,6.8,0.9,0.1,30,cofid-2021
cofid,14-314,"Plums, average, stewed with sugar, flesh and skin",en,,"1350g fruit, 100g water, 162g sugar; stones removed FA",100,g,17.9,0.5,0.1,70,cofid-2021
cofid,14-315,"Plums, average, flesh and skin, stewed without sugar",en,,"500g fruit, 100g water; stones removed FA",100,g,7.3,0.5,0.1,30,cofid-2021
cofid,14-316,"Plums, average, flesh and skin, stewed with sugar, weighed with stones",en,,Calculated from 14-314 FA,100,g,17,0.5,0.1,67,cofid-2021
cofid,14-317,"Plums, average, flesh and skin, stewed without sugar, weighed with stones",en,,Calculated from 14-315 FA,100,g,6.9,0.5,0.1,29,cofid-2021
cofid,14-318,"Bananas, flesh only",en,,"11 samples, including Fairtrade and organic, pre-packed and loose FA",100,g,20.3,1.2,0.1,81,cofid-2021
cofid,14-319,"Apples, eating, raw, flesh and skin",en,,"22 samples, autumn and winter, UK grown and imported, pre-packed and loose, including Gala, Braeburn, Golden Delicious, Pink Lady, Cox and Granny Smith FA",100,g,11.6,0.6,0.5,51,cofid-2021
cofid,14-320,"Apples, cooking, stewed without sugar, flesh only",en,,"22 samples, autumn and winter, UK grown pre-packed and loose, including Bramley and unspecified varieties FA",100,g,9.7,0.2,0.3,40,cofid-2021
cofid,14-321,"Pears, raw, flesh and skin",en,,"22 samples, autumn and winter, UK grown and imported, pre-packed and loose, including Conference, Comice, Concorde, Rocha and Green Williams FA",100,g,10.9,0.3,0.1,43,cofid-2021
cofid,14-322,"Grapes, green",en,,"21 samples, seedless, autumn and winter, including Crimson, Flame FA",100,g,15.2,0.7,0.2,62,cofid-2021
cofid,14-323,"Grapes, red",en,,"21 samples, seedless, autumn and winter, including Crimson, Flame FA",100,g,17,0.6,0.1,67,cofid-2021
cofid,14-324,"Strawberries, raw",en,,"19 samples, summer and autumn, UK grown and imported, including Elsanta, Sonata, Ava, Portola and unspecified varieties FA",100,g,6.1,0.6,0.5,30,cofid-2021
cofid,14-325,Blueberries,en,,"21 samples, summer and winter, UK grown and imported FA",100,g,9.1,0.9,0.2,40,cofid-2021
cofid,14-326,"Citrus fruit, soft/easy peelers, flesh only",en,,"22 samples, early and late winter, including clementines, mandarins, satsumas and tangerines FA",100,g,9.6,0.7,0.2,41,cofid-2021
cofid,14-327,"Oranges, flesh only",en,,"22 samples, early and late winter, including Navel and Valencia FA",100,g,8.2,0.8,0.2,36,cofid-2021
cofid,14-328,"Melon, yellow flesh, flesh only",en,,"22 samples, Honeydew, autumn and winter, whole and pre-prepared slices FA",100,g,6.8,0.5,0.1,29,cofid-2021
cofid,14-329,"Orange juice, chilled",en,,"10 samples, 8  brand, premium and from concentrate including 'smooth' and 'with bits' FC",100,g,8.6,0.9,0,36,cofid-2021
cofid,14-330,"Orange juice, ambient, UHT",en,,"11 samples, 9 brands, including ‘smooth’ and ‘with bits’ FC",100,g,8.5,0.6,0,34,cofid-2021
cofid,14-331,"Apple juice, clear, ambient and chilled",en,,"10 samples, 9 brands, from concentrate FC",100,g,9.7,0.1,0,37,cofid-2021
cofid,14-332,"Apples, cooking, stewed with sugar, flesh only",en,,Calculated from stewed without sugar FA,100,g,20.8,0.2,0.3,81,cofid-2021
cofid,14-333,"Fruit salad, homemade",en,,"Recipe, including apples, oranges, bananas, kiwi fruit, grapes, strawberries, sugar and water FA",100,g,14.3,0.7,0.3,59,cofid-2021
cofid,14-335,"Cherries, glace",en,,"10 samples, 8 brands; red and multicoloured FA",100,g,78.1,0.4,0,294,cofid-2021
cofid,14-336,"Fruit cocktail, canned in juice, whole contents",en,,"10 samples, 6 brands.  Drained proportion = 0.65 FA",100,g,11.7,0.4,0,45,cofid-2021
cofid,14-338,"Peel, mixed",en,,"10 samples, 9 brands FA",100,g,74.1,0.3,0.9,287,cofid-2021
cofid,14-339,"Melon, Canteloupe-type, flesh only",en,,"10 samples, Canteloupe, Charantais and Rock; FA",100,g,4.2,0.6,0.1,19,cofid-2021
cofid,14-340,"Olives, green, in brine, drained, flesh and skin",en,,"Bottled, drained; flesh and skin, green FA",100,g,0,0.9,11,103,cofid-2021
cofid,14-341,Pomegranate juice drink,en,,with added sugar FC,100,g,11.6,0.2,0,44,cofid-2021
cofid,14-342,"Apples, cooking, baked without sugar, flesh only",en,,Calculated from 14-320 FA,100,g,11.4,0.2,0.4,47,cofid-2021
cofid,14-343,"Apples, cooking, baked without sugar, flesh only, weighed with skin",en,,Calculated from 14-342 using edible portion of 0.84 FA,100,g,9.6,0.2,0.3,40,cofid-2021
cofid,14-344,"Apples, cooking, baked with sugar, flesh only",en,,Calculated from 672g apple (14-342) and 40g sugar (17-061) FA,100,g,17.1,0.2,0.4,69,cofid-2021
cofid,14-345,"Apples, cooking, baked with sugar, flesh only, weighed with skin",en,,Calculated from 14-344 using edible portion of 0.84 FA,100,g,14.3,0.2,0.3,57,cofid-2021
cofid,14-346,"Apples, eating, raw, flesh and skin, weighed with core",en,,Calculated from 14-319 using edible portion of 0.87 FA,100,g,10,0.5,0.4,43,cofid-2021
cofid,14-347,"Bananas, raw, flesh only, weighed with skin",en,,Calculated from 14-318 using edible factor of 0.87 FA,100,g,12.8,0.8,0,51,cofid-2021
cofid,14-348,"Citrus fruit, soft/easy peelers, flesh only, weighed with peel and pips",en,,Calculated from 14-326 using edible conversion factor of 0.78 FA,100,g,7.5,0.5,0.2,32,cofid-2021
cofid,14-349,"Blackberry and apple, stewed with sugar",en,,"Calculated from 400g blackberries, 550g apples, 175g water, 115g sugar FA",100,g,15.8,0.4,0.2,63,cofid-2021
cofid,14-350,"Grapes, average",en,,Average of green (14-322) and red grapes (14-323) FA,100,g,16.1,0.7,0.2,65,cofid-2021
cofid,14-351,"Grapes, average, weighed with pips",en,,Calculated from average grapes (14-350) using edible conversion factor of 0.98 FA,100,g,15.8,0.7,0.2,64,cofid-2021
cofid,14-352,"Melon, Canteloupe-type, flesh only, weighed whole",en,,Calculated from 14-339 using edible portion of 0.59 FA,100,g,2.5,0.4,0.1,12,cofid-2021
cofid,14-353,"Melon, Canteloupe-type, flesh only, weighed with skin",en,,Calculated from 14-339 using edible portion of 0.66; no pips FA,100,g,2.8,0.4,0.1,13,cofid-2021
cofid,14-354,"Melon, flesh only, average",en,,"Average of Canteloupe-type, Galia and Honeydew varieties FA",100,g,5.5,0.5,0.1,24,cofid-2021
cofid,14-355,"Melon, flesh only, average, weighed whole",en,,Calculated from 14-354 using edible conversion factor of 0.62 FA,100,g,3.5,0.3,0.1,15,cofid-2021
cofid,14-356,"Melon, flesh only, average, weighed with skin",en,,Calculated from 14-354 using edible conversion factor of 0.66; no pips FA,100,g,3.7,0.3,0.1,16,cofid-2021
cofid,14-357,"Melon, Honeydew, flesh only, weighed whole",en,,Calculated from 14-328 using edible conversion factor of 0.58 FA,100,g,4,0.3,0.1,17,cofid-2021
cofid,14-358,"Melon, Honeydew, flesh only, weighed with skin",en,,Calculated from 14-328 using edible conversion factor of 0.62;  no pips FA,100,g,4.3,0.3,0.1,18,cofid-2021
cofid,14-359,"Olives, green, in brine, drained, flesh and skin, weighed with stones",en,,Calculated from 14-340 using edible portion of 0.80 FA,100,g,0,0.7,8.8,82,cofid-2021
cofid,14-360,"Oranges, flesh only, weighed with peel and pips",en,,Calculated from 14-327 using edible conversion factor of 0.71 FA,100,g,5.8,0.8,0.2,27,cofid-2021
cofid,14-361,"Pears, average, flesh and skin, raw, weighed with core and stalk",en,,Calculated from 14-321 using edible conversion factor of 0.85 FA,100,g,9.2,0.3,0.1,37,cofid-2021
cofid,14-362,"Apples, cooking, raw, flesh only, peeled",en,,"Bramley apples and unspecified. Analytical data, 1985-86; and 2011-12 F",100,g,8.9,0.3,0.3,37,cofid-2021
cofid,14-363,"Apples, cooking, raw, flesh only, weighed with skin and core",en,,Bramley variety; calculated from 14-362 F,100,g,6.5,0.2,0.2,27,cofid-2021
cofid,14-364,"Blackberry and apple, stewed without sugar",en,,"Calculated from 400g blackberries, 550g apples, 175g water F",100,g,6.4,0.5,0.2,28,cofid-2021
cofid,14-365,"Pears, average, raw, flesh only",en,,"22 samples, autumn and winter, UK grown and imported, pre-packed and loose, including Conference, Comice, Concorde, Rocha and Green Williams F",100,g,11.3,0.3,0.1,44,cofid-2021
cofid,14-366,"Pears, raw, flesh only, peeled, weighed with skin and core",en,,"Calculated from raw, flesh only using edible conversion factor F",100,g,7.9,0.2,0.1,31,cofid-2021
cofid,14-367,"Pears, average, stewed with sugar",en,,"Calculation from 1000g fruit, 190g water, 120g sugar F",100,g,18.8,0.2,0.1,72,cofid-2021
cofid,14-368,"Pears, average, stewed without sugar",en,,"Calculation from 1000g fruit, 190g water F",100,g,9.8,0.3,0.1,38,cofid-2021
cofid,14-369,"Orange juice, freshly squeezed",en,,Strained juice from fresh oranges FC,100,g,8.1,0.6,0,33,cofid-2021
cofid,14-370,"Orange juice, freshly squeezed, weighed as whole fruit",en,,Calculated from 14-281 FC,100,g,3.7,0.3,0,15,cofid-2021
cofid,14-371,"Kiwi fruit, flesh only, raw",en,,"11 samples, imported. Including flesh and seeds FA",100,g,8.6,0.8,0.9,44,cofid-2021
cofid,14-372,"Plums, dessert, flesh and skin, raw",en,,"11 samples, mixture of UK and imported, including red, purple and yellow FA",100,g,9.7,0.6,0.3,41,cofid-2021
cofid,14-373,"Kiwi fruit, flesh only, raw, weighed with skin",en,,Calculated from 14-371 FA,100,g,6.2,0.6,0.7,32,cofid-2021
cofid,14-374,"Plums, dessert, flesh and skin, raw, weighed with stones",en,,Calculated from 14-372 FA,100,g,9.4,0.6,0.2,40,cofid-2021
cofid,14-375,"Raspberries, raw",en,,"11 samples, mixture of UK and imported FA",100,g,5.1,0.8,0.3,25,cofid-2021
cofid,14-376,"Pineapple, flesh only, raw",en,,"11 samples, imported, whole and prepacked chunks FA",100,g,11.4,0.5,0.1,45,cofid-2021
cofid,14-377,"Pineapple, flesh only, raw, weighed with skin and top",en,,Calculated from 14-376 FA,100,g,5,0.2,0.1,20,cofid-2021
cofid,14-378,"Mangoes, ripe, flesh only, raw",en,,"11 samples, imported, whole and prepacked chunks FA",100,g,10.7,0.7,0.6,48,cofid-2021
cofid,14-379,"Mangoes, ripe, flesh only, raw, weighed with skin and stone",en,,Calculated from 14-378 FA,100,g,6.7,0.4,0.4,30,cofid-2021
cofid,14-380,"Nectarines, flesh and skin, raw",en,,"11 samples, imported FA",100,g,9.8,1,0.3,43,cofid-2021
cofid,14-381,"Nectarines, flesh and skin, raw, weighed with stones",en,,Calculated from 14-380 FA,100,g,9,0.9,0.3,40,cofid-2021
cofid,14-382,"Cherries, flesh and skin, raw",en,,"11 samples, UK and imported FA",100,g,14.6,1.2,0.4,63.15,cofid-2021
cofid,14-383,"Cherries, flesh and skin, raw, weighed with stones",en,,Calculated from 14-382 FA,100,g,13.4,1.1,0.4,58,cofid-2021
cofid,14-384,"Grapefruit, flesh only, raw",en,,"11 samples, imported, pink, red and white FA",100,g,6.9399999999999995,0.888,0.5,34.077,cofid-2021
cofid,14-385,"Grapefruit, flesh only, raw, weighed with peel and pips",en,,Calculated from 14-384 FA,100,g,4.9,0.6,0.4,24,cofid-2021
cofid,14-386,"Avocado, Hass, flesh only",en,,"11 samples, imported, Hass variety, ripe and ripen at home FA",100,g,1.7999999999999998,1.8,17.4,171,cofid-2021
cofid,14-387,"Avocado, Hass, flesh only, weighed with skin and stone",en,,Calculated from 14-386 FA,100,g,1.3,1.3,12,118,cofid-2021
cofid,14-388,"Blackberries, raw",en,,"11 samples, UK and imported FA",100,g,5.6,1.1,0.2,27,cofid-2021
cofid,14-389,"Rhubarb, stems only, stewed without sugar",en,,"11 samples, UK and imported, including outdoor and forced. Ends trimmed, cut into chunks and stewed in 1-4 tbsp water for 7-11 minutes FA",100,g,1.2,1,0.6,14,cofid-2021
cofid,14-390,"Papaya, flesh only, raw",en,,"11 samples, imported, ripe FA",100,g,9.5,0.7,0.6,44,cofid-2021
cofid,14-391,"Prunes, ready-to-eat, semi-dried",en,,"10 samples, 9 products, including soft, ready-to-eat and partially rehydrated FA",100,g,36.5,2.3,0.3,149,cofid-2021
cofid,14-392,"Apricots, ready-to-eat, semi-dried",en,,"10 samples, 8 products, including soft, ready-to-eat and partially rehydrated FA",100,g,39.4,2.2,0.5,161,cofid-2021
cofid,14-393,"Raisins, dried",en,,"10 samples, 10 products, not including soft, ready-to-eat, or partially hydrated FA",100,g,62.6,3,1,256,cofid-2021
cofid,14-394,"Dates, dried, flesh and skin",en,,"10 samples, 9 products, including whole and chopped, not including partially rehydrated dates. No added glucose syrup FA",100,g,58.7,2.4,0.6,235,cofid-2021
cofid,14-395,"Figs, ready-to-eat, semi-dried",en,,"10 samples, 9 products FA",100,g,43.3,3.1,1.2,186,cofid-2021
cofid,14-396,"Pineapple, dried",en,,Calculated from 14-376 FA,100,g,75.7,3.3,0.7,303,cofid-2021
cofid,14-397,"Papaya, flesh only, raw, weighed with skin and pips",en,,Calculated from 14-390 FA,100,g,5.7,0.4,0.4,27,cofid-2021
cofid,14-398,"Prunes, ready-to-eat, semi-dried, weighed with stones",en,,Calculated from 14-391 FA,100,g,31.4,2,0.3,128,cofid-2021
cofid,14-399,"Dates, dried, flesh and skin, weighed with stones",en,,Calculated from 14-394 FA,100,g,49.3,2,0.5,197,cofid-2021
cofid,14-804,"Barcelona nuts, Kernel only",en,,Kernel only GA,100,g,5.2,10.9,64,639,cofid-2021
cofid,14-805,"Barcelona nuts, kernel only, weighed with shells",en,,Calculated from 14-804 GA,100,g,3.2,6.8,39.7,397,cofid-2021
cofid,14-806,Betel nuts,en,,Literature sources GA,100,g,56.7,5.2,10.2,339,cofid-2021
cofid,14-811,"Cashew nuts, kernel only, plain",en,,"20 samples, whole and broken kernels GA",100,g,18.1,17.7,48.2,573,cofid-2021
cofid,14-812,"Cashew nuts, kernel only, roasted and salted",en,,"10 samples, kernels only GA",100,g,18.8,20.5,50.9,611,cofid-2021
cofid,14-813,"Chestnuts, kernel only, raw",en,,Analysis and literature sources GA,100,g,36.6,2,2.7,170,cofid-2021
cofid,14-814,"Chestnuts, kernel only, raw, weighed with shells",en,,Calculated from 14-813 GA,100,g,30.4,1.6,2.2,140,cofid-2021
cofid,14-815,"Chestnuts, dried",en,,Literature sources and calculation from 14-813 GA,100,g,69,3.7,5.1,319,cofid-2021
cofid,14-816,"Coconut, flesh only, fresh",en,,"Flesh from kernel, no shell GA",100,g,3.7,3.2,36,351,cofid-2021
cofid,14-820,Coconut milk,en,,Analysis and literature sources; drained fluid from fresh coconut GA,100,g,4.9,0.3,0.3,22,cofid-2021
cofid,14-826,Melon seeds,en,,Literature sources GA,100,g,9.9,28.5,47.7,583,cofid-2021
cofid,14-834,"Peanuts, roasted and salted",en,,20 samples GA,100,g,7.1,24.7,53,602,cofid-2021
cofid,14-837,"Pecan nuts, kernel only",en,,9 samples GA,100,g,5.8,9.2,70.1,689,cofid-2021
cofid,14-838,"Pecan nuts, kernel only, weighed with shells",en,,Calculated from 14-837 GA,100,g,2.8,4.5,34.3,337,cofid-2021
cofid,14-839,"Pine nuts, kernel only",en,,"20 samples, pine kernels GA",100,g,4,14,68.6,688,cofid-2021
cofid,14-840,"Pistachio nuts, kernel only, roasted and salted",en,,10 samples GA,100,g,8.2,17.9,55.4,601,cofid-2021
cofid,14-841,"Pistachio nuts, kernel only, roasted and salted, weighed with shells",en,,Calculated from 14-840 GA,100,g,4.6,9.9,30.5,331,cofid-2021
cofid,14-842,Pumpkin seeds,en,,Analysis and literature sources GA,100,g,15.2,24.4,45.6,565,cofid-2021
cofid,14-843,"Quinoa, raw",en,,Seeds from a species of goosefoot GA,100,g,55.7,13.8,5,309,cofid-2021
cofid,14-844,Sesame seeds,en,,"10 samples, with and without hulls GA",100,g,0.9,18.2,58,598,cofid-2021
cofid,14-845,Sunflower seeds,en,,Analysis and literature sources GA,100,g,18.6,19.8,47.5,576,cofid-2021
cofid,14-846,"Sunflower seeds, toasted",en,,Calculated from 14-845 GA,100,g,19.3,20.5,49.2,602,cofid-2021
cofid,14-847,Tahini paste,en,,Literature sources and calculation from 14-844 GA,100,g,0.9,18.5,58.9,607,cofid-2021
cofid,14-848,Tigernuts,en,,Literature sources GA,100,g,45.7,4.3,23.8,403,cofid-2021
cofid,14-849,Trail mix,en,,10 samples; mix of nuts and dried fruit GA,100,g,37.2,9.1,28.5,432,cofid-2021
cofid,14-870,"Almonds, flaked and ground",en,,10 samples GA,100,g,6.9,21.1,55.8,612,cofid-2021
cofid,14-871,"Brazil nuts, kernel only",en,,10 samples GA,100,g,3.1,14.3,68.2,683,cofid-2021
cofid,14-873,"Coconut, desiccated",en,,Analytical and literature sources GA,100,g,6.4,5.6,62,604,cofid-2021
cofid,14-874,"Hazelnuts, kernel only",en,,10 samples GA,100,g,6,14.1,63.5,650,cofid-2021
cofid,14-875,"Marzipan, white and yellow, retail",en,,10 samples GA,100,g,67.6,5.3,12.7,389,cofid-2021
cofid,14-877,"Peanuts, kernel only, plain, unsalted",en,,10 samples GA,100,g,12.5,25.8,46,564,cofid-2021
cofid,14-878,"Peanuts, dry roasted",en,,"10 samples, 5 brands GA",100,g,10.3,25.7,49.8,590,cofid-2021
cofid,14-879,"Walnuts, kernel only",en,,10 samples GA,100,g,3.3,14.7,68.5,688,cofid-2021
cofid,14-880,"Nuts, mixed",en,,"Calculated as plain peanuts 68%, almonds 17%, cashews 8% and hazelnuts 7% GA",100,g,11.6,23.8,49.1,581,cofid-2021
cofid,14-882,Peanuts and raisins,en,,"Calculated from recipe proportions, plain peanuts 56% and raisins 44% GA",100,g,37.5,15.4,25.9,436,cofid-2021
cofid,14-884,"Brazil nuts, kernel only, weighed with shells",en,,Calculated from 14-871 GA,100,g,1.4,6.5,31.4,314,cofid-2021
cofid,14-885,"Hazelnuts, kernel only, weighed with shells",en,,Calculated from 14-874 GA,100,g,2.3,5.4,24.1,247,cofid-2021
cofid,14-886,"Peanuts, kernel only, plain, weighed with shells",en,,Calculated from 14-877 GA,100,g,8.6,17.7,31.8,389,cofid-2021
cofid,14-887,"Walnuts, kernel only, weighed with shells",en,,Calculated from 14-879 GA,100,g,1.4,6.3,29.4,295,cofid-2021
cofid,14-889,"Coconut milk, retail",en,,Estimated from 2013 label data GA,100,g,3.3,1.1,16.9,169,cofid-2021
cofid,14-890,"Coconut milk, reduced fat, retail",en,,Estimated from label data GA,100,g,2,0.7,7.7,79,cofid-2021
cofid,14-891,"Macadamia nuts, salted",en,,8 samples G,100,g,4.8,7.9,77.6,748,cofid-2021
cofid,14-892,"Peanut butter, smooth",en,,"10 samples, 3 brands GA",100,g,13.1,22.8,51.8,607,cofid-2021
cofid,14-893,"Marzipan, homemade",en,,Recipe GA,100,g,50.1,10.4,25.7,460,cofid-2021
cofid,14-894,"Peanuts, raisins and chocolate chips",en,,"Calculated using 38% peanuts, 37% raisins and 25% milk chocolate GA",100,g,44.4,12.4,25.4,445,cofid-2021
cofid,14-895,"Breadnut seeds, dried",en,,Literature sources G,100,g,73.8,8.6,1.7,367,cofid-2021
cofid,14-896,"Almonds, whole kernels",en,,"Literature sources, Prunus dulcis GA",100,g,5.3,21.2,49.9,554,cofid-2021
cofid,14-897,"Almonds, toasted",en,,Literature sources GA,100,g,5.9,21,52.5,579,cofid-2021
cofid,14-898,"Almonds, weighed with shells",en,,Calculated from 14-896 GA,100,g,1.9,7.8,18.5,205,cofid-2021
cofid,15-001,"Aubergine, stuffed with lentils and vegetables",en,,Recipe from dietary survey records. Whole dish consumed DR,100,g,3.9,2,4.6,64,cofid-2021
cofid,15-016,"Bhaji, cabbage and spinach",en,,"Punjabi dish. Cabbage, spinach, onion and chick pea flour. Recipe from manufacturer DR",100,g,7.8,3.6,17.1,198,cofid-2021
cofid,15-021,"Bhaji, cauliflower, potato and pea, with butter",en,,Punjabi dish. Recipe from manufacturer DR,100,g,8.2,3.5,11.3,145,cofid-2021
cofid,15-022,"Bhaji, cauliflower, potato and pea, with vegetable oil",en,,Punjabi dish. Recipe from manufacturer DR,100,g,8.2,3.4,13.7,166,cofid-2021
cofid,15-024,"Bhaji, green bean",en,,Punjabi dish. Recipe from manufacturer DR,100,g,5,2.2,7.6,91,cofid-2021
cofid,15-025,"Bhaji, karela, with butter ghee, homemade",en,,Recipe from a personal collection DR,100,g,1.2,1.8,10.6,103,cofid-2021
cofid,15-026,"Bhaji, karela, with vegetable oil, homemade",en,,Recipe from a personal collection DR,100,g,1.2,1.8,10.6,103,cofid-2021
cofid,15-040,"Bhaji, potato, spinach and cauliflower, homemade",en,,"Recipe from Wharton et al, 1983 DR",100,g,7.1,2.2,15.1,169,cofid-2021
cofid,15-047,"Bhaji, vegetable, Punjabi, with butter",en,,Recipe from manufacturer. Mixed vegetables DR,100,g,8.2,3.5,7.2,108,cofid-2021
cofid,15-048,"Bhaji, vegetable, Punjabi, with vegetable oil",en,,Recipe from manufacturer. Mixed vegetables DR,100,g,8.2,3.5,8.6,120,cofid-2021
cofid,15-095,"Curry, black-eye bean, Punjabi, homemade",en,,Recipe from dietary survey records DR,100,g,13.7,6,4,111,cofid-2021
cofid,15-107,"Curry, chick pea, whole and tomato, Punjabi, with butter, homemade",en,,"Chick peas, onion and tomato. Recipe from dietary survey records DR",100,g,12.4,5.6,4.3,107,cofid-2021
cofid,15-108,"Curry, chick pea, whole and tomato, Punjabi, with vegetable oil, homemade",en,,"Chick peas, onion and tomato. Recipe from dietary survey records DR",100,g,12.4,5.6,4.9,112,cofid-2021
cofid,15-125,"Curry, lentil, red/masoor dahl, mung bean dahl and tomato, homemade",en,,Punjabi dish. Recipe from dietary survey records DR,100,g,9.7,4.4,4.3,92,cofid-2021
cofid,15-132,"Curry, mung bean dahl and tomato, homemade",en,,Punjabi dish. Recipe from dietary survey records. Split mung beans DR,100,g,11.2,5.6,3.6,95,cofid-2021
cofid,15-146,"Curry, red kidney bean, Punjabi, homemade",en,,Recipe from dietary survey records.  Medium consistency DR,100,g,10.1,4.7,5.6,106,cofid-2021
cofid,15-186,"Lasagne, spinach, wholemeal, homemade",en,,Recipe from dietary survey records DR,100,g,13,4.2,3.1,93,cofid-2021
cofid,15-188,"Lasagne, vegetable, wholemeal, homemade",en,,Recipe from dietary survey records DR,100,g,12.4,4.8,4.6,106,cofid-2021
cofid,15-190,Laverbread,en,,6 samples; cooked pureed seaweed coated in oatmeal DR,100,g,1.6,3.2,3.7,52,cofid-2021
cofid,15-198,"Lentil roast, homemade",en,,Recipe from review of recipe collection DR,100,g,21.9,7.7,3,139,cofid-2021
cofid,15-199,"Lentil roast, with egg, homemade",en,,Recipe from review of recipe collection DR,100,g,20.3,8.2,3.6,141,cofid-2021
cofid,15-200,"Lentil and nut roast, homemade",en,,Recipe from review of recipe collection DR,100,g,18.8,10.6,12.1,222,cofid-2021
cofid,15-201,"Lentil and nut roast, with egg, homemade",en,,Recipe from review of recipe collection DR,100,g,17.6,10.8,12.1,218,cofid-2021
cofid,15-208,"Nut croquettes, fried in sunflower oil, homemade",en,,Recipe from review of recipe collection DR,100,g,21.6,9.3,26.2,351,cofid-2021
cofid,15-209,"Nut croquettes, fried in vegetable oil, homemade",en,,Recipe from review of recipe collection DR,100,g,21.6,9.3,26.2,351,cofid-2021
cofid,15-210,"Nut cutlets, retail, fried in sunflower oil",en,,Recipe from manufacturer DR,100,g,18.7,4.8,22.3,289,cofid-2021
cofid,15-211,"Nut cutlets, retail, fried in vegetable oil",en,,Recipe from manufacturer DR,100,g,18.7,4.8,22.3,289,cofid-2021
cofid,15-212,"Nut cutlets, retail, grilled",en,,Recipe from manufacturer DR,100,g,19.9,5.1,13,212,cofid-2021
cofid,15-214,"Nut roast, mixed nuts with egg, homemade",en,,Recipe from review of recipe collection. DR,100,g,16.9,13.3,24.7,338,cofid-2021
cofid,15-215,"Nut and rice roast, mixed nuts, homemade",en,,Recipe from review of recipe collection. Mixed nuts DR,100,g,25.2,12,22.6,346,cofid-2021
cofid,15-216,"Nut and rice roast, mixed nuts with egg, homemade",en,,Recipe from review of recipe collection. Mixed nuts DR,100,g,23.5,12.1,21.9,333,cofid-2021
cofid,15-217,"Nut and seed roast, mixed nuts and sunflower seeds, homemade",en,,Recipe from review of recipe collection DR,100,g,19.6,12.9,24.9,349,cofid-2021
cofid,15-218,"Nut and seed roast, mixed nuts and sunflower seeds with egg, homemade",en,,Recipe from review of recipe collection DR,100,g,18.1,13,23.9,335,cofid-2021
cofid,15-219,"Nut and vegetable roast, mixed nuts, homemade",en,,Recipe from review of recipe collection DR,100,g,19.6,11.1,21.9,314,cofid-2021
cofid,15-220,"Nut and vegetable roast, mixed nuts with egg, homemade",en,,Recipe from review of recipe collection DR,100,g,18.3,11.3,21.2,304,cofid-2021
cofid,15-221,"Nut, mushroom and rice roast, homemade",en,,Recipe adapted from a recipe from Leeds Polytechnic DR,100,g,24.3,7.8,15.3,260,cofid-2021
cofid,15-255,"Pizza, tomato, homemade",en,,Recipe from review of recipe collection DR,100,g,22.6,3.3,10.6,193,cofid-2021
cofid,15-259,"Potato, leek and celery bake",en,,Recipe from dietary survey records DR,100,g,12.6,4.4,6.5,122,cofid-2021
cofid,15-261,"Potatoes with onions and eggs, fried",en,,Greek dish. Fried potatoes with onion and egg. Recipe from a personal collection DR,100,g,19.1,7.8,23.8,316,cofid-2021
cofid,15-262,Quorn korma,en,,Quorn in korma curry sauce. Recipe from manufacturer DR,100,g,16.7,3.7,7,140,cofid-2021
cofid,15-279,"Rissoles, lentil, fried in sunflower oil",en,,Recipe from review of recipe collection DR,100,g,22,8.9,10.5,211,cofid-2021
cofid,15-280,"Rissoles, lentil, fried in vegetable oil",en,,Recipe from review of recipe collection DR,100,g,22,8.9,10.5,211,cofid-2021
cofid,15-281,"Rissoles, brown rice, fried in sunflower oil",en,,Recipe from dietary survey records DR,100,g,30.8,5.6,8.8,216,cofid-2021
cofid,15-282,"Rissoles, brown rice, fried in vegetable oil",en,,Recipe from dietary survey records. DR,100,g,30.8,5.6,8.8,216,cofid-2021
cofid,15-294,"Salad, wholemeal pasta, with vegetables and mayonnaise",en,,Recipe from dietary survey records DR,100,g,13.8,3.1,7.5,131,cofid-2021
cofid,15-305,"Samosas, vegetable, retail",en,,"5 samples, 3 brands; mixed vegetable filling DR",100,g,30,5.1,9.3,217,cofid-2021
cofid,15-321,"Tomatoes, stuffed with rice",en,,Greek dish. Recipe from a personal collection DR,100,g,22.2,2.1,13.4,212,cofid-2021
cofid,15-344,"Vegetable stir fry mix, fried in corn oil",en,,8 assorted frozen samples; stir-fried 4-7 minutes DR,100,g,6.4,2,3.6,64,cofid-2021
cofid,15-345,"Vegetable stir fry mix, fried in sunflower oil",en,,8 assorted frozen samples; stir fried 4-7 minutes DR,100,g,6.4,2,3.6,64,cofid-2021
cofid,15-364,"Vegetables, stir-fried, takeaway",en,,10 samples from different outlets DR,100,g,2.1,1.8,4.1,52,cofid-2021
cofid,15-397,"Bhaji, cabbage and potato, with rapeseed oil, homemade",en,,Punjabi dish. Recipe from dietary survey records DR,100,g,9.1,2.2,7,106,cofid-2021
cofid,15-490,"Curry, mung bean, whole, Punjabi, homemade",en,,"Recipe, medium consistency DR",100,g,8.8,4.2,2.8,74,cofid-2021
cofid,15-511,"Dal Dhokari, homemade",en,,Recipe. Gujerati dish. Pastry shapes in pigeon pea sauce. DR,100,g,19.2,5.6,3.3,123,cofid-2021
cofid,15-513,"Dosa, filling, vegetable, homemade",en,,Recipe. Filling for Dosa pancakes. DR,100,g,10.2,1.8,6.3,97,cofid-2021
cofid,15-528,"Khichadi, with butter ghee",en,,Recipe. Mung bean and rice dish. DR,100,g,27.3,4.8,5.2,169,cofid-2021
cofid,15-529,"Khichadi, with vegetable oil",en,,Recipe. Mung bean and rice dish. DR,100,g,27,4.8,5.2,169,cofid-2021
cofid,15-617,"Sushi, vegetable",en,,"10 samples, 9 products DR",100,g,32.8,3.4,1.3,148,cofid-2021
cofid,15-619,"Curry, vegetable, ready meal, without rice, cooked",en,,"10 samples, 10 products, frozen and chilled, including generic vegetable curry, korma, dhansak and jalfrezi DR",100,g,8.4,2.1,6,94,cofid-2021
cofid,15-620,"Pakora, vegetable, takeaway and restaurant",en,,"11 samples, 3 from London, 3 from Birmingham, 2 from Leeds and 3 from Bradford, crispy vegetable fitters DR",100,g,16.5,8.4,22,293,cofid-2021
cofid,15-621,"Vegetables, mixed, cooked with onion, spice and tomatoes, homemade",en,,"4 samples, includes potato, carrots and swedes DR",100,g,6.6,2.4,5.3,82,cofid-2021
cofid,15-625,"Tori ki subji, homemade",en,,5 samples DR,100,g,3.9,1.9,9.5,108,cofid-2021
cofid,15-626,"Tinda subji, homemade",en,,6 samples DR,100,g,4.1,1.6,8.1,95,cofid-2021
cofid,15-627,"Curry, bhindi subji, homemade",en,,"6 samples, containing okra, onions, tomatoes and spices DR",100,g,4.9,2.9,4.6,71,cofid-2021
cofid,15-628,"Methi aloo, homemade",en,,"6 samples, fenugreek and potatoes DR",100,g,10.1,2.7,10.4,142,cofid-2021
cofid,15-629,"Saag, homemade",en,,"5 samples, spinach curry DR",100,g,5,3.3,8.8,111,cofid-2021
cofid,15-634,"Curry, Thai, stir-fry vegetable, takeaway and restaurant",en,,"10 sub-samples, 2 from different establishments in each of 5 regions DR",100,g,3.3,3.8,8.2,101,cofid-2021
cofid,15-635,"Coleslaw, not low calorie, retail",en,,"8 samples, 7 products DR",100,g,6,0.8,16.3,173,cofid-2021
cofid,15-636,"Coleslaw, with reduced calorie dressing, retail",en,,"8 samples, 4 products, including economy products DR",100,g,6.5,0.9,9.1,110,cofid-2021
cofid,15-637,"Cauliflower cheese, retail",en,,Recipe and industry data DR,100,g,5,4.2,5.8,88,cofid-2021
cofid,15-638,"Casserole, vegetable, homemade",en,,Recipe from dietary survey records DR,100,g,10.6,2.1,0.4,52,cofid-2021
cofid,15-639,"Cauliflower cheese, made with semi-skimmed milk, homemade",en,,Recipe DR,100,g,6.2,5.3,5.9,97,cofid-2021
cofid,15-640,"Chilli, vegetable, homemade",en,,Recipe from dietary survey records DR,100,g,8.6,2.5,0.8,49,cofid-2021
cofid,15-641,"Curry, chick pea dhal, homemade",en,,Punjabi dish. Split chick peas and tomato. Recipe from dietary survey records DR,100,g,17.8,7.9,6.1,152,cofid-2021
cofid,15-642,"Garlic mushrooms, not coated, homemade",en,,Recipe from review of recipe collection DR,100,g,0.5,1.2,14.1,134,cofid-2021
cofid,15-643,"Nut roast, homemade",en,,Recipe from review of recipe collection. DR,100,g,18.8,13.2,23.5,335,cofid-2021
cofid,15-645,"Pancakes, stuffed with vegetables, homemade",en,,"Tomato, mushroom and onion stuffing. Recipe adapted from a recipe from Leeds Polytechnic DR",100,g,15.8,4.1,4.2,113,cofid-2021
cofid,15-646,"Pasty, vegetable, homemade",en,,Recipe from dietary survey records DR,100,g,30,4.2,19.1,301,cofid-2021
cofid,15-647,"Pie, vegetable, homemade",en,,Recipe from review of recipe collection DR,100,g,17.1,2.9,9.4,160,cofid-2021
cofid,15-648,"Salad, green",en,,"Lettuce, cucumber, pepper and celery. Recipe from review of recipe collection DR",100,g,1.6,1,0.4,13,cofid-2021
cofid,15-649,"Salad, rice, homemade",en,,"Rice, vegetables, nut and raisin. Recipe from dietary survey records DR",100,g,24.5,3.1,7,168,cofid-2021
cofid,15-650,"Vegetable bake, homemade",en,,Assorted vegetables topped with cheese sauce and breadcrumbs. Recipe from dietary survey records DR,100,g,13.7,4.3,5.9,121,cofid-2021
cofid,15-651,"Lasagne, vegetable, retail",en,,8 assorted samples; cooked in conventional and microwave ovens according to packet directions DR,100,g,13.4,4.8,5.3,117,cofid-2021
cofid,15-652,"Moussaka, vegetable, retail",en,,"7 samples, 3 brands; cooked in conventional and microwave ovens according to packet directions DR",100,g,8,5.9,4.9,98,cofid-2021
cofid,15-653,"Pakora/bhajia, vegetable, retail",en,,Recipe from manufacturer DR,100,g,21.4,6.4,14.7,238,cofid-2021
cofid,15-654,"Salad, potato, with mayonnaise, retail",en,,Recipe from manufacturers DR,100,g,12.3,1.5,11.8,158,cofid-2021
cofid,15-655,"Shepherd's pie, vegetable, retail",en,,"Vegetable, lentil and barley base with potato topping. Recipe from manufacturer DR",100,g,13.3,1.9,4.9,101,cofid-2021
cofid,15-656,"Vegeburger, retail, grilled",en,,"6 samples, 3 brands; soya protein based. Grilled 6-10 minutes DR",100,g,8,16.6,7.2,161,cofid-2021
cofid,15-657,"Vegetable and cheese grill/burger, in crumbs, baked/grilled",en,,"9 samples, 6 brands including cheese grills and cheese and onion crispbakes DR",100,g,23,7,14,240,cofid-2021
cofid,15-658,"Sausages, vegetarian, baked/grilled",en,,"4 samples, 3 brands, baked or grilled DR",100,g,9.2,14.9,9.4,179,cofid-2021
cofid,15-659,"Ratatouille, homemade",en,,Recipe adapted from literature sources DR,100,g,3.8,1.2,7,82,cofid-2021
cofid,15-661,"Vegetable stir fry mix, fried in rapeseed oil",en,,"8 assorted frozen samples; stir-fried 4-7 minutes, most unspecified vegetable oils are made from rapeseed oil DR",100,g,6.4,2,3.6,64,cofid-2021
cofid,15-662,"Aubergine, stuffed with rice",en,,"Rice, tomato, onion and raisin stuffing. Recipe from review of recipe collection. Whole dish consumed DR",100,g,15.9,1.9,2.1,86,cofid-2021
cofid,15-663,"Aubergine, stuffed with vegetables, cheese topping",en,,"Tomato, mushroom and onion stuffing. Recipe from review of recipe collection. Whole dish consumed DR",100,g,3.6,5,9.7,119,cofid-2021
cofid,15-664,"Bean loaf, mixed beans, homemade",en,,Recipe from dietary survey records DR,100,g,15.1,6.6,7.2,148,cofid-2021
cofid,15-665,"Beanburger, aduki, fried in rapeseed oil, homemade",en,,Recipe DR,100,g,24.1,8.1,7.3,190,cofid-2021
cofid,15-666,"Beanburger, butter bean, fried in rapeseed oil, homemade",en,,Recipe DR,100,g,20.2,5.7,10.6,194,cofid-2021
cofid,15-667,"Beanburger, red kidney bean, fried in rapeseed oil",en,,Recipe from Leeds Polytechnic DR,100,g,21.7,6.2,10.7,202,cofid-2021
cofid,15-668,"Beanburger, soya, fried in rapeseed oil",en,,Recipe from review of recipe collection DR,100,g,14.5,10.5,10.7,193,cofid-2021
cofid,15-669,"Bhaji, aubergine and potato, homemade",en,,Recipe from review of recipe collection DR,100,g,13.4,1.8,8.8,135,cofid-2021
cofid,15-670,"Bhaji, aubergine, pea, potato and cauliflower, homemade",en,,Gujerati dish. Recipe from a personal collection DR,100,g,10.7,2.9,2.5,72,cofid-2021
cofid,15-671,"Bhaji, cabbage, homemade",en,,Recipe adapted from literature sources DR,100,g,6.8,2.8,4.5,77,cofid-2021
cofid,15-672,"Bhaji, cabbage and pea, with butter ghee, homemade",en,,Bangladeshi dish. Recipe adapted from literature sources DR,100,g,9.7,3.4,14.2,177,cofid-2021
cofid,15-673,"Bhaji, cabbage and pea, with rapeseed oil, homemade",en,,Bangladeshi dish. Recipe adapted from literature sources DR,100,g,9.7,3.4,14.5,180,cofid-2021
cofid,15-674,"Bhaji, cabbage and potato, with butter, homemade",en,,Punjabi dish. Recipe from dietary survey records DR,100,g,9.7,2.7,5.6,98,cofid-2021
cofid,15-675,"Bhaji, cabbage and potato, with vegetable oil",en,,Punjabi dish. Recipe from dietary survey records DR,100,g,9.6,2.7,6.8,108,cofid-2021
cofid,15-676,"Bhaji, carrot, potato and pea, with butter, homemade",en,,Punjabi dish. Recipe from dietary survey records DR,100,g,12.9,2.2,6.6,116,cofid-2021
cofid,15-677,"Bhaji, carrot, potato and pea, with vegetable oil, homemade",en,,Punjabi dish. Recipe from dietary survey records DR,100,g,12.9,2.1,7.9,128,cofid-2021
cofid,15-678,"Bhaji, cauliflower, homemade",en,,Recipe DR,100,g,5.5,2.9,20.1,211,cofid-2021
cofid,15-679,"Bhaji, cauliflower and potato, homemade",en,,Bangladeshi dish. Recipe adapted from literature sources DR,100,g,10.1,3.3,6.8,106,cofid-2021
cofid,15-680,"Bhaji, cauliflower and vegetable, homemade",en,,"Cauliflower, onion, tomato and spices. Recipe from literature sources DR",100,g,6.6,3.1,9.1,117,cofid-2021
cofid,15-681,"Bhaji, mushroom, homemade",en,,Mushroom and onion. Recipe from review of recipe collection DR,100,g,4.1,1.2,16.6,168,cofid-2021
cofid,15-682,"Bhaji, mustard leaves, homemade",en,,Recipe from literature sources DR,100,g,4.6,3,6.3,85,cofid-2021
cofid,15-683,"Bhaji, mustard leaves and spinach, homemade",en,,Recipe from literature sources DR,100,g,3.8,3.1,6.5,84,cofid-2021
cofid,15-684,"Bhaji, okra, Bangladeshi, with butter ghee, homemade",en,,"Okra, onion and spices. Recipe adapted from literature sources DR",100,g,7.7,2.4,6.2,97,cofid-2021
cofid,15-685,"Bhaji, okra, Bangladeshi, with vegetable oil, homemade",en,,"Okra, onion and spices. Recipe adapted from literature sources DR",100,g,7.7,2.4,6.4,97,cofid-2021
cofid,15-686,"Bhaji, okra, Islami, homemade",en,,Recipe from the Aga Khan Health Board for the United Kingdom. Very dry dish DR,100,g,8.9,4.6,17.1,201,cofid-2021
cofid,15-687,"Bhaji, pea, homemade",en,,Pakistani dish. Recipe from literature sources DR,100,g,9.3,5,34.6,363,cofid-2021
cofid,15-688,"Bhaji, potato and fenugreek leaves, homemade",en,,Gujerati dish. Recipe from review of recipe collection DR,100,g,18.8,3.7,15.9,222,cofid-2021
cofid,15-689,"Bhaji, potato and green pepper, homemade",en,,"Punjabi dish. Potato, pepper, onion and tomato. Recipe from dietary survey records DR",100,g,12.7,1.5,9,134,cofid-2021
cofid,15-690,"Bhaji, potato and onion, homemade",en,,Bangladeshi dish. Recipe adapted from literature sources DR,100,g,16.7,2.1,10.1,162,cofid-2021
cofid,15-691,"Bhaji, potato, onion and mushroom, homemade",en,,Recipe from review of recipe collection DR,100,g,12.1,1.7,17.3,211,cofid-2021
cofid,15-692,"Bhaji, potato, with butter ghee, homemade",en,,Recipe from literature sources DR,100,g,16.6,2.2,9.8,161,cofid-2021
cofid,15-693,"Bhaji, potato, with vegetable oil, homemade",en,,Recipe from literature sources DR,100,g,16.6,2.2,10,161,cofid-2021
cofid,15-694,"Bhaji, spinach, homemade",en,,"Recipe from Wharton et al, 1983 DR",100,g,2.5,3.3,6.9,83,cofid-2021
cofid,15-695,"Bhaji, spinach and potato, homemade",en,,Recipe from review of recipe collection DR,100,g,13.4,3.6,14.1,192,cofid-2021
cofid,15-696,"Bhaji, turnip, homemade",en,,Recipe from literature sources DR,100,g,6.5,1.3,16.4,179,cofid-2021
cofid,15-697,"Bhaji, turnip and onion, homemade",en,,Punjabi dish. Recipe from dietary survey records DR,100,g,7.1,1.2,10.6,126,cofid-2021
cofid,15-698,"Bhaji, vegetable, with butter, homemade",en,,Recipe from literature sources. Mixed vegetables DR,100,g,10.3,1.9,15.3,185,cofid-2021
cofid,15-699,"Bhaji, vegetable, with rapeseed oil, homemade",en,,Recipe from literature sources. Mixed vegetables DR,100,g,10.1,1.8,18.5,213,cofid-2021
cofid,15-700,"Broccoli in cheese sauce, made with semi-skimmed milk, homemade",en,,Recipe from review of recipe collection DR,100,g,5.9,7.3,7.5,118,cofid-2021
cofid,15-701,"Broccoli in cheese sauce, made with skimmed milk, homemade",en,,Recipe from review of recipe collection DR,100,g,5.9,7.3,6.9,114,cofid-2021
cofid,15-702,"Broccoli in cheese sauce, made with whole milk, homemade",en,,Recipe from review of recipe collection DR,100,g,5.8,7.3,8.2,124,cofid-2021
cofid,15-703,"Bubble and squeak, fried in sunflower oil, homemade",en,,"Fried cabbage and potato. Recipe from Wiles et al, 1980 DR",100,g,10.2,1.7,9.1,128,cofid-2021
cofid,15-704,"Bubble and squeak, fried in rapeseed oil, homemade",en,,"Fried cabbage and potato. Recipe from Wiles et al, 1980 DR",100,g,10.1,1.7,9,126,cofid-2021
cofid,15-705,"Cabbage, red, cooked with apple",en,,Recipe from literature sources DR,100,g,7.9,0.9,2.6,57,cofid-2021
cofid,15-706,"Callaloo and cho cho, homemade",en,,West Indian dish. Spinach and cho cho. Recipe from a personal collection DR,100,g,2.6,1.9,6.6,77,cofid-2021
cofid,15-707,"Callaloo and okra, homemade",en,,West Indian dish. Spinach and okra. Recipe from a personal collection DR,100,g,2.2,1.8,6.4,73,cofid-2021
cofid,15-708,"Cannelloni, spinach, homemade",en,,"Recipe, Pasta tubes with spinach and ricotta filling. Recipe from dietary survey records DR",100,g,15.4,5.2,6.9,140,cofid-2021
cofid,15-709,"Cannelloni, vegetable, homemade",en,,Pasta tubes with mixed vegetable filling. Recipe from dietary survey records DR,100,g,15.5,4.9,8.5,155,cofid-2021
cofid,15-710,"Cauliflower cheese, made with skimmed milk, homemade",en,,Recipe DR,100,g,6.2,5.3,5.6,94,cofid-2021
cofid,15-711,"Cauliflower cheese, made with whole milk, homemade",en,,Recipe DR,100,g,6.1,5.3,6.4,102,cofid-2021
cofid,15-712,"Casserole, bean and mixed vegetable, homemade",en,,Recipe adapted from a recipe from Leeds Polytechnic. DR,100,g,6.6,2.7,0.7,42,cofid-2021
cofid,15-713,"Casserole, bean and root vegetable, homemade",en,,Recipe from dietary survey records. Mixed beans and vegetables DR,100,g,8.4,3,0.6,48,cofid-2021
cofid,15-714,"Casserole, sweet potato and green banana, homemade",en,,Recipe. West Indian dish. Recipe from a personal collection DR,100,g,31.2,1.2,6.5,181,cofid-2021
cofid,15-715,"Cauliflower in white sauce, made with semi-skimmed milk, homemade",en,,Recipe DR,100,g,6,2.7,3.2,63,cofid-2021
cofid,15-716,"Cauliflower in white sauce, made with skimmed milk, homemade",en,,Recipe DR,100,g,6,2.8,2.8,58,cofid-2021
cofid,15-717,"Cauliflower in white sauce, made with whole milk, homemade",en,,Recipe DR,100,g,6.2,2.7,4.2,72,cofid-2021
cofid,15-718,"Cauliflower with onions and chilli pepper, homemade",en,,"Recipe, Bangladeshi dish DR",100,g,4.6,1.8,3.4,55,cofid-2021
cofid,15-719,"Chilli, bean and lentil, homemade",en,,Recipe DR,100,g,13.2,5.3,2.5,92,cofid-2021
cofid,15-720,"Chilli, Quorn, homemade",en,,Recipe DR,100,g,6.9,5.3,3.6,83,cofid-2021
cofid,15-721,"Cho cho fritters, fried in rapeseed oil, homemade",en,,Recipe West Indian dish. DR,100,g,16.6,4.7,12.4,192,cofid-2021
cofid,15-722,"Coco fritters, fried in rapeseed oil, homemade",en,,"Recipe, West Indian dish containing taro, flour, eggs, baking powder and black pepper DR",100,g,26.1,4.7,22.5,322,cofid-2021
cofid,15-723,"Coo-coo, homemade",en,,"Recipe, West Indian dish. Cornmeal with okra. DR",100,g,17.7,2.4,1.8,99,cofid-2021
cofid,15-724,"Corn fritters, fried in rapeseed oil, homemade",en,,Recipe. West Indian dish. Sweetcorn-based. DR,100,g,32.9,5.8,15.2,287,cofid-2021
cofid,15-725,"Corn pudding, homemade",en,,Recipe. West Indian dish. Baked sweetcorn pudding. DR,100,g,8.9,4.7,2.9,78,cofid-2021
cofid,15-726,"Courgettes with eggs, homemade",en,,Recipe. Greek dish DR,100,g,2.2,3.9,9.7,112,cofid-2021
cofid,15-727,"Crumble, vegetable, with white sauce, homemade",en,,"Recipe, containing cauliflower, sweetcorn, parlsey, cheese, flour, oil, fat spread and water DR",100,g,19.6,4.9,7.9,165,cofid-2021
cofid,15-728,"Crumble, vegetable, with white sauce, wholemeal, homemade",en,,"Recipe, containing cauliflower, sweetcorn, parlsey, cheese, flour, oil, fat spread and water DR",100,g,20.8,5.4,7.9,171,cofid-2021
cofid,15-729,"Crumble, vegetable, with tinned tomatoes, homemade",en,,"Recipe, containing cauliflower, onions, carrots, courgettes, tomatoes, flour and fat spread DR",100,g,20.1,3.1,9.6,174,cofid-2021
cofid,15-730,"Crumble, vegetable, with tinned tomatoes, wholemeal, homemade",en,,"Recipe, containing cauliflower, onions, carrots, courgettes, tomatoes, flour and fat spread DR",100,g,18.1,3.6,9.7,170,cofid-2021
cofid,15-731,"Curry, almond, homemade",en,,Recipe DR,100,g,3.3,5.7,33.4,328,cofid-2021
cofid,15-734,"Moussaka, vegetable, homemade",en,,Recipe DR,100,g,8.7,4.4,8.6,133,cofid-2021
cofid,15-735,"Curry, black gram, whole and red kidney bean, homemade",en,,Recipe DR,100,g,8.4,4.5,5,94,cofid-2021
cofid,15-736,"Curry, black gram, whole, Bengali, homemade",en,,Recipe. Thin consistency DR,100,g,8.5,4.4,2.8,76,cofid-2021
cofid,15-737,"Curry, black gram, whole, Gujerati, homemade",en,,"Recipe, thick consistency DR",100,g,15.3,8.4,6.7,154,cofid-2021
cofid,15-738,"Curry, black-eye bean, homemade",en,,"Recipe, Gujerati dish. DR",100,g,18.4,8.1,4.4,139,cofid-2021
cofid,15-739,"Curry, Bombay potato, homemade",en,,"Recipe. Potato, tomato and spices DR",100,g,13.8,1.8,6.7,118,cofid-2021
cofid,15-740,"Curry, cabbage, masala, homemade",en,,Recipe. White cabbage in masala sauce DR,100,g,8.1,1.7,4.9,83,cofid-2021
cofid,15-741,"Curry, cauliflower and potato, homemade",en,,"Recipe, Gujerati dish. Cauliflower, potato, tomato and onion. DR",100,g,6.7,2.6,2,60,cofid-2021
cofid,15-742,"Curry, chick pea dahl and spinach, with butter, homemade",en,,Recipe. Split chick peas DR,100,g,12.9,6.4,12,182,cofid-2021
cofid,15-743,"Curry, chick pea dahl and spinach, with vegetable oil, homemade",en,,Recipe. Split chick peas DR,100,g,12.8,6.3,14.2,201,cofid-2021
cofid,15-744,"Curry, chick pea, whole, Gujerati type, homemade",en,,"Recipe, DR",100,g,21.8,9.7,7.6,183,cofid-2021
cofid,15-745,"Curry, chick pea, whole and potato, homemade",en,,Recipe. Gujerati dish containing natural yogurt. DR,100,g,12.6,5.9,5.4,119,cofid-2021
cofid,15-746,"Curry, chick pea, whole and tomato, Gujerati, with butter ghee, homemade",en,,"Recipe. Large white chick peas, tomato and onion. DR",100,g,20.1,7.7,14.4,237,cofid-2021
cofid,15-747,"Curry, chick pea, whole and tomato, Gujerati, with vegetable oil, homemade",en,,"Recipe. Large white chick peas, tomato and onion. DR",100,g,20.1,7.7,14.7,238,cofid-2021
cofid,15-748,"Curry, chick pea, UK type, homemade",en,,Recipe DR,100,g,14.3,5.9,3.5,109,cofid-2021
cofid,15-749,"Curry, courgette and potato, homemade",en,,"Recipe. Punjabi dish. Courgette, potato, onion and tomato. DR",100,g,9.6,1.8,5.9,96,cofid-2021
cofid,15-750,"Curry, egg and potato, homemade",en,,"Recipe. Egg, potato and tomato DR",100,g,6.5,7.5,9.3,138,cofid-2021
cofid,15-751,"Sauce, curry, sweet, UK type, homemade",en,,Recipe. Basic UK-type sauce with fruit and coconut. Recipe from review of recipe collection DR,100,g,9.8,1.1,5.7,92,cofid-2021
cofid,15-752,"Curry, egg, in sweet sauce, UK type, homemade",en,,Recipe. Eggs in basic UK-type curry sauce. Recipe from review of recipe collection DR,100,g,5.9,6.3,7.3,112,cofid-2021
cofid,15-753,"Curry, egg, with butter, homemade",en,,"Recipe. Punjabi dish. Egg, onion and tomato. DR",100,g,4.7,5.4,10.6,135,cofid-2021
cofid,15-754,"Curry, egg, with rapeseed oil, homemade",en,,"Recipe. Punjabi dish. Egg, onion and tomato. DR",100,g,4.7,5.3,12.2,149,cofid-2021
cofid,15-755,"Curry, green bean, masala, homemade",en,,Recipe. Gujerati dish DR,100,g,4.4,1.7,12.5,130,cofid-2021
cofid,15-756,"Curry, karela, homemade",en,,"Recipe. Punjabi dish. Karela, onion and tomato. DR",100,g,4.6,1.6,9.7,111,cofid-2021
cofid,15-757,"Curry, lentil, red/masoor dahl and mung bean dahl, homemade",en,,"Recipe, thin consistency DR",100,g,10.1,4.8,6.7,116,cofid-2021
cofid,15-758,"Curry, lentil, red/masoor dahl and tomato, Punjabi, homemade",en,,"Recipe, thick consistency DR",100,g,8.5,3.2,5.5,93,cofid-2021
cofid,15-759,"Curry, lentil, red/masoor dahl and tomato, with butter, homemade",en,,"Recipe, thin consistency DR",100,g,10.6,4.3,5.3,104,cofid-2021
cofid,15-760,"Curry, lentil, red/masoor dahl and tomato, with vegetable oil, homemade",en,,"Recipe, thin consistency DR",100,g,10.6,4.3,6.3,113,cofid-2021
cofid,15-761,"Curry, lentil, red/masoor dahl and vegetable, UK type, homemade",en,,"Recipe, Basic UK-type dish. Lentil, tomato, carrot and pepper DR",100,g,14.8,5.7,3.8,112,cofid-2021
cofid,15-762,"Curry, lentil, red/masoor dahl, Punjabi, homemade",en,,"Recipe, thick consistency DR",100,g,19.3,7.2,4.6,141,cofid-2021
cofid,15-763,"Curry, lentil, red/masoor dahl, with butter, homemade",en,,"Recipe, Bangladeshi dish, thin consistancy DR",100,g,19.3,7.6,6.6,161,cofid-2021
cofid,15-764,"Curry, lentil, red/masoor dahl, with vegetable oil, homemade",en,,"Recipe, Bangladeshi dish., thin consistancy DR",100,g,19.2,7.6,7.9,173,cofid-2021
cofid,15-765,"Curry, lentil, whole/masoor, Gujerati, homemade",en,,"Recipe, thick consistency DR",100,g,17,6.5,5.3,137,cofid-2021
cofid,15-766,"Curry, lentil, whole/masoor, Punjabi, homemade",en,,"Recipe, medium consistency DR",100,g,13.9,5.7,8.3,148,cofid-2021
cofid,15-767,"Curry, mung bean dahl and spinach, homemade",en,,Recipe. Gujerati dish. Split mung beans DR,100,g,12.3,7.8,2.9,102,cofid-2021
cofid,15-768,"Curry, mung bean dahl, Bengali, homemade",en,,Recipe. Split mung beans. Thin consistency DR,100,g,7.4,4.2,3.4,74,cofid-2021
cofid,15-769,"Curry, mung bean, whole and turnip leaves, homemade",en,,Recipe DR,100,g,6.2,4.4,14.4,169,cofid-2021
cofid,15-771,"Curry, mung bean, whole, Gujerati, homemade",en,,"Recipe, thick consistency DR",100,g,13.2,6,5.9,126,cofid-2021
cofid,15-774,"Curry, dudhi, kofta, homemade",en,,Recipe. Gujerati dish. Fried dudhi balls in a tomato and onion sauce DR,100,g,9.3,2.6,6.9,111,cofid-2021
cofid,15-776,"Curry, pea and potato, homemade",en,,"Recipe, canned peas DR",100,g,10.2,2.5,11,147,cofid-2021
cofid,15-777,"Curry, pigeon pea dahl and tomato, homemade",en,,Recipe. Thin consistency. Split pigeon peas DR,100,g,7.3,2.3,2.2,56,cofid-2021
cofid,15-778,"Curry, pigeon pea dahl with tomatoes and peanuts, homemade",en,,"Recipe, Gujerati, split pigeon peas DR",100,g,16.9,6.9,3.3,121,cofid-2021
cofid,15-779,"Curry, pigeon pea dahl, with butter, homemade",en,,"Recipe, split pigeon peas DR",100,g,13.5,4.6,4.7,108,cofid-2021
cofid,15-780,"Curry, pigeon pea dahl, with vegetable oil, homemade",en,,"Recipe, split pigeon peas DR",100,g,13.5,4.6,5.5,116,cofid-2021
cofid,15-781,"Curry, potato and pea, homemade",en,,"Recipe, Bangladeshi dish DR",100,g,13,2.7,3.7,92,cofid-2021
cofid,15-782,"Curry, potato, Gujerati, homemade",en,,Recipe DR,100,g,11.8,1.5,5.4,94,cofid-2021
cofid,15-783,"Curry, potato, Punjabi, homemade",en,,Recipe DR,100,g,13.8,1.8,4,94,cofid-2021
cofid,15-784,"Curry, red kidney and mung bean, whole, homemade",en,,Recipe DR,100,g,7.6,3.9,12.1,153,cofid-2021
cofid,15-785,"Curry, red kidney bean, Gujerati, homemade",en,,"Recipe, thin-medium consistency DR",100,g,9.7,4,6.1,107,cofid-2021
cofid,15-787,"Curry, spinach and potato, masala, homemade",en,,"Recipe, Frozen spinach and potato in masala sauce. DR",100,g,7.4,2.2,8.2,110,cofid-2021
cofid,15-788,"Curry, tinda gourd and potato, homemade",en,,"Recipe. Punjabi dish. Tinda gourd, potato, tomato and onion. DR",100,g,8.5,1.6,3.9,74,cofid-2021
cofid,15-789,"Curry, vegetable, frozen mixed vegetables, homemade",en,,Recipe. Frozen mixed vegetables and potato. DR,100,g,7.2,2.5,6.1,90,cofid-2021
cofid,15-790,"Curry, vegetable, in sweet sauce, UK type, homemade",en,,Recipe. Vegetables in a basic UK-type curry sauce.  Recipe from review of recipe collection DR,100,g,7.3,1.3,2.1,51,cofid-2021
cofid,15-791,"Curry, vegetable, Islami, homemade",en,,Recipe DR,100,g,8.4,2.2,4.6,81,cofid-2021
cofid,15-792,"Curry, vegetable, Pakistani, homemade",en,,"Recipe.  Assorted vegetables, includes coconut DR",100,g,9.2,2.3,2.6,64,cofid-2021
cofid,15-793,"Curry, vegetable, West Indian, homemade",en,,"Recipe. Aubergine, okra, spinach and potato. DR",100,g,4.1,2.4,4,60,cofid-2021
cofid,15-794,"Curry, vegetable, with yogurt, UK type, homemade",en,,Recipe. Basic UK-type curry.  Mixed vegetables with yogurt. DR,100,g,4.7,2.2,4,64,cofid-2021
cofid,15-795,"Falafel, fried in rapeseed oil, homemade",en,,Recipe. Middle-Eastern dish. Deep fried chick pea balls. DR,100,g,15.9,6.4,11.2,183,cofid-2021
cofid,15-796,"Flan, cheese and mushroom, homemade",en,,Recipe from dietary survey records DR,100,g,16,10.8,19.9,282,cofid-2021
cofid,15-797,"Flan, cheese and mushroom, wholemeal, homemade",en,,Recipe from dietary survey records DR,100,g,17.1,11.3,18.1,272,cofid-2021
cofid,15-798,"Flan, cheese, onion and potato, homemade",en,,Recipe from dietary survey records DR,100,g,18,13,26.2,355,cofid-2021
cofid,15-799,"Flan, cheese, onion and potato, wholemeal, homemade",en,,Recipe from dietary survey records DR,100,g,19.1,13.6,24.3,345,cofid-2021
cofid,15-800,"Flan, lentil and tomato, homemade",en,,Recipe DR,100,g,23.6,7.4,5.7,169,cofid-2021
cofid,15-801,"Flan, lentil and tomato, wholemeal, homemade",en,,Recipe DR,100,g,22,7.7,5.8,165,cofid-2021
cofid,15-802,"Flan, spinach, homemade",en,,Recipe DR,100,g,13.4,8.6,14.7,211,cofid-2021
cofid,15-803,"Flan, spinach, wholemeal, homemade",en,,Recipe DR,100,g,11.3,9,13.4,206,cofid-2021
cofid,15-804,"Flan, vegetable, homemade",en,,"Recipe from dietary survey records and dissection of shop-bought samples, containing short crust pastry, carrots, broccoli, cheese, white sauce and onions DR",100,g,18.2,5.3,15.6,229,cofid-2021
cofid,15-805,"Flan, vegetable, wholemeal, homemade",en,,Recipe from dietary survey records and dissection of shop-bought samples DR,100,g,16.7,5.4,11.9,191,cofid-2021
cofid,15-806,"Fu-fu, sweet potato, homemade",en,,Recipe. West Indian/African dish. Sweet potato and rice flour. DR,100,g,25.9,1.6,0.3,109,cofid-2021
cofid,15-807,"Fu-fu, yam, homemade",en,,Recipe. West Indian/African dish. Yam and rice flour. DR,100,g,37.4,2.1,0.3,155,cofid-2021
cofid,15-809,Khadhi,en,,Recipe. Gujerati dish. Yogurt with chick pea flour and spices. DR,100,g,6.6,3.4,2.8,63,cofid-2021
cofid,15-810,Khatiyu,en,,Recipe. Gujerati dish. Whole pigeon peas with jaggery and spices. DR,100,g,25.8,8.5,7,192,cofid-2021
cofid,15-813,"Leeks in cheese sauce, made with semi-skimmed milk, homemade",en,,"Recipe, proportions derived from recipe review DR",100,g,4.6,4,5.5,82,cofid-2021
cofid,15-814,"Leeks in cheese sauce, made with skimmed milk, homemade",en,,"Recipe, proportions derived from recipe review DR",100,g,4.6,4,5,79,cofid-2021
cofid,15-815,"Leeks in cheese sauce, made with whole milk, homemade",en,,"Recipe, proportions derived from recipe review DR",100,g,4.5,4,6,87,cofid-2021
cofid,15-816,"Pie, lentil and cheese, homemade",en,,recipe from dietary survey records DR,100,g,14.5,11,9.3,182,cofid-2021
cofid,15-817,"Lentil and potato pie, homemade",en,,Recipe from dietary survey records DR,100,g,18.6,5.3,2.2,111,cofid-2021
cofid,15-818,"Lentil and rice roast, homemade",en,,Recipe from dietary survey records DR,100,g,25.2,5.1,1.8,131,cofid-2021
cofid,15-819,"Lentil and rice roast, with egg, homemade",en,,Recipe from dietary survey records DR,100,g,24.1,5.5,2.1,131,cofid-2021
cofid,15-820,"Lentil cutlets, fried in vegetable oil, homemade",en,,Recipe. Gujerati dish.  Red lentil and potato cutlets. DR,100,g,24.2,8.5,8.3,199,cofid-2021
cofid,15-821,"Lentil pie, homemade",en,,Recipe from review of recipe collection DR,100,g,29.1,6.9,4.3,175,cofid-2021
cofid,15-822,"Mchicha, homemade",en,,Recipe. West Indian dish. Steamed spinach with onion and tomato. DR,100,g,4,3.6,4.7,73,cofid-2021
cofid,15-823,"Vine leaves, stuffed with rice",en,,Recipe. Greek dish. Recipe from a personal collection DR,100,g,23.8,2.6,17.8,263,cofid-2021
cofid,15-824,"Okra with tomatoes and onion, Greek, homemade",en,,Recipe DR,100,g,5,2.8,16.7,180,cofid-2021
cofid,15-825,"Okra with tomatoes and onion, West Indian, homemade",en,,Recipe DR,100,g,4.7,3,7.7,98,cofid-2021
cofid,15-826,"Pakora/bhajia, aubergine, fried in vegetable oil, homemade",en,,Recipe. Aubergine fried in chick pea flour batter DR,100,g,17.2,7.9,22.5,294,cofid-2021
cofid,15-827,"Pakora/bhajia, cauliflower, fried in vegetable oil, homemade",en,,Recipe. Cauliflour fried in chick pea flour batter DR,100,g,18.2,9.2,23.9,320,cofid-2021
cofid,15-828,"Pakora/bhajia, onion, fried in vegetable oil, homemade",en,,Recipe. Onion fried in chick pea flour batter DR,100,g,24.6,11.2,14.7,270,cofid-2021
cofid,15-829,"Pakora/bhajia, potato and cauliflower, fried in vegetable oil, homemade",en,,"Recipe, vegetables fried in chick pea flour batter DR",100,g,23.9,8.6,22.3,325,cofid-2021
cofid,15-830,"Pakora/bhajia, potato, carrot and pea, fried in vegetable oil, homemade",en,,"Recipe, vegetables fried in chick pea flour batter DR",100,g,28.9,12.5,22.7,355,cofid-2021
cofid,15-831,"Pakora/bhajia, potato, fried in vegetable oil, homemade",en,,Recipe. Potatoes fried in chick pea flour batter DR,100,g,28.4,9.2,19.6,315,cofid-2021
cofid,15-832,"Pakora/bhajia, spinach, fried in vegetable oil, homemade",en,,"Recipe, spinach fried in chick pea flour batter DR",100,g,30,14.6,22.2,360,cofid-2021
cofid,15-833,"Pancakes, stuffed with vegetables, wholemeal, homemade",en,,"Tomato, mushroom and onion stuffing. Recipe adapted from a recipe from Leeds Polytechnic DR",100,g,14.2,4.4,5,115,cofid-2021
cofid,15-835,Pastichio,en,,"Recipe. Greek dish. Macaroni, lentil and vegetables with white sauce. DR",100,g,17.2,7,6.3,150,cofid-2021
cofid,15-836,"Pasty, vegetable, wholemeal, homemade",en,,Recipe from dietary survey records DR,100,g,30.7,4.9,15.2,272,cofid-2021
cofid,15-837,"Peppers, green, stuffed with rice, homemade",en,,"Recipe. Green peppers with rice, tomato and raisin stuffing. Recipe from review of recipe collection DR",100,g,14.4,1.7,1.9,77,cofid-2021
cofid,15-838,"Pesto sauce, homemade",en,,Recipe. Italian dish. Basil and parmesan sauce for pasta. Recipe from Waltham Forest College DR,100,g,2.4,19,46.2,501,cofid-2021
cofid,15-839,"Pie, Quorn and vegetable",en,,Recipe from Marlow Foods Ltd DR,100,g,13.2,7.6,10.4,174,cofid-2021
cofid,15-840,"Pie, spinach, homemade",en,,"Recipe. Greek dish. Spinach, leek, feta cheese and egg pie. Recipe from a personal collection DR",100,g,8.6,6.2,13.3,177,cofid-2021
cofid,15-841,"Pie, vegetable, wholemeal, homemade",en,,Recipe from review of recipe collection DR,100,g,18,3.4,7.8,151,cofid-2021
cofid,15-842,"Pilaf, rice with spinach, homemade",en,,Greek dish. Recipe from a personal collection DR,100,g,17.8,3.7,1.9,104,cofid-2021
cofid,15-843,"Pilaf, rice with tomato, homemade",en,,"Recipe, Greek dish. Recipe from a personal collection DR",100,g,27.9,2.9,2.6,147,cofid-2021
cofid,15-844,"Pilau, egg and potato, homemade",en,,Recipe. Rice-based dish. Recipe from review of recipe collection DR,100,g,22.4,4.4,2.5,124,cofid-2021
cofid,15-845,"Pilau, egg and potato, brown rice, homemade",en,,Recipe. Rice-based dish. Recipe from review of recipe collection DR,100,g,19.5,4.7,2.8,117,cofid-2021
cofid,15-846,"Pilau, mushroom, homemade",en,,Recipe. Rice-based dish. Recipe from a personal collection DR,100,g,23.9,2.5,3.5,138,cofid-2021
cofid,15-849,"Potato cakes, fried in rapeseed oil",en,,Recipe DR,100,g,31.4,3.9,8.4,210,cofid-2021
cofid,15-850,"Potatoes, duchesse",en,,"Recipe. Baked potato, egg and butter shapes. Recipe from review of recipe collection DR",100,g,17.5,3.1,5.1,124,cofid-2021
cofid,15-852,"Peppers, green, stuffed with vegetables, cheese topping, homemade",en,,Recipe. Green peppers with mixed vegetable stuffing. Recipe from a review of recipe collection DR,100,g,5.2,2.6,5.6,80,cofid-2021
cofid,15-853,Red pea loaf,en,,Recipe. West Indian dish. Red kidney beans. Recipe from a personal collection DR,100,g,15.6,9.2,3.4,127,cofid-2021
cofid,15-854,Re-fried beans,en,,Recipe. Mashed kidney bean dish. Recipe from review of recipe collection DR,100,g,15,7.1,8.6,169,cofid-2021
cofid,15-855,Rice and black-eye beans,en,,Recipe. West Indian dish. Recipe from review of recipe collection DR,100,g,34.1,5.6,2.2,170,cofid-2021
cofid,15-856,"Rice and black-eye beans, brown rice",en,,Recipe. West Indian dish. Recipe from review of recipe collection DR,100,g,31.6,5.9,2.4,164,cofid-2021
cofid,15-857,Rice and pigeon peas,en,,Recipe. West Indian dish. Recipe from review of recipe collection DR,100,g,33.1,4.9,2.2,163,cofid-2021
cofid,15-858,"Rice and pigeon peas, brown rice",en,,Recipe. West Indian dish. Recipe from review of recipe collection DR,100,g,30.8,5.2,2.3,157,cofid-2021
cofid,15-859,Rice and red kidney beans,en,,Recipe. West Indian dish. Recipe from review of recipe collection DR,100,g,31.5,5.2,2.1,158,cofid-2021
cofid,15-860,"Rice and red kidney beans, brown rice",en,,Recipe. West Indian dish. Recipe from review of recipe collection DR,100,g,29.1,5.5,2.3,152,cofid-2021
cofid,15-861,Rice and split peas,en,,Recipe. West Indian dish. Recipe from review of recipe collection DR,100,g,37.3,5.8,2.5,186,cofid-2021
cofid,15-862,"Rice and split peas, brown rice",en,,Recipe. West Indian dish. Recipe from review of recipe collection DR,100,g,34.7,6.2,2.7,179,cofid-2021
cofid,15-863,"Risotto, white rice, vegetable, homemade",en,,"Risotto rice, vegetables, red kidney beans and cashew nuts. Recipe from Leeds Polytechnic DR",100,g,18.5,3.8,6.1,139,cofid-2021
cofid,15-864,"Risotto, vegetable, brown rice",en,,"Recipe. Brown rice, vegetables, red kidney beans and cashew nuts. Recipe from Leeds Polytechnic DR",100,g,17.3,4,6.2,136,cofid-2021
cofid,15-865,"Rissoles, chick pea, fried in sunflower oil",en,,Recipe from dietary survey records DR,100,g,16,8,16.7,243,cofid-2021
cofid,15-866,"Rissoles, chick pea, fried in vegetable oil",en,,Recipe from dietary survey records DR,100,g,16,8,16.7,243,cofid-2021
cofid,15-867,"Rissoles, vegetable, fried in sunflower oil",en,,"Recipe. Potato, turnip, carrot and pea. Recipe from dietary survey records DR",100,g,13.2,1.5,7.2,121,cofid-2021
cofid,15-868,"Rissoles, vegetable, fried in vegetable oil",en,,"Recipe. Potato, turnip, carrot and pea. Recipe from dietary survey records DR",100,g,13.2,1.5,7.2,121,cofid-2021
cofid,15-869,"Roulade, spinach",en,,Recipe from dietary survey records DR,100,g,4.5,10.1,13.3,182,cofid-2021
cofid,15-870,"Salad, beetroot and onion in French dressing",en,,Recipe from review of recipe collection DR,100,g,9.5,1.9,3.1,71,cofid-2021
cofid,15-871,"Salad, Greek",en,,"Recipe. Salad with feta cheese, olives and olive oil. Recipe from review of recipe collection DR",100,g,1.9,2.7,12.6,131,cofid-2021
cofid,15-872,"Salad, pasta, vegetables and mayonnaise",en,,Recipe from dietary survey records DR,100,g,17.5,3.7,7.9,150,cofid-2021
cofid,15-873,"Salad, potato, with French dressing",en,,Recipe from review of recipe collection DR,100,g,15.8,1.5,5,111,cofid-2021
cofid,15-874,"Salad, potato, with mayonnaise",en,,Recipe from review of recipe collection DR,100,g,12.7,1.6,20.6,239,cofid-2021
cofid,15-875,"Salad, rice, brown",en,,"Recipe. Rice, vegetables, nut and raisin. Recipe from dietary survey records DR",100,g,21.6,3.5,7.3,160,cofid-2021
cofid,15-876,"Salad, tomato and onion",en,,Recipe from review of recipe collection DR,100,g,4.9,0.6,2.7,45,cofid-2021
cofid,15-878,"Salad, Waldorf",en,,"Recipe. Apple, walnut and celery with mayonnaise. Recipe from review of recipe collection DR",100,g,7.9,1.5,17.8,196,cofid-2021
cofid,15-879,"Sauce, curry, onion, with butter, homemade",en,,Onion base for curry. Recipe from review of recipe collection DR,100,g,6.6,1.2,24.7,252,cofid-2021
cofid,15-880,"Sauce, curry, onion, with vegetable oil, homemade",en,,Onion base for curry. Recipe from review of recipe collection DR,100,g,6.5,1,30,298,cofid-2021
cofid,15-881,"Sauce, curry, tomato and onion, homemade",en,,Recipe. Gujerati dish. Recipe from a personal collection DR,100,g,6.1,1.7,19.2,201,cofid-2021
cofid,15-882,"Sauce, tomato and mushroom, homemade",en,,"Recipe, Sauce for pasta or pizza. Recipe from review of recipe collection DR",100,g,6,1.4,2,46,cofid-2021
cofid,15-883,"Shepherd's pie, vegetable",en,,Recipe. Vegetable and lentil base with potato topping. Recipe from review of recipe collection DR,100,g,16.1,4.5,3.9,114,cofid-2021
cofid,15-884,Sweet potato and onion layer,en,,Recipe. West Indian dish. Recipe from a personal collection DR,100,g,23.3,3.4,1.8,124,cofid-2021
cofid,15-885,Tabouleh,en,,Recipe. Bulgur wheat based salad. Recipe from review of recipe collection DR,100,g,17.2,2.6,4.6,119,cofid-2021
cofid,15-886,"Tempeh burgers, fried in vegetable oil",en,,Tempeh and rice burgers. Recipe from review of recipe collection DR,100,g,22.2,8.3,7.9,188,cofid-2021
cofid,15-887,"Tofu burger, baked",en,,"Recipe. Tofu, oat and vegetable. Recipe from Leeds Polytechnic DR",100,g,13.2,7.3,4,115,cofid-2021
cofid,15-888,Tofu spread,en,,"Recipe. Tofu, vegetable and mayonnaise paste. Recipe from Leeds Polytechnic DR",100,g,2.4,4.4,20.1,208,cofid-2021
cofid,15-889,"Tomatoes, stuffed with vegetables",en,,"Sweetcorn, onion and mushroom stuffing. Recipe from a review of recipe collection DR",100,g,8.9,1.7,6,95,cofid-2021
cofid,15-892,"Curry, vegetable, retail, with rice",en,,Calculated using 54% retail curry (15-619) and 46% plain ready cooked rice (11-884) DR,100,g,20.2,3,4.1,125,cofid-2021
cofid,16-001,"Ayr, raw",en,,Literature sources. Imported frozen from Bangladesh JA,100,g,0,15.9,1.3,75,cofid-2021
cofid,16-003,"Bele, raw",en,,Literature sources. Imported frozen from Bangladesh JA,100,g,0,15.3,0.7,67,cofid-2021
cofid,16-004,"Boal, raw",en,,Literature sources. Imported frozen from Bangladesh JA,100,g,0,15.4,2.7,86,cofid-2021
cofid,16-005,Bombay duck,en,,"Literature sources. Salted dried fish, also known as dried lottiya JA",100,g,0,61.7,4,283,cofid-2021
cofid,16-006,"Bream, Sea, raw",en,,Literature sources JA,100,g,0,17.5,2.9,96,cofid-2021
cofid,16-007,"Catfish, raw",en,,Literature sources JA,100,g,0,17.6,2.8,96,cofid-2021
cofid,16-008,"Catfish, flesh only, steamed",en,,Middle cuts JA,100,g,0,21.4,3.7,119,cofid-2021
cofid,16-009,"Catfish, flesh only, steamed, weighed with bones",en,,Calculated from steamed 16-008 JA,100,g,0,18.2,3.1,101,cofid-2021
cofid,16-010,"Salted fish, Chinese, bones removed, steamed",en,,8 assorted varieties JA,100,g,0,33.9,2.2,155,cofid-2021
cofid,16-011,"Chital, raw",en,,Literature sources. Imported frozen from Bangladesh JA,100,g,0,18.1,1.9,90,cofid-2021
cofid,16-015,"Cod, flesh only, poached in milk, butter and salt added",en,,"Poached in milk, butter and salt added, fillets JA",100,g,0,20.9,1.1,94,cofid-2021
cofid,16-016,"Cod, flesh only, poached in milk, butter and salt added, weighed with bones and skin",en,,Calculated from poached 16-015 JA,100,g,0,18.2,1,81,cofid-2021
cofid,16-035,"Eel, conger, flesh only, raw",en,,Literature sources JA,100,g,0,18.1,4.6,114,cofid-2021
cofid,16-036,"Eel, conger, flesh only, grilled",en,,"Calculated from raw 16-035, steaks JA",100,g,0,21.7,5.5,137,cofid-2021
cofid,16-037,"Eel, conger, flesh only, grilled, weighed with bones and skin",en,,Calculated from grilled 16-036 JA,100,g,0,11.3,2.9,71,cofid-2021
cofid,16-038,"Dab, raw",en,,Literature sources JA,100,g,0,15.7,1.2,74,cofid-2021
cofid,16-039,"Dover sole, raw",en,,Literature sources JA,100,g,0,18.1,1.8,89,cofid-2021
cofid,16-040,"Flounder, raw",en,,Literature sources JA,100,g,0,16.4,1.8,82,cofid-2021
cofid,16-041,"Flounder, flesh only, steamed",en,,"Analysis and calculation from raw, whole fish without heads JA",100,g,0,20.3,2.2,101,cofid-2021
cofid,16-042,"Flounder, flesh only, steamed, weighed with bones and skin",en,,"Fish and Fish Products Supplement, 1993 JA",100,g,0,11.4,1.2,57,cofid-2021
cofid,16-043,"Flying fish, raw",en,,Literature sources JA,100,g,0,21,0.3,86,cofid-2021
cofid,16-052,"Haddock, in batter, fried in blended oil",en,,"Samples as fried in retail blend oil, fatty acids calculated JA",100,g,10,17.1,14,232,cofid-2021
cofid,16-053,"Haddock, in batter, fried in dripping",en,,"Samples as fried in retail blend oil, fatty acids calculated JA",100,g,10,17.1,14,232,cofid-2021
cofid,16-055,"Haddock, in batter, fried in sunflower oil",en,,"Samples as fried in retail blend oil, fatty acids calculated JA",100,g,10,17.1,14,232,cofid-2021
cofid,16-057,"Haddock, fillets, flesh only, in flour, fried in blended oil, weighed with bones and skin",en,,Calculated from fried in blended oil 16-056 JA,100,g,3.9,18.4,3.6,120,cofid-2021
cofid,16-058,"Haddock, fillets, flesh only, in flour, fried in dripping",en,,"12 samples, shallow fried in dripping for 7 minutes per side, fillets; flesh only JA",100,g,4.5,21.1,4.1,138,cofid-2021
cofid,16-059,"Haddock, fillets, flesh only, in flour, fried in dripping, weighed with bones and skin",en,,Calculated from fried in dripping 16-058 JA,100,g,3.9,18.4,3.6,120,cofid-2021
cofid,16-060,"Haddock, fillets, flesh only, in flour, fried in sunflower oil",en,,"12 samples, shallow fried in sunflower oil for 7 minutes per side, fillets; flesh only JA",100,g,4.5,21.1,4.1,138,cofid-2021
cofid,16-061,"Haddock, fillets, flesh only, in flour, fried in sunflower oil, weighed with bones and skin",en,,Calculated from fried in sunflower oil 16-060 JA,100,g,3.9,18.4,3.6,120,cofid-2021
cofid,16-062,"Haddock, coated in crumbs, frozen, raw",en,,"10 samples, 7 brands; fillets and steaks JA",100,g,10.5,13.8,5.2,141,cofid-2021
cofid,16-063,"Haddock, coated in crumbs, frozen, fried in blended oil",en,,"10 samples, 7 brands; shallow fried in blended oil for 10-15 minutes per side JA",100,g,12.6,14.7,10,196,cofid-2021
cofid,16-064,"Haddock, coated in crumbs, frozen, fried in blended oil, weighed with bones and skin",en,,Calculated from fried in blended oil 16-063 JA,100,g,10.1,11.8,8,157,cofid-2021
cofid,16-070,"Hake, flesh only, raw",en,,Literature sources JA,100,g,0,18,2.2,92,cofid-2021
cofid,16-071,"Hake, flesh only, grilled",en,,"Calculated from raw, steaks; flesh only JA",100,g,0,22.2,2.7,113,cofid-2021
cofid,16-072,"Hake, flesh only, grilled, weighed with bones and skin",en,,Calculated from grilled 16-071 JA,100,g,0,14.4,1.8,74,cofid-2021
cofid,16-073,"Halibut, flesh only, raw",en,,Literature sources JA,100,g,0,21.5,1.9,103,cofid-2021
cofid,16-074,"Halibut, flesh only, grilled",en,,"Calculated from raw, cutlets and steaks JA",100,g,0,25.3,2.2,121,cofid-2021
cofid,16-075,"Halibut, grilled, weighed with bones and skin",en,,Calculated from grilled 16-074 JA,100,g,0,19.7,1.7,95,cofid-2021
cofid,16-076,"Halibut, flesh only, poached",en,,"Fish 100g, milk 20g and butter 3g. Calculated from raw, cutlets and steaks JA",100,g,1.1,24.7,5.7,154,cofid-2021
cofid,16-077,"Halibut, flesh only, poached, weighed with bones and skin",en,,Calculated from poached 16-076 JA,100,g,1,22.7,5.3,142,cofid-2021
cofid,16-078,"Hoki, raw",en,,Literature sources. White fleshed fish from New Zealand JA,100,g,0,16.9,1.9,85,cofid-2021
cofid,16-079,"Hoki, grilled",en,,"Calculated from raw 16-078, fillets JA",100,g,0,24.1,2.7,121,cofid-2021
cofid,16-080,"John Dory, raw",en,,Analytical and literature sources JA,100,g,0,19,1.4,89,cofid-2021
cofid,16-081,"Kalabasu, raw",en,,Literature sources. Imported frozen from Bangladesh JA,100,g,0,14.7,1,68,cofid-2021
cofid,16-087,"Lemon sole, goujons, baked",en,,Calculated from manufacturers' proportions JA,100,g,14.7,16,14.6,187,cofid-2021
cofid,16-091,"Ling, raw",en,,Literature sources JA,100,g,0,18.8,0.7,82,cofid-2021
cofid,16-092,"Monkfish, flesh only, raw",en,,Literature sources JA,100,g,0,15.7,0.4,66,cofid-2021
cofid,16-093,"Monkfish, flesh only, grilled",en,,"Calculated from raw, pieces from tail end JA",100,g,0,22.7,0.6,96,cofid-2021
cofid,16-094,"Monkfish, flesh only, grilled, weighed with bones",en,,Calculated from grilled 16-093 JA,100,g,0,17.5,0.4,74,cofid-2021
cofid,16-095,"Mullet, Grey, flesh only, raw",en,,Literature sources JA,100,g,0,19.8,4,115,cofid-2021
cofid,16-096,"Mullet, Grey, flesh only, grilled",en,,"Calculated from raw, whole fish with guts removed JA",100,g,0,25.7,5.2,150,cofid-2021
cofid,16-097,"Mullet, Grey, grilled, weighed with bones and skin",en,,Calculated from grilled 16-096 JA,100,g,0,14.1,2.9,82,cofid-2021
cofid,16-098,"Mullet, Red, flesh only, raw",en,,"6 samples, purchased whole JA",100,g,0,18.7,3.8,109,cofid-2021
cofid,16-099,"Mullet, Red, flesh only, grilled",en,,"6 samples, grilled for 7 minutes, whole fish with guts removed JA",100,g,0,20.4,4.4,121,cofid-2021
cofid,16-100,"Mullet, Red, flesh only, grilled, weighed with bones and skin",en,,Calculated from grilled 16 - 099 JA,100,g,0,9.6,2.1,57,cofid-2021
cofid,16-101,"Parrot fish, raw",en,,Literature sources JA,100,g,0,19.9,0.4,83,cofid-2021
cofid,16-124,"Pomfret, black, raw",en,,Literature sources JA,100,g,0,18.8,2.6,99,cofid-2021
cofid,16-125,"Pomfret, white, raw",en,,Literature sources JA,100,g,0,18.3,2.1,92,cofid-2021
cofid,16-126,"Red snapper, flesh only, raw",en,,Literature sources and calculation from fried JA,100,g,0,19.6,1.3,90,cofid-2021
cofid,16-127,"Red snapper, flesh only, fried in blended oil, weighed with bones and skin",en,,"10 whole fish, shallow fried for 7 minutes per side JA",100,g,0,24.5,3.1,126,cofid-2021
cofid,16-128,"Red snapper, flesh only, fried in blended oil, weighed with bones and skin",en,,Calculated from fried in blended oil 16-127 JA,100,g,0,12.5,1.6,64,cofid-2021
cofid,16-129,"Red snapper, flesh only, fried in sunflower oil",en,,"10 whole fish, shallow fried for 7 minutes per side JA",100,g,0,24.5,3.1,126,cofid-2021
cofid,16-130,"Red snapper, flesh only, fried in sunflower oil, weighed with bones and skin",en,,Calculated from fried in sunflower oil 16-129 JA,100,g,0,12.5,1.6,64,cofid-2021
cofid,16-131,"Redfish, raw",en,,Literature sources JA,100,g,0,18.4,2.7,98,cofid-2021
cofid,16-132,"Rohu, raw",en,,Literature sources. Imported frozen from Bangladesh JA,100,g,0,16.6,1.4,79,cofid-2021
cofid,16-133,"Rock Salmon/Dogfish, raw",en,,Data from Seafish Industry Authority and literature sources JA,100,g,0,16.6,9.7,154,cofid-2021
cofid,16-134,"Rock Salmon/Dogfish, in batter, fried in blended oil",en,,"Samples as fried in retail blend oil, fatty acids calculated JA",100,g,10.3,14.7,21.9,295,cofid-2021
cofid,16-135,"Rock Salmon/Dogfish, in batter, fried in blended oil, weighed with bones",en,,Calculated from fried in blended oil 16-134 JA,100,g,9.6,13.7,20.4,274,cofid-2021
cofid,16-136,"Rock Salmon/Dogfish, in batter, fried in dripping",en,,Samples as fried in retail blend oil 16-138 fatty acids calculated JA,100,g,10.3,14.7,21.9,295,cofid-2021
cofid,16-137,"Rock Salmon/Dogfish, in batter, fried in dripping, weighed with bones",en,,Calculated from fried in dripping 16-136 JA,100,g,9.6,13.7,20.4,274,cofid-2021
cofid,16-138,"Rock Salmon/Dogfish, in batter, fried in retail blend oil",en,,"10 samples purchased from fish and chip shops, fatty acids calculated JA",100,g,10.3,14.7,21.9,295,cofid-2021
cofid,16-139,"Rock Salmon/Dogfish, in batter, fried in retail blend oil, weighed with bones",en,,Calculated from fried in retail blend oil JA,100,g,9.6,13.7,20.4,274,cofid-2021
cofid,16-140,"Rock Salmon/Dogfish, in batter, fried in sunflower oil",en,,"Samples as fried in retail blend oil, fatty acids calculated JA",100,g,10.3,14.7,21.9,295,cofid-2021
cofid,16-141,"Rock Salmon/Dogfish, in batter, fried in sunflower oil, weighed with bones",en,,Calculated from fried in sunflower oil JA,100,g,9.6,13.7,20.4,274,cofid-2021
cofid,16-142,"Shark, raw",en,,Data from Seafish Industry Authority and literature sources JA,100,g,0,23,1.1,102,cofid-2021
cofid,16-143,"Skate, raw",en,,Data from Seafish Industry Authority and literature sources JA,100,g,0,15.1,0.4,64,cofid-2021
cofid,16-144,"Skate, grilled",en,,Calculated from raw 16-143 JA,100,g,0,18.9,0.5,79,cofid-2021
cofid,16-145,"Skate, grilled, weighed with bones",en,,"Calculated from grilled, wings JA",100,g,0,14,0.3,59,cofid-2021
cofid,16-154,"Tilapia, raw",en,,Literature sources. Type of bream JA,100,g,0,17.8,1.5,85,cofid-2021
cofid,16-155,"Turbot, flesh only, raw",en,,Literature sources JA,100,g,0,17.7,2.7,95,cofid-2021
cofid,16-156,"Turbot, flesh only, grilled",en,,"Calculated from raw, whole fish and fillets JA",100,g,0,22.7,3.5,122,cofid-2021
cofid,16-157,"Turbot, flesh only, grilled, weighed with bones and skin",en,,Calculated from grilled 16-156 JA,100,g,0,14.1,2.1,76,cofid-2021
cofid,16-158,"White fish, dried, salted",en,,Samples purchased whole from West Indian outlets JA,100,g,0,34.5,1.1,148,cofid-2021
cofid,16-159,"Whiting, flesh only, raw",en,,"11 samples from assorted outlets, whole fish and fillets JA",100,g,0,18.7,0.7,81,cofid-2021
cofid,16-160,"Whiting, flesh only, steamed",en,,"Analysis and calculation from steamed, flesh only JA",100,g,0,20.9,0.9,92,cofid-2021
cofid,16-161,"Whiting, flesh only, steamed, weighed with bones and skin",en,,Calculated from steamed 16-160 JA,100,g,0,19.4,0.8,85,cofid-2021
cofid,16-162,"Whiting, in crumbs, fried in blended oil",en,,Fillets coated in crumbs and fried JA,100,g,7,18.1,10.3,191,cofid-2021
cofid,16-163,"Whiting, in crumbs, fried in blended oil, weighed with bones and skin",en,,"Calculated from fried in blended oil, 16-162 JA",100,g,6.3,16.3,9.3,172,cofid-2021
cofid,16-164,"Whiting, in crumbs, fried in dripping",en,,Fillets coated in crumbs and fried JA,100,g,7,18.1,10.3,191,cofid-2021
cofid,16-165,"Whiting, in crumbs, fried in dripping, weighed with bones and skin",en,,Calculated from fried in dripping 16-164 JA,100,g,6.3,16.3,9.3,172,cofid-2021
cofid,16-166,"Whiting, in crumbs, fried in sunflower oil",en,,Fillets coated in crumbs and fried JA,100,g,7,18.1,10.3,191,cofid-2021
cofid,16-167,"Whiting, in crumbs, fried in sunflower oil, weighed with bones and skin",en,,Calculated from fried in sunflower oil 16-166 JA,100,g,6.3,16.3,9.3,172,cofid-2021
cofid,16-169,"Bacha, raw",en,,Literature sources. Imported frozen from Bangladesh JC,100,g,0,18.1,5.6,123,cofid-2021
cofid,16-170,"Bloater, flesh only, grilled",en,,Salted and smoked herring JC,100,g,0,23.5,17.4,251,cofid-2021
cofid,16-171,"Bloater, flesh only, grilled, weighed with bones and skin",en,,Calculated from grilled 16-170 JC,100,g,0,15.3,11.3,163,cofid-2021
cofid,16-172,"Carp, raw",en,,Literature sources JA,100,g,0,17.5,4.7,112,cofid-2021
cofid,16-173,"Eel, yellow, raw",en,,Analytical and literature sources JC,100,g,0,16.6,11.3,168,cofid-2021
cofid,16-175,"Herring, flesh only, raw",en,,"35 fish, purchased whole over the year JC",100,g,0,17.8,13.2,190,cofid-2021
cofid,16-176,"Herring, flesh only, grilled",en,,"Samples gutted, grilled for 7 minutes per side JC",100,g,0,20.1,11.2,181,cofid-2021
cofid,16-177,"Herring, flesh only, grilled, weighed with bones and skin",en,,Calculated from grilled 16-176 JC,100,g,0,13.7,7.6,123,cofid-2021
cofid,16-183,"Herring, pickled",en,,"6 samples, loose rollmops and in jars JC",100,g,10,16.7,11.1,209,cofid-2021
cofid,16-184,"Hilsa, raw",en,,Literature sources. Imported frozen from Bangladesh JC,100,g,0,21.8,19.4,262,cofid-2021
cofid,16-185,"Jackfish, raw",en,,Data from Seafish Industry Authority and literature sources JC,100,g,0,21.7,2.4,108,cofid-2021
cofid,16-186,"Katla, raw",en,,Literature sources. Imported frozen from Bangladesh JA,100,g,0,19.5,2.4,100,cofid-2021
cofid,16-199,"Orange roughy, raw",en,,Literature sources JC,100,g,0,14.7,7,126,cofid-2021
cofid,16-218,"Sprats, raw",en,,"10 samples from assorted outlets, purchased whole JC",100,g,0,18.3,11,172,cofid-2021
cofid,16-219,"Sprats, fried",en,,"Analysis and calculation from raw; fish without heads, deep fried JC",100,g,0,24.9,35,415,cofid-2021
cofid,16-220,"Sprats, fried, weighed with bones",en,,Calculated from fried 16-219 JC,100,g,0,14.9,21,249,cofid-2021
cofid,16-221,"Swordfish, flesh only, raw",en,,Data from the Seafish Industry Authority and literature sources JC,100,g,0,18,4.1,109,cofid-2021
cofid,16-222,"Swordfish, flesh only, grilled",en,,"Calculated from raw, steaks JC",100,g,0,22.9,5.2,139,cofid-2021
cofid,16-223,"Swordfish, flesh only, grilled, weighed with bones and skin",en,,Calculated from grilled 16-222 JC,100,g,0,20.4,4.6,123,cofid-2021
cofid,16-224,"Trout, brown, raw",en,,Analytical and literature sources JC,100,g,0,19.4,3.8,112,cofid-2021
cofid,16-231,"Whitebait, in flour, fried",en,,Whole fish; rolled in flour and fried JC,100,g,5.3,19.5,47.5,525,cofid-2021
cofid,16-235,"Crayfish, raw",en,,Literature sources JK,100,g,0,14.9,0.8,67,cofid-2021
cofid,16-245,"Shrimps, boiled",en,,"Purchased cooked, probably in sea or salt water JK",100,g,0,23.8,2.4,117,cofid-2021
cofid,16-246,"Shrimps, boiled, weighed with shells",en,,Calculated from boiled 16-245 JK,100,g,0,7.9,0.8,39,cofid-2021
cofid,16-247,"Shrimps, canned in brine, drained",en,,"10 cans, 3 brands JK",100,g,0,20.8,1.2,94,cofid-2021
cofid,16-248,"Shrimps, frozen",en,,10 packets from Chinese supermarkets. Shrimps and prawns JK,100,g,0,16.5,0.8,73,cofid-2021
cofid,16-249,"Shrimps, dried",en,,5 packets from Chinese supermarkets. Shrimps and prawns JK,100,g,0,55.8,2.4,245,cofid-2021
cofid,16-252,"Cockles, boiled",en,,11 samples from assorted outlets; fresh and frozen JM,100,g,0,12,0.6,53,cofid-2021
cofid,16-254,"Cuttlefish, raw",en,,Literature sources JM,100,g,0,16.1,0.7,71,cofid-2021
cofid,16-259,"Octopus, raw",en,,Literature sources JM,100,g,0,17.9,1.3,83,cofid-2021
cofid,16-260,"Oysters, raw",en,,Analytical and literature sources JM,100,g,2.7,10.8,1.3,65,cofid-2021
cofid,16-261,"Oysters, raw, weighed with shells",en,,Calculated from raw 16-260 JM,100,g,0.4,1.5,0.2,9,cofid-2021
cofid,16-262,"Scallops, steamed",en,,Analytical and literature sources JM,100,g,3.4,23.2,1.4,118,cofid-2021
cofid,16-263,"Squid, raw",en,,Analytical and literature sources JM,100,g,1.2,15.4,1.7,81,cofid-2021
cofid,16-267,"Squid, dried",en,,Literature sources and calculation from raw JM,100,g,4.8,63.3,4.6,313,cofid-2021
cofid,16-268,"Whelks, boiled",en,,"10 samples from assorted outlets, boiled in salted water JM",100,g,0,19.5,1.2,89,cofid-2021
cofid,16-269,"Whelks, boiled, weighed with shells",en,,Calculated from boiled 16-268 JM,100,g,0,6.6,0.4,30,cofid-2021
cofid,16-270,"Winkles, boiled",en,,"11 samples,from stalls and fishmongers. Purchased cooked JM",100,g,0,15.4,1.2,72,cofid-2021
cofid,16-271,"Winkles, boiled, weighed with shells",en,,Calculated from boiled 16-270 JM,100,g,0,2.9,0.2,14,cofid-2021
cofid,16-272,"Caviare, bottled in brine, drained",en,,Literature sources. Lumpfish roe JR,100,g,0,10.9,5.4,92,cofid-2021
cofid,16-279,"Fish balls, steamed",en,,7 varieties from different Chinese shops JR,100,g,5.5,11.8,0.5,74,cofid-2021
cofid,16-299,"Roe, cod, hard, raw",en,,6 samples from assorted outlets JR,100,g,0,21.7,1.9,104,cofid-2021
cofid,16-301,"Roe, cod, hard, coated in batter, fried",en,,7 samples from fish and chip shops JR,100,g,8.9,12.4,11.8,189,cofid-2021
cofid,16-302,"Roe, herring, soft, raw",en,,10 samples from assorted outlets JR,100,g,0,16.8,2.6,91,cofid-2021
cofid,16-332,"Lobster, boiled",en,,Boiled in fresh water JK,100,g,0,22.1,1.6,103,cofid-2021
cofid,16-333,"Curry, prawn, takeaway",en,,"20 samples, average of 10 Bhuna and 10 Madras JR",100,g,2.3,8.2,8.5,118,cofid-2021
cofid,16-335,"Szechuan prawns with vegetables, takeaway",en,,10 samples from different outlets JR,100,g,2.5,7.8,4.7,83,cofid-2021
cofid,16-343,"Lobster, boiled, weighed with shell",en,,Calculated from boiled 16-332 JK,100,g,0,8,0.6,37,cofid-2021
cofid,16-356,"Salmon, farmed, flesh only, raw",en,,"10 samples, fresh fillets J",100,g,0,20.4,15,217,cofid-2021
cofid,16-357,"Salmon, farmed, flesh only, grilled",en,,"10 samples, fresh fillets J",100,g,0,24.6,15.6,239,cofid-2021
cofid,16-358,"Salmon, farmed, flesh only, steamed",en,,"10 samples, fresh fillets J",100,g,0,23.6,18.5,261,cofid-2021
cofid,16-359,"Salmon, farmed, flesh only, baked",en,,"10 samples, fresh fillets J",100,g,0,25.2,14.6,232,cofid-2021
cofid,16-360,"Salmon, wild, flesh only, raw",en,,"10 samples, fresh steaks J",100,g,0,22.1,10.1,179,cofid-2021
cofid,16-361,"Sushi, salmon nigiri",en,,"10 samples, 7 products JR",100,g,25.2,8.7,2.5,152,cofid-2021
cofid,16-362,"Sushi, tuna nigiri",en,,"10 samples, 5 products JR",100,g,30.3,8.4,2.5,170,cofid-2021
cofid,16-364,"Curry, fish, homemade",en,,"5 samples, containing white fish, onions, tomatoes and spices JR",100,g,1.9,11.3,9.6,139,cofid-2021
cofid,16-365,"Curry, Prawn bhuna, takeaway",en,,"10 samples, 2 from different establishments in each of 5 regions. Contains prawns in a dry sauce which includes onions, tomatoes, garlic, chilli and green peppers. JR",100,g,1.8,8.6,8.7,120,cofid-2021
cofid,16-366,"Curry, Prawn madras, takeaway",en,,"10 samples, 2 from different establishments in each of 5 regions. Sauce consists of tomato puree and spices. JR",100,g,2.5,7.8,8.3,115,cofid-2021
cofid,16-367,"Sesame prawn toast, takeaway",en,,"10 sub-samples, 2 from different establishments in each of 5 regions JR",100,g,16.7,12.9,29.8,382,cofid-2021
cofid,16-368,"Cod, in batter, fried, takeaway",en,,"10 samples, fried in beef fat or commercial vegetable oil JA",100,g,10.7,16.8,14.7,240,cofid-2021
cofid,16-369,"Cod, in batter, baked",en,,"10 samples, 8 products, frozen and chilled JA",100,g,19.7,12.3,11.8,229,cofid-2021
cofid,16-370,"Cod, in breadcrumbs, baked",en,,"10 samples, 8 products JA",100,g,19.8,13.7,8.3,204,cofid-2021
cofid,16-371,"Fish fingers, pollock, grilled",en,,"10 samples, 6 products JR",100,g,20,13.9,9.2,213,cofid-2021
cofid,16-372,"Cod, flesh only, raw",en,,"11 samples, 11 products, frozen and chilled JA",100,g,0,17.5,0.6,75,cofid-2021
cofid,16-373,"Cod, flesh only, baked",en,,"11 samples, 11 products, frozen and chilled JA",100,g,0,23.9,0.5,100,cofid-2021
cofid,16-374,"Cod, flesh only, microwaved",en,,"11 samples, 11 products, frozen and chilled JA",100,g,0,23.5,0.4,98,cofid-2021
cofid,16-375,"Haddock, flesh only, raw",en,,"11 samples, 11 products, frozen and chilled JA",100,g,0,17.8,0.4,75,cofid-2021
cofid,16-376,"Haddock, flesh only, grilled",en,,"11 samples, 11 products, frozen and chilled JA",100,g,0,23.9,0.3,98,cofid-2021
cofid,16-377,"Haddock, flesh only, steamed",en,,"11 samples, 11 products, frozen and chilled JA",100,g,0,21.8,0.6,93,cofid-2021
cofid,16-378,"Pollock, Alaskan, flesh only, raw",en,,"9 samples, 8 products, frozen and chilled JA",100,g,0,16.4,0.7,72,cofid-2021
cofid,16-379,"Lemon sole, flesh only, raw",en,,"7 samples, 6 products, frozen and chilled JA",100,g,0,16.7,0.7,73,cofid-2021
cofid,16-380,"Lemon sole, flesh only, grilled",en,,"7 samples, 6 products, frozen and chilled JA",100,g,0,21.5,0.6,91,cofid-2021
cofid,16-381,"Plaice, flesh only, raw",en,,"10 samples, 9 products, frozen and chilled JA",100,g,0,16.4,1.2,76,cofid-2021
cofid,16-382,"Pangasius, flesh only, raw",en,,"6 samples, 6 products, frozen and chilled. Also known as Vietnamese river cobbler and basa JA",100,g,0,14.9,1.6,74,cofid-2021
cofid,16-383,"Coley, flesh only, raw",en,,"8 samples, 8 products, frozen and chilled JA",100,g,0,18,1.1,82,cofid-2021
cofid,16-384,"Prawns, standard, purchased cooked",en,,"15 samples, 15 products, cold-water/Atlantic prawns (Pandalus borealis), chilled/frozen JK",100,g,0,15.4,0.9,70,cofid-2021
cofid,16-385,"Bass, sea, flesh only, raw",en,,"10 samples, 10 products, frozen and chilled JA",100,g,0,20,9.8,168,cofid-2021
cofid,16-386,"Bass, sea, flesh only, baked",en,,"10 samples, 10 products, frozen and chilled JA",100,g,0,23.2,6.8,154,cofid-2021
cofid,16-387,"Prawns, king, raw",en,,"9 samples, 9 products, warm-water prawns (Panaeus vannamei), frozen and chilled JK",100,g,0,17.6,0.7,77,cofid-2021
cofid,16-388,"Prawns, king, grilled from raw",en,,"9 samples, 9 products, warm-water prawns (Panaeus vannamei), frozen and chilled JK",100,g,0,23.5,0.9,102,cofid-2021
cofid,16-389,"Prawns, king, purchased cooked",en,,"11 samples, 11 products, warm-water prawns (Penaeus vannamei), frozen and chilled JK",100,g,0,16.2,0.4,68,cofid-2021
cofid,16-390,"Mussels, purchased cooked",en,,"7 samples, 6 products, frozen and chilled JM",100,g,3.5,17.7,2.2,104,cofid-2021
cofid,16-391,"Crab, brown meat, purchased cooked",en,,"7 samples, 6 products JK",100,g,0,18.8,7.8,145,cofid-2021
cofid,16-392,"Crab, white meat, purchased cooked",en,,"7 samples, 6 products JK",100,g,0,20.5,0.3,85,cofid-2021
cofid,16-393,"Mackerel, flesh only, raw",en,,"7 samples, 7 products, frozen and chilled JC",100,g,0,18,17.9,233,cofid-2021
cofid,16-394,"Mackerel, flesh only, grilled",en,,"7 samples, 7 products, frozen and chilled JC",100,g,0,20.3,22.4,283,cofid-2021
cofid,16-395,"Trout, rainbow, flesh only, raw",en,,"9 samples, 9 products, frozen and chilled JC",100,g,0,19.9,5.3,127,cofid-2021
cofid,16-396,"Trout, rainbow, flesh only, baked",en,,"9 samples, 9 products, frozen and chilled JC",100,g,0,23.8,6.1,150,cofid-2021
cofid,16-397,"Kippers, flesh only, grilled",en,,"7 samples, 7 products, frozen and chilled JC",100,g,0,21.7,17.6,245,cofid-2021
cofid,16-398,"Kippers, flesh only, boil in the bag, with butter, cooked",en,,"9 samples, 7 products, frozen and chilled JC",100,g,0,18.6,13.2,193,cofid-2021
cofid,16-399,"Tuna, flesh only, raw",en,,"9 samples, 9 products, frozen and chilled JC",100,g,0,25.2,0.7,107,cofid-2021
cofid,16-400,"Tuna, flesh only, baked",en,,"9 samples, 9 products, frozen and chilled JC",100,g,0,32.3,0.8,136,cofid-2021
cofid,16-401,"Sardines, flesh only, raw",en,,"6 samples, 5 products, frozen and chilled JC",100,g,0,19.8,6.1,134,cofid-2021
cofid,16-402,"Haddock, flesh only, smoked, poached",en,,"10 samples, 10 products, frozen and chilled JA",100,g,0,21.8,0.5,92,cofid-2021
cofid,16-403,"Plaice, in breadcrumbs, baked",en,,"6 samples, 6 products, frozen and chilled JA",100,g,21.5,14.4,11.6,243,cofid-2021
cofid,16-404,"Calamari, coated in batter, baked",en,,"5 samples, 2 products, frozen JM",100,g,25.9,8.5,17.5,288,cofid-2021
cofid,16-405,"Fish fingers, cod, grilled/baked",en,,"10 samples, 7 products, frozen JR",100,g,22,14.3,9.2,223,cofid-2021
cofid,16-406,"Fish fingers, salmon, grilled/baked",en,,"5 samples, 2 products, frozen JR",100,g,20.7,17.2,11.2,247,cofid-2021
cofid,16-407,"Fishcakes, white fish, coated in breadcrumbs, baked",en,,"12 samples, 12 products, frozen and chilled JA",100,g,22.6,9.3,9.4,206,cofid-2021
cofid,16-408,"Fishcakes, salmon, coated in breadcrumbs, baked",en,,"8 samples, 8 products, frozen and chilled JR",100,g,20.4,11.4,13.7,245,cofid-2021
cofid,16-409,"Scampi, coated in breadcrumbs, baked",en,,"11 samples, 11 products, frozen and chilled JR",100,g,24.3,11.6,10.5,232,cofid-2021
cofid,16-410,"Pie, fish, white fish, retail, baked",en,,"9 samples, 9 products; including pollock, haddock and cod; frozen and chilled JR",100,g,14.4,6.6,4.8,124,cofid-2021
cofid,16-411,"Mussels in white wine sauce, cooked",en,,"6 samples, 6 products, frozen and chilled JM",100,g,3.7,9.7,3.2,82,cofid-2021
cofid,16-412,"Salmon, smoked (cold-smoked)",en,,"11 samples, 11 products. Salmon that is cured using salt and then smoked at low temperature; most smoked salmon is cold-smoked JC",100,g,0.5,22.8,10.1,184,cofid-2021
cofid,16-413,"Salmon, smoked (hot-smoked)",en,,"7 samples, 7 products. Salmon that has been smoked over heat, flesh only JC",100,g,1.3,25.4,8.8,186,cofid-2021
cofid,16-414,"Mackerel, flesh only, smoked",en,,"11 samples, 11 products, flesh only JC",100,g,0,21.1,24.1,301,cofid-2021
cofid,16-415,Seafood sticks,en,,"8 samples, 7 products, frozen and chilled JR",100,g,14.9,7.3,1.9,102,cofid-2021
cofid,16-416,"Tuna, canned in brine, drained",en,,"11 samples, 10 products JC",100,g,0,24.9,1,109,cofid-2021
cofid,16-417,"Tuna, canned in sunflower oil, drained",en,,"11 samples, 10 products JC",100,g,0,25.4,6.4,159,cofid-2021
cofid,16-418,"Salmon, red, canned in brine, drained",en,,"10 samples, 10 products, large bones removed. Includes skin and some bones JC",100,g,0,23.5,7.3,160,cofid-2021
cofid,16-419,"Salmon, red, canned in brine, skinless and boneless, drained",en,,"4 samples, 3 products JC",100,g,0,23.2,6.7,153,cofid-2021
cofid,16-420,"Salmon, pink, canned in brine, drained",en,,"9 samples, 7 products, large bones removed. Includes skin and some bones JC",100,g,0,23.6,4.8,138,cofid-2021
cofid,16-422,"Sardines, canned in tomato sauce, whole contents",en,,"9 samples, 8 products JC",100,g,0.9,18.5,10.8,175,cofid-2021
cofid,16-424,"Sardines, canned in brine, drained",en,,"6 samples, 5 products JC",100,g,0,22.1,9.1,170,cofid-2021
cofid,16-425,"Langoustine, boiled",en,,"Small, medium and large from 3 fishing areas JK",100,g,0,19.7,0.8,86,cofid-2021
cofid,16-426,"Cod, in batter, fried in rapeseed oil",en,,"10 samples, 8 products, calculated from analysed total fat and water content, cod in batter, baked and blended oil JA",100,g,19.5,12.6,17.9,285,cofid-2021
cofid,16-427,"Cod, in batter, fried in dripping, takeaway",en,,Calculated from 16-368 and 16-022 JA,100,g,10.7,16.8,14.7,240,cofid-2021
cofid,16-428,"Cod, in batter, fried in sunflower oil, takeaway",en,,Calculated from 16-368 and 16-024 J,100,g,19.5,16.8,14.7,240,cofid-2021
cofid,16-429,"Coley, flesh only, baked",en,,Calculated from 16-383 using 26.1% weight loss JA,100,g,0,24.4,1.5,111,cofid-2021
cofid,16-430,"Coley, flesh only, grilled",en,,Calculated from 16-383 using 22.3% weight loss JA,100,g,0,27.2,1.4,105,cofid-2021
cofid,16-431,"Coley, flesh only, poached",en,,Calculated from 16-383 using 27.9% weight loss JA,100,g,0,25,1.5,114,cofid-2021
cofid,16-432,"Pangasius, flesh only, baked",en,,Calculated from 16-382 and 31.9% weight loss JA,100,g,0,21.8,2.3,109,cofid-2021
cofid,16-433,"Pangasius, flesh only, poached",en,,Calculated from 16-382 and 27.2% weight loss JA,100,g,0,20.5,2.2,102,cofid-2021
cofid,16-434,"Plaice, flesh only, baked",en,,Frozen and chilled. Calculated from raw 16-381 using 22.8% weight loss JA,100,g,0,21.3,1.6,99,cofid-2021
cofid,16-435,"Plaice, flesh only, steamed",en,,Calculated from 16-381 using 15.9% weight loss JA,100,g,0,19.5,1.4,91,cofid-2021
cofid,16-436,"Pollock, Alaskan, flesh only, baked",en,,"Frozen and chilled, calculated from raw 16-378 using 41.8% weight loss JA",100,g,0,28.2,1.2,124,cofid-2021
cofid,16-437,"Pollock, Alaskan, flesh only, steamed",en,,Calculated from 16-378 using 40% weight loss JA,100,g,0,27.4,1.2,120,cofid-2021
cofid,16-438,"Sardines, flesh only, grilled",en,,Calculated from raw (analytical data 2010-2011) using weight loss on cooking JC,100,g,0,25.4,7.8,172,cofid-2021
cofid,16-439,"Sardines, canned in sunflower oil, drained",en,,"Calculated from 16-424, sunflower oil  and industry data, 2013 JC",100,g,0,23.3,14.1,220,cofid-2021
cofid,16-440,"Sardines, canned in olive oil, drained",en,,Calculated from 16-424 and 17-038 JC,100,g,0,23.3,14.1,220,cofid-2021
cofid,16-441,"Crab, purchased cooked",en,,"Frozen and chilled. Average of brown and white crab meat. Analytical data, 2010-2011 JK",100,g,0,19.7,4.1,115,cofid-2021
cofid,16-442,"Scampi, in breadcrumbs, frozen, fried in rapeseed oil",en,,Calculated from baked 16-409 using analysed water and fat values JK,100,g,22.2,10.6,13,243,cofid-2021
cofid,16-443,"Scampi, coated in breadcrumbs, fried in sunflower oil",en,,Calculated from baked 16-409 using analysed water and fat values JK,100,g,22.2,10.6,13,243,cofid-2021
cofid,16-444,"Fish fingers, cod, fried in rapeseed oil",en,,Calculated from grilled/baked 16-405 using analysed water and fat values JR,100,g,19.9,13,12.6,240,cofid-2021
cofid,16-445,"Fish fingers, cod, fried in sunflower oil",en,,Calculated from grilled/baked 16-405 using analysed water and fat values JR,100,g,19.9,13,12.6,240,cofid-2021
cofid,16-446,"Curry, fish, Bangladeshi, homemade",en,,"Recipe, containing boal, rohu, spices, water and onion JR",100,g,1.5,12.4,8,125,cofid-2021
cofid,16-447,"Kedgeree, homemade",en,,Recipe JR,100,g,9.1,15.9,7.7,167,cofid-2021
cofid,16-448,"Anchovies, canned in oil, drained",en,,"10 samples, 4 brands JC",100,g,0,25.2,10,191,cofid-2021
cofid,16-449,Taramasalata,en,,10 assorted samples. Greek dish based on cod's roe JR,100,g,7.4,3.2,52.9,517,cofid-2021
cofid,16-450,Fish paste,en,,"30 samples, sardine, crab, lobster and salmon JR",100,g,3.7,15.3,10.5,170,cofid-2021
cofid,16-451,"Pate, tuna",en,,Calculated from manufacturers' proportions and label data JR,100,g,1.5,16.2,26.8,312,cofid-2021
cofid,16-452,"Crab, canned in brine, drained",en,,"6 cans, 2 brands JK",100,g,0,18.1,0.5,77,cofid-2021
cofid,16-453,"Salmon en croute, retail",en,,Calculated from manufacturers' proportions JR,100,g,18,11.8,19.1,288,cofid-2021
cofid,16-454,Seafood selection,en,,"Recipe. Mussels, prawns, squid and cockles JR",100,g,2.9,15.6,1.5,87,cofid-2021
cofid,16-455,"Curry, haddock, Bengali, homemade",en,,Recipe JR,100,g,4.2,11.4,22,263,cofid-2021
cofid,16-456,"Curry, herring, Bengali, homemade",en,,Recipe JR,100,g,4.2,11.4,29.6,327,cofid-2021
cofid,16-457,"Curry, prawn and mushroom, homemade",en,,Recipe J,100,g,2.7,5.7,14.3,164,cofid-2021
cofid,16-458,"Fishcakes, cod, homemade",en,,Recipe JR,100,g,15.2,11.3,14.7,235,cofid-2021
cofid,16-459,"Fishcakes, salmon, homemade",en,,Recipe JR,100,g,15.2,11.4,20.5,287,cofid-2021
cofid,16-460,"Pie, fish, white fish, homemade",en,,Recipe with cod JR,100,g,12.7,8.6,2.1,101,cofid-2021
cofid,16-461,"Pilau, prawn, homemade",en,,Recipe JR,100,g,24.8,5.2,3.2,149,cofid-2021
cofid,16-462,"Curry, fish and vegetable, Bangladeshi, homemade",en,,"Recipe, containing boal, hilsa, mackerel, rohu, onions, courgette, green beans, oil, water and spices J",100,g,1.4,9.1,8.7,118,cofid-2021
cofid,16-463,"Bass, sea, flesh only, baked, weighed with bones and skin",en,,Calculated from baked 16-386 using edible conversion factor 0.89 JA,100,g,0,20.6,6.1,137,cofid-2021
cofid,16-464,"Bass, sea, flesh only, raw, weighed with bones and skin",en,,Calculated from 16-385 using edible conversion factor of 0.86 JA,100,g,0,17.2,8.4,144,cofid-2021
cofid,16-465,"Cod, flesh only, baked, weighed with bones and skin",en,,Calculated from 16-373 using edible conversion factor of 0.89 JA,100,g,0,21.3,0.4,89,cofid-2021
cofid,16-466,"Cod, flesh only, grilled",en,,Calculated based on dry matter contents in raw and cooked  (29.0% weight loss - haddock in 2013 fish survey) JA,100,g,0,24.6,0.8,106,cofid-2021
cofid,16-467,"Cod, flesh only, steamed",en,,Calculated based on dry matter contents in raw and cooked  (23.2% weight loss - haddock in 2013 fish survey) JA,100,g,0,22.8,0.8,98,cofid-2021
cofid,16-468,"Cod, flesh only, steamed, weighed with bones and skin",en,,Calculated from 16-467 using edible conversion factor of 0.87 JA,100,g,0,19.9,0.7,86,cofid-2021
cofid,16-469,"Coley, flesh only, steamed",en,,Calculated from 16-383 using weight loss of 21.8% JA,100,g,0,23,1.4,105,cofid-2021
cofid,16-470,"Crab, white and brown meat, purchased cooked, weighed with shell",en,,Calculated from brown and white crab meat using 0.44 edible conversion factor JK,100,g,0,8.6,1.8,51,cofid-2021
cofid,16-471,"Haddock, flesh only, grilled, fillets weighed with bones and skin",en,,Calculated from 16-376 using edible conversion factor of 0.88 JA,100,g,0,21,0.3,87,cofid-2021
cofid,16-472,"Haddock, flesh only, steamed, fillets weighed with bones and skin",en,,Calculated from 16-377 using edible conversion factor of 0.87 JA,100,g,0,19,0.5,81,cofid-2021
cofid,16-473,"Haddock, flesh only, poached",en,,"Calculated from 16-375 using 21.8% weight loss (taken from smoked haddock, poached in 2013 fish survey) JA",100,g,0,22.8,0.5,96,cofid-2021
cofid,16-474,"Haddock, flesh only, poached, fillets weighed with bones and skin",en,,Calculated from 16-473 using edible conversion factor of 0.87 JA,100,g,0,19.8,0.5,84,cofid-2021
cofid,16-475,"Haddock, flesh only, smoked, poached, fillets weighed with bones and skin",en,,Calculated from 16-042 using edible conversion factor of 0.88 JA,100,g,0,19.2,0.4,80,cofid-2021
cofid,16-476,"Kippers, flesh only, grilled, fillets weighed with bones and skin",en,,Calculated from 16-397 using edible conversion factor of 0.89 JC,100,g,0,19.3,15.7,219,cofid-2021
cofid,16-477,"Sole, flesh only, grilled, fillets weighed with skin",en,,Calculated from 16-380 using edible conversion factor of 0.77 JA,100,g,0,16.6,0.5,71,cofid-2021
cofid,16-478,"Lemon sole, flesh only, steamed",en,,"Calculated based on 23.2% weight loss (as haddock, steamed in 2013 fish survey) JA",100,g,0,21.7,0.9,95,cofid-2021
cofid,16-479,"Mackerel, flesh only, grilled, fillets weighed with bones and skin",en,,Calculated from 16-394 using 0.98 edible conversion factor JC,100,g,0,19.9,22,278,cofid-2021
cofid,16-480,"Plaice, flesh only, steamed, fillets weighed with bones and skin",en,,Calculated from 16-435 using edible conversion factor of 0.74 JA,100,g,0,14.5,1.1,68,cofid-2021
cofid,16-481,"Prawns, king, purchased cooked, weighed with shells",en,,Calculated from 16-389 using edible portion of 0.54 JK,100,g,0,8.7,0.2,37,cofid-2021
cofid,16-482,"Prawns, standard, dried",en,,Calculated from 16-384 JK,100,g,0,83.1,4.9,377,cofid-2021
cofid,16-483,"Salmon, farmed, flesh only, steamed, fillets weighed with bones and skin",en,,Calculated from 16-358 using edible conversion factor of 0.87 JC,100,g,0,20.5,16.1,227,cofid-2021
cofid,16-484,"Salmon, farmed, flesh only, grilled, weighed with bones and skin",en,,Calculated from 16-357 using edible conversion factor of 0.87 JC,100,g,0,21.4,13.6,208,cofid-2021
cofid,16-485,"Salmon, wild, baked",en,,Calculated from 16-360 using 16.7% weight loss JC,100,g,0,26.5,12.1,215,cofid-2021
cofid,16-486,"Salmon, wild, grilled",en,,Calculated from 16-360 using 14.6% weight loss JC,100,g,0,25.9,11.8,210,cofid-2021
cofid,16-487,"Salmon, wild, steamed",en,,Calculated from 16-360 using 12.7% weight loss JC,100,g,0,25.3,11.6,206,cofid-2021
cofid,16-488,"Sardines, flesh only, grilled, weighed with skin and bones",en,,Calculated from 16-438 using edible conversion factor of 0.63 JC,100,g,0,16,4.9,108,cofid-2021
cofid,16-489,"Trout, rainbow, baked, flesh only, fillets weighed with bones and skin",en,,Calculated from 16-396 using edible conversion factor of 0.87 JC,100,g,0,20.7,5.3,131,cofid-2021
cofid,16-490,"Cod, dried, salted, boiled",en,,Soaked 24 hours and boiled JA,100,g,0,32.5,0.9,138,cofid-2021
cofid,16-491,"Cod, flesh only, salted and smoked, raw",en,,Samples from assorted outlets. JA,100,g,0,18.3,0.6,79,cofid-2021
cofid,16-492,"Haddock, flesh only, smoked, raw",en,,Calculated from poached 16-402 JA,100,g,0,19.7,0.5,83,cofid-2021
cofid,16-493,"Haddock, flesh only, smoked, steamed",en,,Calculated from 16-068 and 16-402 JA,100,g,0,22.5,0.5,95,cofid-2021
cofid,16-494,"Haddock, flesh only, smoked, steamed, weighed with bones and skin",en,,Calculated from steamed 16-493 JA,100,g,0,20,0.5,84,cofid-2021
cofid,16-495,"Haddock, in batter, fried in retail blend oil",en,,20 samples purchased from fish and chip shops. Fatty acids calculated JA,100,g,10,17.1,14,232,cofid-2021
cofid,16-496,"Lemon sole, flesh only, steamed, weighed with bones and skin",en,,Calculated from steamed 16-478 JA,100,g,0,16.7,0.7,73,cofid-2021
cofid,16-497,"Mussels, raw",en,,Purchased alive JM,100,g,2.5,12.1,1.8,74,cofid-2021
cofid,16-498,"Plaice, in batter, fried in blended oil",en,,"Samples as fried in retail blend oil 16-112, fatty acids calculated. JA",100,g,12,15.2,16.8,257,cofid-2021
cofid,16-499,"Plaice, in batter, fried in retail blend oil",en,,"20 samples purchased from fish and chip shops, fatty acids calculated. JA",100,g,12,15.2,16.8,257,cofid-2021
cofid,16-500,"Plaice, in batter, fried in sunflower oil",en,,"Samples as fried in retail blend oil, fatty acids calculated. JA",100,g,12,15.2,16.8,257,cofid-2021
cofid,16-501,"Coley, flesh only, steamed, weighed with bones and skin",en,,Calculated from steamed 16-469 JA,100,g,0,20.9,1.3,95,cofid-2021
cofid,17-001,"Butteroil, unsalted",en,,Calculated from butter OB,100,g,0,0.6,99.3,896,cofid-2021
cofid,17-002,Cocoa butter,en,,Analysis and literature sources OE,100,g,0,0,99.5,896,cofid-2021
cofid,17-010,Lard,en,,"6 samples, 3 brands OF",100,g,0,0,99,891,cofid-2021
cofid,17-011,"Suet, shredded",en,,Beef. 6 samples of the same brand OF,100,g,12.1,0,86.7,826,cofid-2021
cofid,17-031,"Oil, coconut",en,,Mean of 35 samples OC,100,g,0,0,99.9,899,cofid-2021
cofid,17-033,"Oil, corn",en,,Mean of 42 samples OC,100,g,0,0,99.9,899,cofid-2021
cofid,17-034,"Oil, cottonseed",en,,Mean of 55 samples OC,100,g,0,0,99,891,cofid-2021
cofid,17-035,"Oil, evening primrose",en,,Mean of 35 samples OC,100,g,0,0,99.9,899,cofid-2021
cofid,17-036,"Oil, grapeseed",en,,Mean of 23 samples OC,100,g,0,0,99.9,899,cofid-2021
cofid,17-037,"Oil, hazelnut",en,,Mean of 10 samples OC,100,g,0,0,99.9,899,cofid-2021
cofid,17-038,"Oil, olive",en,,Mean of 35 samples; including virgin and extra virgin olive oil OC,100,g,0,0,99.9,899,cofid-2021
cofid,17-039,"Oil, palm",en,,Mean of 55 samples OC,100,g,0,0,99.9,899,cofid-2021
cofid,17-040,"Oil, peanut (groundnut)",en,,Mean of 71 samples OC,100,g,0,0,99.9,899,cofid-2021
cofid,17-041,"Oil, rapeseed",en,,Mean of 100 samples OC,100,g,0,0,99.9,899,cofid-2021
cofid,17-042,"Oil, safflower",en,,Mean of 28 samples OC,100,g,0,0,99.9,899,cofid-2021
cofid,17-043,"Oil, sesame",en,,Mean of 22 samples and literature sources OC,100,g,0,0.2,99.7,898,cofid-2021
cofid,17-044,"Oil, soya",en,,Mean of 39 samples OC,100,g,0,0,99.9,899,cofid-2021
cofid,17-045,"Oil, sunflower",en,,Mean of 46 samples OC,100,g,0,0,99.9,899,cofid-2021
cofid,17-047,"Oil, walnut",en,,Mean of 13 samples OC,100,g,0,0,99.9,899,cofid-2021
cofid,17-048,"Oil, wheatgerm",en,,Mean of 35 samples OC,100,g,0,0,99.9,899,cofid-2021
cofid,17-049,"Glucose liquid, BP",en,,1 sample SC,100,g,84.7,0,0,318,cofid-2021
cofid,17-050,Honey,en,,8 samples; assorted types SC,100,g,76.4,0.4,0,288,cofid-2021
cofid,17-051,Honey and comb,en,,"2 samples, honey and comb together SC",100,g,74.4,0.6,4.6,281,cofid-2021
cofid,17-059,Molasses,en,,Literature sources SC,100,g,68.8,0,0.1,266,cofid-2021
cofid,17-060,"Sugar, brown",en,,3 samples SC,100,g,101.3,0.1,0,380,cofid-2021
cofid,17-061,"Sugar, Demerara",en,,5 samples SC,100,g,104.5,0.5,0,394,cofid-2021
cofid,17-062,"Sugar, icing",en,,Analysis and maunfacturers' data SC,100,g,104.9,0,0,393,cofid-2021
cofid,17-063,"Sugar, white",en,,Granulated and loaf sugar SC,100,g,105,0,0,394,cofid-2021
cofid,17-064,"Syrup, corn, dark",en,,Literature sources SC,100,g,76.6,0,0,282,cofid-2021
cofid,17-065,"Syrup, golden",en,,3 samples of the same brand SC,100,g,79,0.3,0,298,cofid-2021
cofid,17-073,"Jam, fruit with edible seeds",en,,"10 samples, 5 flavours SC",100,g,69,0.6,0,261,cofid-2021
cofid,17-075,"Jam, reduced sugar",en,,"9 samples, 5 brands; assorted flavours SC",100,g,31.9,0.5,0.1,123,cofid-2021
cofid,17-078,Marmalade,en,,4 brands SC,100,g,69.5,0.1,0,261,cofid-2021
cofid,17-091,"Chocolate, white",en,,"14 samples, 5 brands; buttons and bars SEA",100,g,58.3,8,30.9,529,cofid-2021
cofid,17-096,Smartie-type sweets,en,,10 samples including Smarties and M & M's SEA,100,g,73.9,5.4,17.5,456,cofid-2021
cofid,17-098,"Truffles, mocha, homemade",en,,Recipe SEA,100,g,63.8,6.2,24.9,488,cofid-2021
cofid,17-101,"Sweets, boiled",en,,6 samples SEC,100,g,87.1,0,0,327,cofid-2021
cofid,17-107,Fruit gums/jellies,en,,"11 samples, 10 brands; assorted flavours SEC",100,g,79.5,6.5,0,324,cofid-2021
cofid,17-114,Marshmallows,en,,7 samples of different brands SEC,100,g,83.1,3.9,0,327,cofid-2021
cofid,17-116,"Peanut brittle, homemade",en,,Recipe SEC,100,g,73.8,8.6,19,483,cofid-2021
cofid,17-117,Peppermints,en,,Several samples of 6 different brands SEC,100,g,102.7,0.5,0.7,393,cofid-2021
cofid,17-122,"Turkish delight, without nuts",en,,7 assorted samples SEC,100,g,77.9,0.6,0,295,cofid-2021
cofid,17-132,Pork scratchings,en,,"19 samples, 4 brands SN",100,g,0.2,47.9,46,606,cofid-2021
cofid,17-153,"Coffee, infusion, strong",en,,Ground and filter coffee; 69g per litre water boiled in percolator and strained PAC,100,g,0.3,0.2,0,2,cofid-2021
cofid,17-154,"Coffee, infusion, weak",en,,Ground and filter coffee; 34g per litre water boiled in percolator and strained PAC,100,g,0.3,0.2,0,2,cofid-2021
cofid,17-155,"Coffee, infusion, average, with single cream",en,,225ml coffee infusion with 15g single cream PAC,100,g,0.3,0.4,1.2,14,cofid-2021
cofid,17-156,"Coffee, infusion, average, with whole milk",en,,225ml coffee infusion with 28g whole milk PAC,100,g,0.5,0.5,0.4,7,cofid-2021
cofid,17-157,"Coffee, infusion, average, with semi-skimmed milk",en,,225ml coffee infusion with 35g semi-skimmed milk PAC,100,g,0.7,0.6,0.2,7,cofid-2021
cofid,17-158,"Coffee, powder, instant",en,,"10 jars, 2 brands PAA",100,g,4.5,14.6,0,75,cofid-2021
cofid,17-159,"Coffee, instant, made up with water",en,,Calculated from 2g instant coffee to 225ml water PAC,100,g,0,0,0,,cofid-2021
cofid,17-160,"Coffee, instant, made up with water and whole milk",en,,Calculated from 2g instant coffee to 225ml water with 28g whole milk PAC,100,g,0.6,0.5,0.4,8,cofid-2021
cofid,17-161,"Coffee, instant, made up with water and semi-skimmed milk",en,,Calculated from 2g instant coffee to 225ml water with 35g semi-skimmed milk PAC,100,g,0.7,0.6,0.2,7,cofid-2021
cofid,17-163,"Coffee and chicory essence, with water",en,,10g essence with 225ml water PA,100,g,2.4,0.1,0,9,cofid-2021
cofid,17-165,"Tea, black, infusion, average",en,,"15g leaves per litre water, strained after 5 minutes PAA",100,g,0,0.1,0,,cofid-2021
cofid,17-166,"Tea, black, infusion, weak",en,,"10g leaves per litre water, strained after 5 minutes; 10 samples PAC",100,g,0,0.1,0,,cofid-2021
cofid,17-167,"Tea, black, infusion, strong",en,,"10g leaves per 500ml water, strained after 5 minutes; 10 samples PAC",100,g,0,0.1,0,,cofid-2021
cofid,17-168,"Tea, infusion, average, with whole milk",en,,225ml infusion with 28g whole milk PAC,100,g,0.5,0.4,0.4,8,cofid-2021
cofid,17-169,"Tea, infusion, average, with semi-skimmed milk",en,,225ml infusion with 35g semi-skimmed milk PAC,100,g,0.7,0.5,0.2,7,cofid-2021
cofid,17-170,"Tea, Chinese, leaves, infusion",en,,Analysis and literature sources PAC,100,g,0.2,0.1,0,1,cofid-2021
cofid,17-171,"Tea, green, infusion",en,,Literature sources; Sencha Fukujyu and Banch type PAC,100,g,0,0.1,0,,cofid-2021
cofid,17-172,"Tea, herbal, infusion",en,,Literature sources PAC,100,g,0.2,0,0,1,cofid-2021
cofid,17-175,Cola,en,,"10 samples, 6 brands PCA",100,g,10.9,0,0,41,cofid-2021
cofid,17-179,Lemonade,en,,"10 samples, 8 brands PCA",100,g,5.8,0,0,22,cofid-2021
cofid,17-200,"Lime juice cordial, undiluted",en,,6 bottles of the same brand (Roses) PCC,100,g,29.8,0.1,0,112,cofid-2021
cofid,17-201,"Lime juice cordial, diluted",en,,Calculated from 50g concentrate to 200ml water PCC,100,g,6,0,0,22,cofid-2021
cofid,17-208,"Beer, bitter, best, premium",en,,"Mixed sample from different brewers, ABV 4-5%, including Fullers London Pride, Spitfire, Green King Abbot QA",100,ml,2.2,0.3,0,33,cofid-2021
cofid,17-212,"Lager, alcohol-free",en,,"10 samples, including Kaliber, Beck's Blue, Equator, Bitburger Drive, Cobra Zero and Holsten Pils Alcohol Free QA",100,ml,1.5,0.4,0,7,cofid-2021
cofid,17-222,"Cider, dry",en,,"4.7-5.5% ABV. Including Strongbow, Blackthorn dry, Thatchers medium-dry and Savanna dry QC",100,ml,2.6,0,0,36,cofid-2021
cofid,17-223,"Cider, low alcohol",en,,"<1% ABV. 10 samples, 3 brands including Kopparberg Pear non-alcoholic and own brands QC",100,ml,3.6,0,0,17,cofid-2021
cofid,17-224,"Cider, sweet",en,,"3.5-5.0% ABV. 3 samples of different brands, including Woodpecker, Magners, Bulmers, Kopparberg, Stella Artois Pear Cidre, Jacques fruit cider and Thatchers rose cider QC",100,ml,4.3,0,0,42,cofid-2021
cofid,17-233,"Wine, white, sweet",en,,10-15% ABV. Mixed sample from different countries QE,100,ml,5.9,0.2,0,94,cofid-2021
cofid,17-234,Port,en,,"19-21% ABV, 2 samples QF",100,ml,12,0.1,0,157,cofid-2021
cofid,17-236,"Sherry, medium",en,,"15-19.5% ABV. 8 samples; including Spanish, British, Cyprus, own label QF",100,ml,5.9,0.1,0,116,cofid-2021
cofid,17-239,"Vermouth, dry",en,,"15-19% ABV, 5 samples of different brands QG",100,ml,3,0.1,0,109,cofid-2021
cofid,17-244,"Liqueurs, high strength",en,,"30-40% ABV. 5 samples including Pernod, Drambuie, Cointreau, Grand Marnier and Southern Comfort QI",100,ml,24.4,0,0,314,cofid-2021
cofid,17-245,"Liqueurs, low-medium strength",en,,"20-28% ABV. 10 samples including cherry brandy, Tia Maria and Creme de Menthe QI",100,ml,32.8,0,0,262,cofid-2021
cofid,17-247,"Spirits, 40% volume",en,,"Mean of brandy, gin, rum, whisky and vodka QK",100,ml,0,0,0,222,cofid-2021
cofid,17-299,"Dips, sour-cream based, assorted flavours",en,,"7 samples, 4 brands; WCG",100,g,4,2.9,37,360,cofid-2021
cofid,17-314,Horseradish sauce,en,,"8 samples, 5 brands; creamed and plain samples WCN",100,g,17.9,2.5,8.4,153,cofid-2021
cofid,17-329,"Sauce, dry, casserole mix",en,,"8 samples, 5 brands; including liver and bacon, sausage, beef Bourguignon mixes WC",100,g,68.2,9.7,3.9,330,cofid-2021
cofid,17-330,"Sauce, dry, casserole mix, made up",en,,Calculated from 70g powder to 568ml water WC,100,g,7.3,1.1,0.4,35,cofid-2021
cofid,17-336,"Sauce, sweet and sour, take-away",en,,"7 samples purchased from Chinese restaurants, sundry-style dipping sauce WCN",100,g,32.8,0.2,3.4,157,cofid-2021
cofid,17-339,Vinegar,en,,"4 samples including malt, cider and wine vinegar WY",100,g,0.6,0.4,0,22,cofid-2021
cofid,17-343,"Chutney, mango, sweet",en,,"10 samples, 5 brands WE",100,g,48.3,0.7,0.1,189,cofid-2021
cofid,17-345,"Chutney, tomato",en,,"9 samples, 5 brands WCG",100,g,31,1.2,0.2,128,cofid-2021
cofid,17-354,"Relish, tomato based",en,,"9 samples, 4 brands, including chilli and burger relish WCN",100,g,27.6,1.2,0.1,114,cofid-2021
cofid,17-355,Baking powder,en,,6 samples of the same brand WY,100,g,37.8,5.2,0,163,cofid-2021
cofid,17-356,Bicarbonate of soda,en,,As sodium bicarbonate WY,100,g,0,0,0,0,cofid-2021
cofid,17-358,Cream of tartar,en,,As potassium tartrate WY,100,g,0,0,0,239,cofid-2021
cofid,17-360,Gelatine,en,,Literature sources WY,100,g,0,84.4,0,338,cofid-2021
cofid,17-362,Mustard powder,en,,2 brands WY,100,g,20.7,28.9,28.7,452,cofid-2021
cofid,17-363,"Mustard, powder, made up",en,,Made up with an equal volume of water WY,100,g,10.4,14.5,14.4,226,cofid-2021
cofid,17-364,"Mustard, smooth",en,,"10 samples, 7 types including English and French WY",100,g,9.7,7.1,8.2,139,cofid-2021
cofid,17-365,"Mustard, wholegrain",en,,"9 samples, 5 brands WY",100,g,4.2,8.2,10.2,140,cofid-2021
cofid,17-367,Salt,en,,"2 samples, table salt WY",100,g,0,0,0,0,cofid-2021
cofid,17-371,"Stuffing mix, dried",en,,"10 samples, 4 brands; assorted flavours AT",100,g,67.2,9.9,5.2,338,cofid-2021
cofid,17-372,"Stuffing mix, dried, assorted flavours, made up",en,,Made up according to packet directions AT,100,g,19.3,2.8,1.5,97,cofid-2021
cofid,17-377,"Water, distilled",en,,Included for recipe calculation WY,100,g,0,0,0,0,cofid-2021
cofid,17-378,"Yeast, bakers, compressed",en,,Literature sources WY,100,g,1.1,11.4,0.4,53,cofid-2021
cofid,17-379,"Yeast, dried",en,,Literature sources WY,100,g,3.5,35.6,1.5,169,cofid-2021
cofid,17-416,"Mushroom, dried",en,,Calculated from raw mushroom DI,100,g,4.8,21.8,6,159,cofid-2021
cofid,17-417,"Spinach, dried",en,,Calculated from raw spinach DI,100,g,13.8,24.3,6.9,211,cofid-2021
cofid,17-487,"Dripping, beef",en,,"5 samples, different brands OF",100,g,0,0,99,891,cofid-2021
cofid,17-488,"Oil, cod liver",en,,Mean of 20 samples OC,100,g,0,0,99.9,899,cofid-2021
cofid,17-491,"Chocolate, plain",en,,"6 bars, 3 brands; 36-50% cocoa solids SEA",100,g,63.5,5,28,510,cofid-2021
cofid,17-498,"Drinking chocolate, powder",en,,"10 tins, 3 brands PAA",100,g,79.7,6.4,5.8,377,cofid-2021
cofid,17-499,"Drinking chocolate, powder, reduced fat",en,,"10 samples, 4 brands PAA",100,g,82.1,6.4,2.3,354,cofid-2021
cofid,17-505,"Cola, diet",en,,Calculated from Cola PCA,100,g,0,0,0,1,cofid-2021
cofid,17-506,"Beer, bitter, average (<4% ABV)",en,,"<4% ABV. 5 samples from different brewers; canned, draught and bottled, including Boddingtons, John Smith, Greene King IPA, Tetley's and Caffrey's QA",100,ml,2.2,0.3,0,30,cofid-2021
cofid,17-514,Beef extract,en,,Mixed sample including Bovril and own brands WY,100,g,3.2,40.4,0.6,179,cofid-2021
cofid,17-517,Yeast extract,en,,Mixed sample including Marmite and own brands WY,100,g,3.5,40.7,0.4,180,cofid-2021
cofid,17-583,"Icing, glace, homemade",en,,Recipe SC,100,g,88.9,0,0,333,cofid-2021
cofid,17-593,"Turkish delight, with nuts, homemade",en,,Recipe SEC,100,g,82,4.1,2.6,348,cofid-2021
cofid,17-594,"Coffee, Irish",en,,Recipe PAC,100,g,2.7,0.4,8.8,125,cofid-2021
cofid,17-618,"Sauce, pasta, tomato based, for bolognese",en,,"10 samples, 9 products, ambient WC",100,g,6.9,1.5,1.3,44,cofid-2021
cofid,17-619,"Sauce, pasta, tomato based, napoletana",en,,"11 samples, 10 products, including tomato and basil sauce, ambient WC",100,g,6.5,1.5,3.8,65,cofid-2021
cofid,17-620,"Sauce, pasta, tomato based, reduced fat",en,,"6 samples, 3 products, ambient WC",100,g,6.7,1.4,0.3,33,cofid-2021
cofid,17-621,"Sauce, pasta, tomato based, with added vegetables",en,,"10 samples, 9 products, including chargrilled vegetable, sweet pepper, arrabbiata and mushroom pasta sauce, ambient WC",100,g,5.7,1.4,2.1,46,cofid-2021
cofid,17-622,"Pesto, green",en,,"10 samples, 6 products WC",100,g,3.9,5.6,42.5,420,cofid-2021
cofid,17-623,"Pesto, red",en,,"8 samples, 7 products WC",100,g,5.9,5,30.6,317,cofid-2021
cofid,17-624,"Sauce, pasta, four cheese",en,,"10 samples, 8 products, chilled and ambient WC",100,g,5.8,5.1,9.7,129,cofid-2021
cofid,17-625,"Sauce, pasta, carbonara type",en,,"10 samples, 9 products, chilled and ambient WC",100,g,3.8,4.9,13,151,cofid-2021
cofid,17-626,"Sauce, Indian cook in, korma/tikka masala",en,,"10 samples, 10 products, ambient WC",100,g,10.9,1.7,9.5,133,cofid-2021
cofid,17-627,"Sauces, Indian cook in, other",en,,"10 samples, 9 products, including balti, rogan josh, jalfrezi, ambient WC",100,g,8.7,1.4,3.2,67,cofid-2021
cofid,17-628,"Sauce, Chinese cook in, sweet & sour",en,,"10 samples, 7 products, chilled and ambient WC",100,g,22.1,0.5,1,94,cofid-2021
cofid,17-629,"Sauce, Chinese stir fry",en,,"10 samples, 10 products, including black bean and Szechuan, chilled and ambient WC",100,g,19.9,1.4,1.3,92,cofid-2021
cofid,17-630,"Sauce, traditional cook in, tomato based",en,,"10 samples including chasseur and red wine sauce, chilled and ambient WC",100,g,8.1,0.9,1,43,cofid-2021
cofid,17-631,"Sauce, traditional cook in, white sauce based",en,,"110 samples, 10 products, including white wine sauces, cheese sauces and creamy sauces, chilled and ambient WC",100,g,5.7,1.6,8.6,105,cofid-2021
cofid,17-632,"Coffee, cappuccino, latte",en,,9 samples as consumed P,100,g,3.2,2,0.8,27,cofid-2021
cofid,17-634,"Soup, carrot and coriander, carton, chilled",en,,"8 samples, 5 products, including New Convent Garden and own brands WA",100,g,4.7,0.9,2.6,45,cofid-2021
cofid,17-635,"Soup, mushroom, carton, chilled",en,,"10 samples, 4 products, including New Convent Garden and own brands WA",100,g,4.9,1.5,2.7,48,cofid-2021
cofid,17-636,"Soup, tomato, carton, chilled",en,,"10 samples, 7 products, including New Convent Garden and own brands WA",100,g,4.3,0.9,1.9,37,cofid-2021
cofid,17-637,"Soup, broccoli and stilton, carton, chilled",en,,"10 samples, 7 products, including New Convent Garden and own brands WA",100,g,3.8,2.3,3.1,51,cofid-2021
cofid,17-640,"Ghee, butter",en,,"10 samples, 7 retail, 3 homemade OF",100,g,0,0.1,97.6,878,cofid-2021
cofid,17-642,"Potato snacks, pringle-type, fried in vegetable oil",en,,"5 samples, 5 products, including Pringles and own brands SNA",100,g,57.4,4.3,31.8,519,cofid-2021
cofid,17-643,Potato rings,en,,"10 samples, 7 products, including Hula Hoops and own brand SN",100,g,70.5,3.6,22.4,480,cofid-2021
cofid,17-644,Tortilla chips fried in sunflower oil,en,,"7 samples, 6 products, assorted flavours, fried in high oleic sunflower oil, including Doritos and own brands SN",100,g,60.8,7.2,27.4,504,cofid-2021
cofid,17-645,Corn snacks,en,,"6 samples, 4 products, including Wotsits, Monster Munch and own label SN",100,g,60.8,6,30.4,526,cofid-2021
cofid,17-646,"Toffees, mixed",en,,"8 samples, 8 products, including liquorice and mint, excluding premium SEC",100,g,62.9,2.1,15.9,387,cofid-2021
cofid,17-647,"Sweets, chew sweets",en,,"9 samples, 8 products, including Starburst, Chewits and Blackjacks SEC",100,g,85.1,0.9,6,377,cofid-2021
cofid,17-648,"Chocolate, milk",en,,"11 samples, 11 products SEA",100,g,56,7.3,31.1,519,cofid-2021
cofid,17-649,"Caramel bars and sweets, chocolate covered",en,,"10 samples, 6 brands, including Cadbury's Caramel, Curly Wurly, Rolo, Galaxy Caramel, Toffee Poppets and own brands SEA",100,g,70.2,4.2,23.6,493,cofid-2021
cofid,17-650,"Chocolate, dark, with crème or mint fondant centres",en,,"10 samples, 8 products, including After Eights and equivalent (or 'similar') products SEA",100,g,71.9,3.7,16.3,431,cofid-2021
cofid,17-651,Maltesers and similar products,en,,"9 samples, 3 products SEA",100,g,63,7.6,23.3,476,cofid-2021
cofid,17-652,"Soup, cream of tomato, canned",en,,"10 samples, 5 brands WAC",100,g,7.8,0.9,2,51,cofid-2021
cofid,17-653,"Soup, instant, dried, as purchased",en,,"11 samples, 3 brands, powder only, not including croutons WAE",100,g,64.1,5.9,13.4,384,cofid-2021
cofid,17-654,"Mayonnaise, standard, retail",en,,"11 samples,7 products WCG",100,g,2.4,1.1,74.8,686,cofid-2021
cofid,17-655,"Butter, spreadable (75-80% fat)",en,,"9 samples, 7 products, containing butter and vegetable oil, including Anchor, Lurpak, Country Life and own brand equivalents OA",100,g,0.5,0.4,79.1,715,cofid-2021
cofid,17-656,"Butter, spreadable, light (60% fat)",en,,"11 samples, 7 products, containing vegetable oil, including Anchor Lighter, Lurpak Lighter, Country Life Lighter and own brand equivalents OA",100,g,0.8,0.5,60.2,547,cofid-2021
cofid,17-657,Chocolate covered caramel and biscuit fingers,en,,"9 samples, 7 products, including Twix and equivalent (or 'similar') products SEA",100,g,70,5,23.6,495,cofid-2021
cofid,17-658,Chocolate covered bar with caramel and cereal,en,,"6 samples, 6 products, including Balisto, Lion Bar, Picnic and Crispy Caramel SEA",100,g,66.2,5.2,25.8,501,cofid-2021
cofid,17-659,Chocolate spread,en,,"7 samples, 5 brands SC",100,g,59.4,3.3,37.7,575,cofid-2021
cofid,17-660,"Soup, instant, dried, as served",en,,"Calculated from instant soup powder, 24g powder made up with 225g water. Assorted flavours WAE",100,g,6.2,0.6,1.3,37,cofid-2021
cofid,17-661,"Butter, unsalted",en,,"Average of UK/Irish, Danish, French, New Zealand OA",100,g,0.6,0.6,82.2,744,cofid-2021
cofid,17-664,"Bread sauce, made with semi-skimmed milk, HOMEMADE",en,,Recipe WCD,100,g,15.6,4,2.5,97,cofid-2021
cofid,17-665,"Cheese sauce, made with semi-skimmed milk, homemade",en,,Recipe WCD,100,g,9,8.2,12.8,182,cofid-2021
cofid,17-666,"Cheese sauce, packet mix, made up with semi-skimmed milk, homemade",en,,Recipe WCD,100,g,9.7,5.8,5.2,106,cofid-2021
cofid,17-667,"White sauce, savoury, made with semi-skimmed milk, homemade",en,,Recipe WCD,100,g,11.1,4.4,8,131,cofid-2021
cofid,17-668,Mars bar and own brand equivalents,en,,"16 samples, 3 brands, including standard, snack and fun size SEA",100,g,66.6,4.1,15.3,404,cofid-2021
cofid,17-669,Milky Way and own brand equivalents,en,,"16 samples, 3 brands, including standard and fun size SEA",100,g,76.6,3.8,15.7,444,cofid-2021
cofid,17-670,Topic/Snickers and own brand equivalents,en,,"16 samples, 3 brands, including standard, snack and fun size SEA",100,g,52.1,7.5,28.2,479,cofid-2021
cofid,17-671,"Potato crisps, fried in sunflower oil",en,,"11 samples, 8 products, assorted flavours, fried in high oleic sunflower oil, including Walkers and own brands SNA",100,g,55.8,6.2,28.8,493,cofid-2021
cofid,17-672,"Energy drink, carbonated",en,,"Including Red Bull, Monster, EQ8, Kx, Relentless and own brands PCA",100,g,11.1,0,0,42,cofid-2021
cofid,17-673,"Fruit juice drink, carbonated, no added sugar, ready to drink",en,,"Estimated from fruit juice drink, carbonated and from label data PCA",100,g,0.6,0,0,2,cofid-2021
cofid,17-674,"High juice drink, no added sugar, undiluted",en,,"Typically 50% juice. Estimated from high juice drink, undiluted and label data PCC",100,g,4.6,0.3,0,18,cofid-2021
cofid,17-676,"Lager, extra strong",en,,"Approx. 9% ABV, including Carlsberg Special Brew, Skol Super, Tennent's Super and Kestrel Super QA",100,ml,2.4,0.3,0,60,cofid-2021
cofid,17-677,"Dips, sour-cream based, reduced fat",en,,Label data WCG,100,g,7.3,3.9,15.2,180,cofid-2021
cofid,17-678,"Brown sauce, reduced salt/sugar",en,,Estimated from brown sauce and label data WCN,100,g,20,0.7,0.1,88,cofid-2021
cofid,17-679,"Mayonnaise, reduced fat",en,,"12 samples, 8 brands WCG",100,g,8.2,1,28.1,288,cofid-2021
cofid,17-680,Stock gel,en,,"Including stock pots, stock melts and squeezy tubes WY",100,g,27.8,6.7,3.6,163,cofid-2021
cofid,17-681,"Stock, chicken, ready made, retail",en,,Label data WY,100,g,0.2,2.3,0.2,12,cofid-2021
cofid,17-682,"Pot savouries, made up",en,,85g product made up with 215ml water SN,100,g,16.7,3.3,3.1,103,cofid-2021
cofid,17-683,"Fudge, homemade",en,,Recipe SEC,100,g,80.8,3.4,13.1,435,cofid-2021
cofid,17-684,"Soup, vegetable, homemade",en,,Recipe WAA,100,g,3.7,1,4.2,55,cofid-2021
cofid,17-685,"Butter, salted",en,,"Average of UK/Irish, Danish, French, New Zealand OA",100,g,0.6,0.6,82.2,744,cofid-2021
cofid,17-686,"Oil, vegetable, average",en,,Based on rapeseed oil - most vegetable oils are made from rapeseed oil OC,100,g,0,0,99.9,899,cofid-2021
cofid,17-687,Chocolate nut spread,en,,"8 samples, 5 brands SC",100,g,60.5,6.2,33,549,cofid-2021
cofid,17-688,"Jam, stone fruit",en,,"8 samples, 4 flavours SC",100,g,69.3,0.4,0,261,cofid-2021
cofid,17-689,"Ice cream sauce, topping, strawberry and chocolate flavours",en,,"8 samples, 3 brands; strawberry and chocolate flavours SC",100,g,72.7,0.4,0.2,276,cofid-2021
cofid,17-690,"Chocolate, fancy and filled",en,,10 samples of different brands SEA,100,g,62.9,4.9,21.3,447,cofid-2021
cofid,17-691,"Popcorn, candied",en,,Estimated from 2013 label data SN,100,g,60.7,6.9,23.8,469,cofid-2021
cofid,17-692,"Popcorn, salted, retail",en,,Estimated from label data SN,100,g,59.3,9,23.5,470,cofid-2021
cofid,17-693,"Potato crisps, low fat",en,,"20 samples of different brands, plain and flavoured, not baked SN",100,g,63.5,6.6,21.5,458,cofid-2021
cofid,17-694,Twiglets,en,,"20 samples, savoury wholewheat sticks SN",100,g,63.3,12.3,11.8,393,cofid-2021
cofid,17-695,"Soup, chicken, cream of, canned",en,,"10 cans, 3 brands WAC",100,g,4.5,1.7,3.8,58,cofid-2021
cofid,17-696,"Soup, chicken, cream of, canned, condensed",en,,7 cans of the same brand WAC,100,g,6,2.6,5.8,85,cofid-2021
cofid,17-697,"Chicken soup, cream of, canned, condensed, as served",en,,7 cans of the same brand. Diluted with an equal volume of water WAC,100,g,3,1.3,2.9,43,cofid-2021
cofid,17-698,"Soup, lentil, canned",en,,"10 cans, 4 brands WAC",100,g,8.5,3.1,0.2,46,cofid-2021
cofid,17-699,"Soup, low calorie, canned",en,,"7 cans, 3 brands; tomato, vegetable and minestrone varieties WAC",100,g,6.2,0.9,0.7,33,cofid-2021
cofid,17-700,"Soup, oxtail, canned",en,,"10 cans, 3 brands WAC",100,g,5.1,2.4,1.7,44,cofid-2021
cofid,17-701,"Dressing, French",en,,"8 samples, 6 brands WCG",100,g,11.7,0.3,32.2,335,cofid-2021
cofid,17-702,Piccalilli,en,,"9 samples, 4 brands; mild, saucy and sweet varieties WCN",100,g,17.6,1,0.5,84,cofid-2021
cofid,17-703,Salad cream,en,,"3 samples, different brands WCG",100,g,21.2,1.5,26.7,326,cofid-2021
cofid,17-704,"Salad cream, reduced fat",en,,Label and data calculated WCG,100,g,15.5,1,10.6,157,cofid-2021
cofid,17-705,Barbecue sauce,en,,Literature sources (1980) WCN,100,g,36.1,1,0.1,140,cofid-2021
cofid,17-706,Brown fruity sauce,en,,"10 bottles, 4 brands WCN",100,g,22.2,1.2,0.1,98,cofid-2021
cofid,17-707,Mint sauce,en,,"8 samples, 4 brands WCN",100,g,21.5,1.6,0,101,cofid-2021
cofid,17-708,"Relish, corn/cucumber/onion",en,,"9 samples, 5 brands WCN",100,g,36.6,1,0.3,144,cofid-2021
cofid,17-709,Tomato ketchup,en,,"10 samples, 5 brands WCN",100,g,28.6,1.6,0.1,115,cofid-2021
cofid,17-710,"Fat spread, reduced fat (62-75%), polyunsaturated",en,,"5 samples, including Flora buttery spread and Pure Sunflower, dairy free OA",100,g,0.6,0.4,68.5,620,cofid-2021
cofid,17-711,"Soup, minestrone, canned",en,,Label data WA,100,g,6.6,1.1,0.2,31,cofid-2021
cofid,17-712,"Soup, vegetable, canned",en,,"10 cans, 3 brands WAC",100,g,7.4,1.4,0.6,39,cofid-2021
cofid,17-713,"Soup, mushroom, cream of, canned",en,,"10 cans, 3 brands WAC",100,g,3.9,1.1,3,46,cofid-2021
cofid,17-714,"Soup, chicken noodle, dried, as served",en,,Calculated from 35g soup powder to 570ml water WAE,100,g,3.2,1,0.3,19,cofid-2021
cofid,17-715,"Dressing, blue cheese",en,,"7 samples, 2 brands WCG",100,g,9.8,2,35.9,368,cofid-2021
cofid,17-716,"Dressing, French, fat free",en,,Manufacturer's data (Kraft) WCG,100,g,8.7,0.1,0,33,cofid-2021
cofid,17-717,"Dressing, thousand island",en,,"7 samples, 4 brands WCG",100,g,15.9,0.7,16.4,210,cofid-2021
cofid,17-718,"Pickle, sweet",en,,"9 samples, 4 brands WCG",100,g,28,0.6,0.1,111,cofid-2021
cofid,17-719,Chilli sauce,en,,"8 samples; assorted types, including garlic chilli sauce WC",100,g,7.3,1.3,0.8,40,cofid-2021
cofid,17-720,Curry paste,en,,"20 samples, 3 brands WC",100,g,11.3,4.7,21.3,253,cofid-2021
cofid,17-721,"Soy sauce, light and dark varieties",en,,"8 samples, 4 brands WCN",100,g,17.9,3,0,79,cofid-2021
cofid,17-722,Tartare sauce,en,,"10 samples, 4 brands WCN",100,g,17.9,1.3,24.6,299,cofid-2021
cofid,17-723,Worcestershire sauce,en,,"7 samples, 3 brands WCN",100,g,28.3,1.4,0.1,113,cofid-2021
cofid,17-724,Gravy instant granules,en,,"7 samples, 3 brands WY",100,g,65.2,4.4,16.1,407,cofid-2021
cofid,17-725,"Gravy instant granules, made up with water",en,,Calculated from 23.5g granules to 300ml water WY,100,g,4.7,0.3,1.2,30,cofid-2021
cofid,17-728,"Build-up powder, soup, assorted flavours",en,,"Manufacturer's data (Nestlé). Average of chicken, vegetable, tomato and potato & leek flavours PAA",100,g,57.3,14.4,14.9,407,cofid-2021
cofid,17-729,"Complan powder, original and sweet",en,,"Including original, chocolate and vanilla PAA",100,g,64.8,15.6,14.7,438,cofid-2021
cofid,17-730,"Complan powder, savoury",en,,"Chicken flavour, manufacturer's data PAA",100,g,62.5,16.1,15.6,439,cofid-2021
cofid,17-731,"Horlicks, powder",en,,Manufacturer's data (GlaxoSmithKline) PAA,100,g,83.7,9.4,3.1,379,cofid-2021
cofid,17-732,"Instant drinks powder, chocolate, low calorie",en,,"11 samples, 6 brands, assorted flavours, including Ovaltine Options, Cadbury Highlights and own brands PAA",100,g,52,16,11.1,359,cofid-2021
cofid,17-733,"Milk shake, powder",en,,"6 samples (Nesquik), 3 flavours PAA",100,g,98.3,1.3,1.6,388,cofid-2021
cofid,17-734,"Ovaltine, powder",en,,"6 samples, Manufacturer's data PAA",100,g,83.1,7.3,1.9,358,cofid-2021
cofid,17-735,"Fruit juice drink, carbonated, ready to drink",en,,"Bottles and cans; orange, lemon, apple and tropical fruit flavours e.g. Citrus Spring, Fanta, Orangina and Tango PCA",100,g,7.2,0,0,27,cofid-2021
cofid,17-736,Tonic water,en,,Literature sources PCA,100,g,5.9,0,0,22,cofid-2021
cofid,17-737,"Blackcurrant juice drink/squash, undiluted",en,,Including Ribena and own brands PCC,100,g,54.2,0.1,0,204,cofid-2021
cofid,17-738,"Fruit juice drink/squash, undiluted",en,,"Lemon, orange, apple and mixed fruit flavours PCC",100,g,8.9,0.1,0,34,cofid-2021
cofid,17-739,"Fruit juice drink/squash, no sugar added, undiluted",en,,"10 samples, 2 brands; lemon, orange and mixed fruit flavours, typicall less than 3% sugar PCC",100,g,1.4,0.1,0,6,cofid-2021
cofid,17-740,"High juice drink, undiluted",en,,"Typically 50% juice with 35-45% sugar. Estimated from high juice drink, undiluted and label data PCC",100,g,42.6,0.3,0,161,cofid-2021
cofid,17-741,"Fruit juice drink/squash, ready to drink",en,,"Lemon, orange, apple and mixed fruit flavours, as purchased PCC",100,g,9.8,0.1,0,37,cofid-2021
cofid,17-742,"Fruit juice drink, no added sugar, ready to drink",en,,"Typically less than 3% sugar, as purchased. 10 samples, 2 brands PCC",100,g,0.9,0.2,0,4,cofid-2021
cofid,17-743,"Barley water, undiluted",en,,Orange and lemon flavours PCC,100,g,23.7,0.3,0,90,cofid-2021
cofid,17-744,Cranberry fruit juice drink,en,,Manufacturers' data and literature PE,100,g,12.1,0,0,45,cofid-2021
cofid,17-745,"Grape juice, unsweetened",en,,"10 samples, 6 brands; 100% red juice PE",100,g,16,0.3,0.1,62,cofid-2021
cofid,17-746,"Fruit juice, mixed",en,,"Estimated from apple and orange juice and industry data, 2013 PE",100,g,10.3,0.4,0,40,cofid-2021
cofid,17-747,Smoothies,en,,"Retail, chilled, yellow and red fruit smoothies. Not made with milk. PE",100,g,12.2,0.5,0.1,49,cofid-2021
cofid,17-748,"Beer, bitter, strong (>5% ABV)",en,,">5% ABV, including Old Speckled Hen, Hobgoblin, Old Peculier, Leffe and Marston's Old Empire QA",100,ml,2.2,0.3,0,42,cofid-2021
cofid,17-749,"Lager, standard",en,,"<4.5% ABV, canned and draught, including Skol, Hofmeister, Tennents, Carling Black Label, Stella Artois and Foster's QA",100,ml,0,0.3,0,24,cofid-2021
cofid,17-750,"Lager, low alcohol",en,,"2-3% ABV. 10 samples, including  Bavaria Permium, Carling Zest, Carling C2, Beck's Premier Light and own brand QA",100,ml,0.5,0.3,0,16,cofid-2021
cofid,17-751,"Lager, premium",en,,"Approx. 5% ABV, 10 samples including Bitburger Pils, San Miguel, Stella Artois, Bud, Kronenbourg, Grolsch, Beck's and Carlsberg Export QA",100,ml,0,0.3,0,29,cofid-2021
cofid,17-752,"Wine, red",en,,Typically 11-15% ABV. Mixed sample from different countries QE,100,ml,0.2,0.1,0,76,cofid-2021
cofid,17-754,"Wine, rose, medium",en,,9.5-13.5% ABV. 5 samples from different countries QE,100,ml,2.5,0.1,0,79,cofid-2021
cofid,17-755,"Wine, white, dry",en,,11-14% ABV. 5 samples from different countries QE,100,ml,0.6,0.1,0,75,cofid-2021
cofid,17-756,"Wine, white, medium",en,,8-13% ABV. Mixed sample from different countries QE,100,ml,3,0.1,0,75,cofid-2021
cofid,17-757,"Wine, white, sparkling",en,,"Approx. 11.5% ABV. 5 samples from different countries, not including champagne QE",100,ml,5.1,0.3,0,84,cofid-2021
cofid,17-758,Pre-mixed spirit based drinks,en,,"Approx. 4% ABV, including WKD,  Bacardi Breezer, Smirnoff Ice and Carribean Twist Q",100,ml,8,0,0,52,cofid-2021
cofid,17-759,"Suet, vegetable, reduced fat",en,,Manufacturer's data (Atora) OF,100,g,31.1,2.5,65.7,718,cofid-2021
cofid,17-760,"Shandy, 50% lager, homemade",en,,Calculated from standard lager and standard lemonade QA,100,ml,2.9,0.2,0,23,cofid-2021
cofid,17-761,Lucozade,en,,"Including lemon, orange and tropical flavours PCA",100,g,16,0,0,60,cofid-2021
cofid,17-762,Lemon curd,en,,"10 jars, 4 brands SC",100,g,58.4,0.6,4.9,266,cofid-2021
cofid,17-763,Creme egg,en,,10 samples SEA,100,g,71,4,15.9,425,cofid-2021
cofid,17-764,Bombay mix,en,,"20 samples; savoury mix of gram flour, assorted peas, lentils, nuts and seeds SN",100,g,35.1,18.8,32.9,503,cofid-2021
cofid,17-765,Mincemeat,en,,10 samples of the same brand SC,100,g,62.1,0.6,4.3,274,cofid-2021
cofid,17-766,Bounty bar and own brand equivalents,en,,Manufacturer's data (Mars). milk chocolate SEA,100,g,61,3.7,26.3,480,cofid-2021
cofid,17-767,"Stout, Guinness",en,,"Approx. 4% ABV. 10 samples including canned, bottled and draft QA",100,ml,3.2,0.4,0,37,cofid-2021
cofid,17-768,"Liqueurs, cream",en,,"17% ABV, 2 samples of Baileys Original Irish Cream QI",100,ml,21.8,3,13,305,cofid-2021
cofid,17-769,"Barbecue sauce, homemade",en,,Recipe WC,100,g,26.1,2.7,21,300,cofid-2021
cofid,17-770,"Bouillabaisse, homemade",en,,Recipe WAA,100,g,2,11.3,10.5,139,cofid-2021
cofid,17-771,"Bread sauce, made with skimmed milk, homemade",en,,Recipe WCD,100,g,15.5,4.2,1.4,88,cofid-2021
cofid,17-772,"Bread sauce, made with whole milk, homemade",en,,Recipe WCD,100,g,15.4,4.1,3.7,108,cofid-2021
cofid,17-773,"Cheese sauce, made with skimmed milk, homemade",en,,Recipe WCD,100,g,9.1,8.2,11.6,172,cofid-2021
cofid,17-775,"Cheese sauce, made with whole milk, homemade",en,,Recipe WCD,100,g,8.9,8.2,14.6,197,cofid-2021
cofid,17-776,"Soup, carrot and orange, homemade",en,,Recipe WAA,100,g,3.8,0.3,0.5,20,cofid-2021
cofid,17-777,Liquorice allsorts,en,,"7 samples, 4 brands SEC",100,g,76.7,3.7,5.2,349,cofid-2021
cofid,17-778,"White sauce, savoury, made with skimmed milk, homemade",en,,Recipe WCD,100,g,11.1,4.5,6.5,118,cofid-2021
cofid,17-779,"White sauce, savoury, made with whole milk, homemade",en,,Recipe WCD,100,g,11.6,4.4,10.8,158,cofid-2021
cofid,17-780,"Cheese sauce, packet mix, made up with skimmed milk, homemade",en,,Recipe WCD,100,g,9.2,5.6,2.4,79,cofid-2021
cofid,17-781,"Cheese sauce, packet mix, made up with whole milk, homemade",en,,Recipe WCD,100,g,9,5.5,5.7,108,cofid-2021
cofid,17-782,"Chevda/chevra/chewra, homemade",en,,Recipe SNC,100,g,35.5,18.6,31.8,487,cofid-2021
cofid,17-783,"Icing, butter, homemade",en,,Recipe S,100,g,63.4,0.2,29.4,507,cofid-2021
cofid,17-784,"Chutney, apple, homemade",en,,Recipe WCG,100,g,49.2,0.8,0.2,190,cofid-2021
cofid,17-785,"Chutney, tomato, homemade",en,,Recipe WE,100,g,40.8,1,0.2,166,cofid-2021
cofid,17-786,"Coconut ice, homemade",en,,Recipe SEC,100,g,67.1,1.8,12.3,369,cofid-2021
cofid,17-787,"Dressing, French, homemade",en,,Recipe WC,100,g,0.2,0.1,74.9,680,cofid-2021
cofid,17-788,"Dressing, oil and lemon, homemade",en,,Recipe WC,100,g,3.4,0.1,72.4,652,cofid-2021
cofid,17-789,"Dressing, yogurt, homemade",en,,Recipe WC,100,g,7.1,5.3,2.7,72,cofid-2021
cofid,17-790,"Drinking chocolate powder, made up with semi-skimmed milk",en,,Calculated from 18g powder to 200ml milk PAA,100,g,10.9,3.7,2,74,cofid-2021
cofid,17-791,"Drinking chocolate powder, made up with skimmed milk",en,,Recipe. Made up according to packet directions.Calculated from 18g powder to 200ml milk PAA,100,g,10.9,3.7,0.7,62,cofid-2021
cofid,17-792,"Drinking chocolate powder, made up with whole milk",en,,Calculated from 18g powder to 200ml milk PAA,100,g,10.8,3.6,3.8,89,cofid-2021
cofid,17-793,"Egg nog, homemade",en,,Recipe QI,100,ml,9.6,4,2.3,98,cofid-2021
cofid,17-794,"Soup, French onion, homemade",en,,Recipe WAA,100,g,5,0.9,2.2,41,cofid-2021
cofid,17-795,"Soup, gazpacho, homemade",en,,Recipe WAA,100,g,2.9,0.8,3.6,46,cofid-2021
cofid,17-796,"Soup, goulash, homemade",en,,Recipe WAA,100,g,7.2,7.7,5.8,106,cofid-2021
cofid,17-797,"Guacamole, homemade",en,,Recipe WC,100,g,2.2,1.4,12.7,128,cofid-2021
cofid,17-798,"Halva, carrot, homemade",en,,Recipe SEC,100,g,44,4.8,16.6,354,cofid-2021
cofid,17-799,"Halva, semolina, homemade",en,,Recipe SEC,100,g,49.1,2.2,16.7,342,cofid-2021
cofid,17-800,"Hollandaise sauce, homemade",en,,Recipe WC,100,g,0.9,5.1,77.9,717,cofid-2021
cofid,17-801,"Horlicks powder, made up with semi-skimmed milk",en,,Recipe. Calculated from 25g powder to 200ml milk PAA,100,g,13.5,4.1,1.8,83,cofid-2021
cofid,17-802,"Horlicks powder, made up with skimmed milk",en,,Recipe. Calculated from 25g powder to 200ml milk PAA,100,g,13.5,4.1,0.6,72,cofid-2021
cofid,17-803,"Horlicks powder, made up with whole milk",en,,"Recipe, Calculated from 25g powder to 200ml milk PAA",100,g,13.3,4.1,3.5,98,cofid-2021
cofid,17-804,"Icing, fondant, homemade",en,,Recipe S,100,g,90.1,1.3,0,343,cofid-2021
cofid,17-805,"Icing, Royal, homemade",en,,Recipe SC,100,g,93.4,1.1,0,354,cofid-2021
cofid,17-806,"Lemon curd, homemade",en,,Recipe S,100,g,50.7,4.2,16,350,cofid-2021
cofid,17-807,"Lemonade, homemade",en,,Recipe PCC,100,g,16.7,0,0,63,cofid-2021
cofid,17-808,"Soup, lentil, homemade",en,,Recipe WAA,100,g,14.6,5.9,4.8,121,cofid-2021
cofid,17-809,"Mayonnaise, homemade",en,,Recipe WC,100,g,0.1,1.7,84.2,786,cofid-2021
cofid,17-810,"Soup, minestrone, homemade",en,,Recipe WAA,100,g,7.6,2.1,2.3,60,cofid-2021
cofid,17-811,"Mint sauce, homemade",en,,Recipe WC,100,g,19.4,0.8,0.1,85,cofid-2021
cofid,17-812,"Wine, mulled wine, homemade",en,,Recipe QE,100,ml,20.2,0.3,0.2,155,cofid-2021
cofid,17-813,"Soup, mulligatawny, homemade",en,,Recipe WAA,100,g,8.1,1.9,6.4,90,cofid-2021
cofid,17-814,"Nougat, homemade",en,,Recipe SEC,100,g,80,5.2,10.2,413,cofid-2021
cofid,17-815,"Onion sauce, made with semi-skimmed milk, homemade",en,,Recipe WCD,100,g,9,3,4.7,88,cofid-2021
cofid,17-816,"Onion sauce, made with skimmed milk, homemade",en,,Recipe WCD,100,g,9,3.1,3.8,80,cofid-2021
cofid,17-817,"Onion sauce, made with whole milk, homemade",en,,Recipe WCD,100,g,7.8,3.3,5.5,91,cofid-2021
cofid,17-818,"Ovaltine powder, made up with semi-skimmed milk",en,,Recipe. Calculated from 25g powder to 200ml milk PAA,100,g,13.4,3.9,1.7,81,cofid-2021
cofid,17-819,"Ovaltine powder, made up with skimmed milk",en,,Recipe. Calculated from 25g powder to 200ml milk PAA,100,g,13.5,3.9,0.4,70,cofid-2021
cofid,17-820,"Ovaltine powder, made up with whole milk",en,,Recipe. Calculated from 25g powder to 200ml milk PAA,100,g,13.3,3.8,3.4,96,cofid-2021
cofid,17-821,"Shandy, bottled or canned",en,,"<1% ABV, typically 10-12% beer or lager. 10 cans, 4 brands QA",100,ml,5,0,0,24,cofid-2021
cofid,17-822,"Cider, strong",en,,"6-8.5% ABV. 3 samples of the same brand, including vintage varieties, Aspall Permier Cru, K Cider, Scrumpy Strong and Diamond White QC",100,ml,7.3,0,0,68,cofid-2021
cofid,17-823,"Build up, powder, shake, assorted flavours",en,,"Manufacturer's data (Nestlé). Average of chocolate, strawberry, banana and vanilla flavours PAA",100,g,63,20.5,0.7,325,cofid-2021
cofid,17-824,Fruit pastilles,en,,6 samples of different brands; assorted flavours SEC,100,g,84.2,2.8,0,327,cofid-2021
cofid,17-825,"Instant drinks powder, malted, unfortified",en,,"10 samples, 3 brands. Own brands PAA",100,g,82.5,5.7,6.2,388,cofid-2021
cofid,17-826,"Treacle, black",en,,3 samples SC,100,g,67.2,1.2,0,257,cofid-2021
cofid,17-827,"Sauce, pasta, white, with ham and mushrooms, homemade",en,,Recipe WC,100,g,1,7.3,10.6,129,cofid-2021
cofid,17-828,"Sweets, sherbert",en,,"10 samples of different brands, including Refreshers, Parma Violets, Fizzers and Love Hearts SEC",100,g,93.9,0.6,0,355,cofid-2021
cofid,17-829,"Soup, pea and ham, homemade",en,,Recipe WAA,100,g,9.8,4.1,2.2,73,cofid-2021
cofid,17-830,"Peppermint creams, homemade",en,,Recipe SEC,100,g,96.9,0.7,0,366,cofid-2021
cofid,17-831,"Soup, potato and leek, homemade",en,,Recipe WAA,100,g,6.2,1.5,2.2,56,cofid-2021
cofid,17-832,"Raita, homemade",en,,"Recipe, spiced curd/yoghurt WC",100,g,5.8,4.4,2.4,57,cofid-2021
cofid,17-833,"Coffee, infusion, average",en,,"As consumed, average of strong and weak infusions PAC",100,g,0.3,0.2,0,2,cofid-2021
cofid,17-834,"Sauce, tomato based, homemade",en,,Recipe WC,100,g,6.5,1.5,4.5,70,cofid-2021
cofid,17-835,"Scotch broth, homemade",en,,Recipe WAA,100,g,4,6.8,3.5,74,cofid-2021
cofid,17-836,"Sev/ganthia, homemade",en,,"Recipe, savoury Indian snack SNC",100,g,47.1,18.8,25.1,478,cofid-2021
cofid,17-837,"Truffles, rum, homemade",en,,Recipe SEA,100,g,54.2,6,32.9,529,cofid-2021
cofid,17-841,"White sauce, sweet, made with semi-skimmed milk, homemade",en,,Recipe WCD,100,g,18.6,4,6.7,146,cofid-2021
cofid,17-842,"White sauce, sweet, made with skimmed milk, homemade",en,,Recipe WCD,100,g,18.7,4.1,5.3,134,cofid-2021
cofid,17-843,"White sauce, sweet, made with whole milk, homemade",en,,Recipe WCD,100,g,18.6,4,8.6,163,cofid-2021
cofid,17-844,"Barley water, diluted",en,,Calculated from 50g concentrate to 200ml water PCC,100,g,4.7,0.1,0,18,cofid-2021
cofid,17-845,"Blackcurrant juice drink/squash, diluted",en,,Calculated from 38g concentrate to 250ml water PCC,100,g,7.2,0,0,27,cofid-2021
cofid,17-846,"Fruit juice drink/squash, no sugar added, diluted",en,,Calculated from 50g concentrate to 200ml water PCC,100,g,0.3,0,0,1,cofid-2021
cofid,17-847,"Fruit juice drink/squash, diluted",en,,Calculated from 50g concentrate to 200ml water PCC,100,g,1.8,0,0,7,cofid-2021
cofid,17-848,"High juice drink, diluted",en,,Calculated from 50g concentrate to 200ml water PCC,100,g,8.5,0.1,0,32,cofid-2021
cofid,17-849,Pot savouries,en,,"6 samples including assorted flavours of noodles, rice and chilli SN",100,g,58.8,11.6,10.9,365,cofid-2021
cofid,17-850,"Soup, chicken noodle, dried",en,,"10 packets, 4 brands WAE",100,g,56,17.1,4.8,322,cofid-2021
cofid,17-851,"Apple sauce, homemade",en,,Recipe WC,100,g,20.2,0.3,0.2,79,cofid-2021
cofid,17-852,"Mincemeat, vegetarian, homemade",en,,Recipe S,100,g,43.8,1.7,9.5,306,cofid-2021
cofid,18-002,"Beef, lean, average, raw, extra trimmed",en,,Weighted average of 13 different cuts MAC,100,g,0,21.6,5.1,132,cofid-2021
cofid,18-003,"Beef, fat, average, raw",en,,"Average of 10 different cuts, trimmed of lean MAC",100,g,0,18.9,53.6,558,cofid-2021
cofid,18-004,"Beef, fat, average, raw, extra trimmed",en,,Weighted average of 13 different cuts MAC,100,g,0,6.8,72.2,677,cofid-2021
cofid,18-005,"Beef, fat, average, cooked",en,,Average of 8 different cuts MAC,100,g,0,15.5,52.3,533,cofid-2021
cofid,18-006,"Beef, braising steak, raw, lean",en,,10 samples MAC,100,g,0,21.8,5.7,139,cofid-2021
cofid,18-007,"Beef, braising steak, raw, lean and fat",en,,Calculated from 92% lean and 7% fat MAC,100,g,0,20.7,8.6,160,cofid-2021
cofid,18-008,"Beef, braising steak, braised, lean only",en,,10 samples MAC,100,g,0,34.4,9.7,225,cofid-2021
cofid,18-009,"Beef, braising steak, braised, lean and fat",en,,Calculated from 90% lean and 9% fat MAC,100,g,0,32.9,12.7,246,cofid-2021
cofid,18-010,"Beef, braising steak, slow cooked, lean",en,,10 samples MAC,100,g,0,31.4,7.9,197,cofid-2021
cofid,18-011,"Beef, braising steak, slow cooked, lean and fat",en,,Calculated from 88% lean and 10% fat MAC,100,g,0,29,11.2,217,cofid-2021
cofid,18-012,"Beef, brisket, raw, lean",en,,10 samples MAC,100,g,0,21.1,6.1,139,cofid-2021
cofid,18-013,"Beef, brisket, raw, lean and fat",en,,Calculated from 79% lean and 19% fat MAC,100,g,0,18.4,16,218,cofid-2021
cofid,18-014,"Beef, brisket, boiled, lean",en,,10 samples MAC,100,g,0,31.4,11,225,cofid-2021
cofid,18-015,"Beef, brisket, boiled, lean and fat",en,,Calculated from 82% lean and 15% fat MAC,100,g,0,27.8,17.4,268,cofid-2021
cofid,18-016,"Beef, fillet steak, raw, lean",en,,17 samples MAC,100,g,0,21.2,6.1,140,cofid-2021
cofid,18-017,"Beef, fillet steak, raw, lean and fat",en,,Calculated from 94% lean and 6% fat MAC,100,g,0,20.9,7.9,155,cofid-2021
cofid,18-018,"Beef, fillet steak, fried in corn oil, lean",en,,16 samples MAC,100,g,0,28.2,7.9,184,cofid-2021
cofid,18-019,"Beef, fillet steak, fried in corn oil, lean and fat",en,,Calculated from 96% lean and 4% fat MAC,100,g,0,28,8.9,192,cofid-2021
cofid,18-020,"Beef, fillet steak, grilled, lean",en,,20 samples MAC,100,g,0,29.1,8,188,cofid-2021
cofid,18-021,"Beef, fillet steak, grilled, lean and fat",en,,Calculated from 97% lean and 3% fat MAC,100,g,0,28.7,9.5,200,cofid-2021
cofid,18-022,"Beef, fillet steak, from steakhouse, lean",en,,7 samples MAC,100,g,0,28.7,7,178,cofid-2021
cofid,18-023,"Beef, fillet steak, from steakhouse, lean and fat",en,,"Calculated from 85% lean and 14% fat, including grilled and char-grilled MAC",100,g,0,28.5,7.8,184,cofid-2021
cofid,18-024,"Beef, flank, raw, lean",en,,6 samples MAC,100,g,0,22.7,9.3,175,cofid-2021
cofid,18-025,"Beef, flank, raw, lean and fat",en,,Calculated from 76% lean and 23% fat MAC,100,g,0,19.7,20.8,266,cofid-2021
cofid,18-026,"Beef, flank, pot-roasted, lean",en,,6 samples MAC,100,g,0,31.8,14,253,cofid-2021
cofid,18-027,"Beef, flank, pot-roasted, lean and fat",en,,Calculated from 76% lean and 21% fat MAC,100,g,0,27.1,22.3,309,cofid-2021
cofid,18-028,"Beef, fore-rib/rib-roast, raw, lean",en,,10 samples MAC,100,g,0,21.5,6.5,145,cofid-2021
cofid,18-029,"Beef, fore-rib/rib-roast, raw, lean and fat",en,,Calculated from 75% lean and 25% fat MAC,100,g,0,18.8,19.8,253,cofid-2021
cofid,18-030,"Beef, fore-rib/rib-roast, microwaved, lean",en,,10 samples MAC,100,g,0,35,11.4,243,cofid-2021
cofid,18-031,"Beef, fore-rib/rib-roast, microwaved, lean and fat",en,,Calculated from 78% lean and 22% fat MAC,100,g,0,30.4,20.5,306,cofid-2021
cofid,18-032,"Beef, fore-rib/rib-roast, microwaved, lean and fat, weighed with bone",en,,Calculated from 18-031 MAC,100,g,0,25.2,17,254,cofid-2021
cofid,18-033,"Beef, fore-rib/rib-roast, roasted, lean",en,,10 samples MAC,100,g,0,33.3,11.4,236,cofid-2021
cofid,18-034,"Beef, fore-rib/rib-roast, roasted, lean and fat",en,,Calculated from 78% lean and 22% fat MAC,100,g,0,29.1,20.4,300,cofid-2021
cofid,18-035,"Beef, fore-rib/rib-roast, roasted, lean and fat, weighed with bone",en,,Calculated from 18-034 MAC,100,g,0,24.4,17.1,252,cofid-2021
cofid,18-037,"Beef, mince, microwaved",en,,10 samples MAC,100,g,0,26.4,17.5,263,cofid-2021
cofid,18-039,"Beef, mince, frozen, stewed",en,,10 samples. Covered with 1/2 pt water per lb meat and simmered for 1 hour MAC,100,g,0,19.3,14.1,204,cofid-2021
cofid,18-042,"Beef, mince patties, barbecued",en,,10 samples MAC,100,g,0,29.6,16.2,264,cofid-2021
cofid,18-043,"Beef, rump steak, raw, lean",en,,10 samples MAC,100,g,0,22,4.1,125,cofid-2021
cofid,18-045,"Beef, rump steak, barbecued, lean",en,,10 samples MAC,100,g,0,31.2,5.7,176,cofid-2021
cofid,18-046,"Beef, rump steak, barbecued, lean and fat",en,,Calculated from 91% lean and 8% fat MAC,100,g,0,29.5,9.4,203,cofid-2021
cofid,18-050,"Beef, rump steak, from steakhouse, lean only",en,,10 samples MAC,100,g,0,29.8,4.7,162,cofid-2021
cofid,18-051,"Beef, rump steak, from steakhouse, lean and fat",en,,"Calculated from 85% lean and 14% fat, including grilled and char-grilled MAC",100,g,0,27.5,11.4,213,cofid-2021
cofid,18-052,"Beef, rump steak, strips, stir-fried in corn oil, lean",en,,10 samples MAC,100,g,0,32.3,8.8,208,cofid-2021
cofid,18-053,"Beef, rump steak, strips, stir-fried in corn oil, lean and fat",en,,Calculated from 86% lean and 13% fat MAC,100,g,0,29.7,14.4,248,cofid-2021
cofid,18-054,"Beef, silverside, raw, lean",en,,10 samples MAC,100,g,0,23.8,4.3,134,cofid-2021
cofid,18-055,"Beef, silverside, raw, lean and fat",en,,Calculated from 80% lean and 18% fat MAC,100,g,0,20.4,14.8,215,cofid-2021
cofid,18-056,"Beef, silverside, pot-roasted, lean",en,,10 samples MAC,100,g,0,34,6.3,193,cofid-2021
cofid,18-057,"Beef, silverside, pot-roasted, lean and fat",en,,Calculated from 85% lean and 14% fat MAC,100,g,0,31,13.7,247,cofid-2021
cofid,18-058,"Beef, silverside, salted, raw, lean",en,,Calculated from 80% lean and 19% fat MAC,100,g,0,19.2,7,140,cofid-2021
cofid,18-059,"Beef, silverside, salted, raw, lean and fat",en,,Calculated from 80% lean and 19% fat MAC,100,g,0,16.3,18,227,cofid-2021
cofid,18-060,"Beef, silverside, salted, boiled, lean",en,,Calculated from 88% lean and 11% fat. Not retail ready cooked MAC,100,g,0,30.4,6.9,184,cofid-2021
cofid,18-061,"Beef, silverside, salted, boiled, lean and fat",en,,Calculated from 88% lean and 11% fat MAC,100,g,0,27.9,12.5,224,cofid-2021
cofid,18-062,"Beef, sirloin joint, roasted, lean",en,,10 samples MAC,100,g,0,32.4,6.5,188,cofid-2021
cofid,18-063,"Beef, sirloin joint, roasted, lean and fat",en,,Calculated from 82% lean and 16% fat MAC,100,g,0,29.8,12.6,233,cofid-2021
cofid,18-064,"Beef, sirloin steak, raw, lean",en,,10 samples MAC,100,g,0,23.5,4.5,135,cofid-2021
cofid,18-065,"Beef, sirloin steak, raw, lean and fat",en,,Calculated from 80% lean and 18% fat MAC,100,g,0,21.6,12.7,201,cofid-2021
cofid,18-066,"Beef, sirloin steak, fried in corn oil, lean",en,,10 samples MAC,100,g,0,28.8,8.2,189,cofid-2021
cofid,18-067,"Beef, sirloin steak, fried in corn oil, lean and fat",en,,Calculated from 82% lean and 16% fat MAC,100,g,0,26.8,14,233,cofid-2021
cofid,18-068,"Beef, sirloin steak, grilled rare, lean",en,,10 samples MAC,100,g,0,26.4,6.7,166,cofid-2021
cofid,18-069,"Beef, sirloin steak, grilled rare, lean and fat",en,,Calculated from 83% lean and 16% fat MAC,100,g,0,25.1,12.8,216,cofid-2021
cofid,18-070,"Beef, sirloin steak, grilled medium-rare, lean",en,,19 samples MAC,100,g,0,26.6,7.7,176,cofid-2021
cofid,18-071,"Beef, sirloin steak, grilled medium-rare, lean and fat",en,,Calculated from 86% lean and 12% fat MAC,100,g,0,24.8,12.6,213,cofid-2021
cofid,18-072,"Beef, sirloin steak, grilled well-done, lean",en,,10 samples MAC,100,g,0,33.9,9.9,225,cofid-2021
cofid,18-073,"Beef, sirloin steak, grilled well-done, lean and fat",en,,Calculated from 86% lean and 13% fat MAC,100,g,0,31.8,14.4,257,cofid-2021
cofid,18-074,"Beef, sirloin steak, from steakhouse, lean",en,,"7 samples, including grilled and char-grilled MAC",100,g,0,31.5,5.1,172,cofid-2021
cofid,18-075,"Beef, sirloin steak, from steakhouse, lean and fat",en,,"Calculated from 85% lean and 14% fat, including grilled and char-grilled MAC",100,g,0,29.6,10.7,215,cofid-2021
cofid,18-076,"Beef, stewing steak, raw, lean",en,,10 samples MAC,100,g,0,22.6,3.5,122,cofid-2021
cofid,18-077,"Beef, stewing steak, raw, lean and fat",en,,Calculated from 90% lean and 9% fat MAC,100,g,0,22.1,6.4,146,cofid-2021
cofid,18-078,"Beef, stewing steak, pressure cooked, lean",en,,10 samples MAC,100,g,0,35.1,6.5,199,cofid-2021
cofid,18-079,"Beef, stewing steak, pressure cooked, lean and fat",en,,Calculated from 89% lean and 10% fat MAC,100,g,0,34,9,217,cofid-2021
cofid,18-080,"Beef, stewing steak, stewed, lean",en,,10 samples MAC,100,g,0,32,6.3,185,cofid-2021
cofid,18-081,"Beef, stewing steak, stewed, lean and fat",en,,Calculated from 84% lean and 14% fat MAC,100,g,0,29.2,9.6,203,cofid-2021
cofid,18-082,"Beef, stewing steak, frozen, stewed, lean",en,,10 samples MAC,100,g,0,29.7,8.5,195,cofid-2021
cofid,18-083,"Beef, stewing steak, frozen, stewed, lean and fat",en,,"Calculated from 85% lean and 13% fat. Meat browned in 1/2 oz of corn oil per 1b meat, covered with 1pt of water per lb, covered and cooked for 2 hours MAC",100,g,0,26.9,11.6,212,cofid-2021
cofid,18-084,"Beef, topside, raw, lean",en,,10 samples MAC,100,g,0,23,2.7,116,cofid-2021
cofid,18-085,"Beef, topside, raw, lean and fat",en,,Calculated from 84% lean and 15% fat MAC,100,g,0,20.4,12.9,198,cofid-2021
cofid,18-086,"Beef, topside, microwaved, lean",en,,10 samples MAC,100,g,0,35,4.6,181,cofid-2021
cofid,18-087,"Beef, topside, microwaved, lean and fat",en,,Calculated from 89% lean and 11% fat MAC,100,g,0,32.1,11.1,228,cofid-2021
cofid,18-088,"Beef, topside, roasted medium-rare, lean",en,,10 samples MAC,100,g,0,32.2,5.1,175,cofid-2021
cofid,18-089,"Beef, topside, roasted medium-rare, lean and fat",en,,Calculated from 87% lean and 12% fat MAC,100,g,0,29.9,11.4,222,cofid-2021
cofid,18-090,"Beef, topside, roasted well-done, lean",en,,10 samples MAC,100,g,0,36.2,6.3,202,cofid-2021
cofid,18-091,"Beef, topside, roasted well-done, lean and fat",en,,Calculated from 88% lean and 11% fat MAC,100,g,0,32.8,12.5,244,cofid-2021
cofid,18-094,"Veal, mince, raw",en,,5 samples MAI,100,g,0,20.3,7,144,cofid-2021
cofid,18-095,"Veal, mince, stewed",en,,5 samples MAI,100,g,0,26.3,11.1,205,cofid-2021
cofid,18-097,"Lamb, lean only, raw, average, extra trimmed",en,,Weighted average of 7 different cuts MAE,100,g,0,20,7.5,148,cofid-2021
cofid,18-098,"Lamb, fat, average, raw",en,,"Average of 8 different cuts, trimmed of lean MAE",100,g,0,13.3,51.6,518,cofid-2021
cofid,18-099,"Lamb, fat, raw, average, extra trimmed",en,,Weighted average of 7 different cuts MAE,100,g,0,6.5,77.2,721,cofid-2021
cofid,18-100,"Lamb, fat, average, cooked",en,,"Average of 8 different cuts, trimmed of lean MAE",100,g,0,15.4,56.3,568,cofid-2021
cofid,18-101,"Lamb, best end neck cutlets, raw, lean and fat",en,,Calculated from 66% lean and 34% fat MAE,100,g,0,16.3,27.9,316,cofid-2021
cofid,18-102,"Lamb, best end neck cutlets, raw, lean and fat, weighed with bone",en,,Calculated from 18-101 MAE,100,g,0,11.9,20.4,231,cofid-2021
cofid,18-103,"Lamb, best end neck cutlets, barbecued, lean",en,,10 samples MAE,100,g,0,27.7,13.9,236,cofid-2021
cofid,18-104,"Lamb, best end neck cutlets, barbecued, lean, weighed with fat and bone",en,,Calculated from 18-103 MAE,100,g,0,14.1,7.1,120,cofid-2021
cofid,18-105,"Lamb, best end neck cutlets, barbecued, lean and fat",en,,Calculated from 73% lean and 27% fat MAE,100,g,0,24.3,27.2,342,cofid-2021
cofid,18-106,"Lamb, best end neck cutlets, barbecued, lean and fat, weighed with bone",en,,Calculated from 18-105 MAE,100,g,0,17.5,19.6,246,cofid-2021
cofid,18-107,"Lamb, best end neck cutlets, grilled, lean",en,,33 samples MAE,100,g,0,28.5,13.8,238,cofid-2021
cofid,18-108,"Lamb, best end neck cutlets, grilled, lean, weighed with fat and bone",en,,Calculated from 18-107 MAE,100,g,0,13.7,6.6,114,cofid-2021
cofid,18-109,"Lamb, best end neck cutlets, grilled, lean and fat",en,,Calculated from 68% lean and 32% fat MAE,100,g,0,24.5,29.9,367,cofid-2021
cofid,18-110,"Lamb, best end neck cutlets, grilled, lean and fat, weighed with bone",en,,Calculated from 18-109 MAE,100,g,0,17.6,21,259,cofid-2021
cofid,18-111,"Lamb, breast, raw, lean",en,,10 samples MAE,100,g,0,19.6,11.2,179,cofid-2021
cofid,18-112,"Lamb, breast, raw, lean and fat",en,,Calculated from 66% lean and 33% fat MAE,100,g,0,16.2,24.7,287,cofid-2021
cofid,18-113,"Lamb, breast, roasted, lean",en,,10 samples MAE,100,g,0,26.7,18.5,273,cofid-2021
cofid,18-114,"Lamb, breast, roasted, lean and fat",en,,Calculated from 62% lean and 36% fat MAE,100,g,0,22.4,29.9,359,cofid-2021
cofid,18-115,"Lamb, chump chops, raw, lean and fat",en,,Calculated from 77% lean and 23% fat MAE,100,g,0,18.3,18.8,242,cofid-2021
cofid,18-116,"Lamb, chump chops, raw, lean and fat, weighed with bone",en,,Calculated from 18-115 MAE,100,g,0,15.9,16.4,211,cofid-2021
cofid,18-117,"Lamb, chump chops, fried, lean",en,,35 samples of a mixture of chops and steaks MAE,100,g,0,28.1,11.2,213,cofid-2021
cofid,18-118,"Lamb, chump chops, fried, lean, weighed with fat and bone",en,,Calculated from 18-117 MAE,100,g,0,17.7,7.1,135,cofid-2021
cofid,18-119,"Lamb, chump chops, fried, lean and fat",en,,Calculated from 76% lean and 24% fat MAE,100,g,0,24.7,23.2,308,cofid-2021
cofid,18-120,"Lamb, chump chops, fried, lean and fat, weighed with bone",en,,Calculated from 18-119 MAE,100,g,0,20.5,19.3,256,cofid-2021
cofid,18-121,"Lamb, chump steaks, raw, lean and fat",en,,Calculated from 79% lean and 19% fat MAE,100,g,0,18.6,16.4,222,cofid-2021
cofid,18-122,"Lamb, chump steaks, fried, lean and fat",en,,Calculated from 80% lean and 19% fat MAE,100,g,0,24.8,20.4,283,cofid-2021
cofid,18-124,"Lamb, leg chops, grilled, lean and fat",en,,Calculated from 91% lean and 9% fat MAE,100,g,0,28.3,12,221,cofid-2021
cofid,18-125,"Lamb, leg chops, grilled, lean and fat, weighed with bone",en,,Calculated from 18-124 MAE,100,g,0,23.8,10.1,186,cofid-2021
cofid,18-126,"Lamb, leg, half fillet, braised, lean",en,,10 samples MAE,100,g,0,27.3,10.5,204,cofid-2021
cofid,18-127,"Lamb, leg, half fillet, braised, lean and fat",en,,Calculated from 84% lean and 16% fat MAE,100,g,0,25.6,17.1,256,cofid-2021
cofid,18-128,"Lamb, leg, half knuckle, pot-roasted, lean",en,,10 samples MAE,100,g,0,29.4,9.3,201,cofid-2021
cofid,18-129,"Lamb, leg, half knuckle, pot-roasted, lean and fat",en,,Calculated from 89% lean and 11% fat MAE,100,g,0,28.1,13.8,237,cofid-2021
cofid,18-130,"Lamb, leg, half knuckle, pot-roasted, lean and fat, weighed with bone",en,,Calculated from 18-129 MAE,100,g,0,20.5,10.1,173,cofid-2021
cofid,18-131,"Lamb, leg joint, roasted, lean",en,,10 samples; boneless MAE,100,g,0,30.8,9.6,210,cofid-2021
cofid,18-132,"Lamb, leg joint, roasted, lean and fat",en,,Calculated from 90% lean and 8% fat MAE,100,g,0,29.7,13,236,cofid-2021
cofid,18-133,"Lamb, leg steaks, grilled, lean",en,,29 samples MAE,100,g,0,29.2,9,198,cofid-2021
cofid,18-134,"Lamb, leg steaks, grilled, lean and fat",en,,Calculated from 94% lean and 6% fat MAE,100,g,0,28,13.2,231,cofid-2021
cofid,18-137,"Lamb, leg, whole, roasted well done, lean",en,,10 samples MAE,100,g,0,31.3,9.2,208,cofid-2021
cofid,18-138,"Lamb, leg, whole, roasted well done, lean and fat",en,,Calculated from 89% lean and 11% fat MAE,100,g,0,29.8,13.6,242,cofid-2021
cofid,18-141,"Lamb, loin chops, grilled, lean",en,,33 samples MAE,100,g,0,29.2,10.7,213,cofid-2021
cofid,18-142,"Lamb, loin chops, grilled, lean, weighed with fat and bone",en,,Calculated from 18-141 MAE,100,g,0,17.8,6.5,130,cofid-2021
cofid,18-145,"Lamb, loin chops, microwaved, lean",en,,10 samples MAE,100,g,0,32.4,12.5,242,cofid-2021
cofid,18-146,"Lamb, loin chops, microwaved, lean, weighed with fat and bone",en,,Calculated from 18-145 MAE,100,g,0,18.8,7.3,141,cofid-2021
cofid,18-147,"Lamb, loin chops, microwaved, lean and fat",en,,Calculated from 72% lean and 28% fat MAE,100,g,0,27.5,26.9,352,cofid-2021
cofid,18-148,"Lamb, loin chops, microwaved, lean and fat, weighed with bone",en,,Calculated from 18-147 MAE,100,g,0,22.5,22.1,289,cofid-2021
cofid,18-149,"Lamb, loin chops, roasted, lean",en,,35 samples MAE,100,g,0,34.4,13.3,257,cofid-2021
cofid,18-150,"Lamb, loin chops, roasted, lean, weighed with fat and bone",en,,Calculated from 18-149 MAE,100,g,0,19.3,7.4,144,cofid-2021
cofid,18-151,"Lamb, loin chops, roasted, lean and fat",en,,Calculated from 73% lean and 27% fat MAE,100,g,0,29.1,26.9,359,cofid-2021
cofid,18-152,"Lamb, loin chops, roasted, lean and fat, weighed with bone",en,,Calculated from 18-151 MAE,100,g,0,22.4,20.7,316,cofid-2021
cofid,18-153,"Lamb, loin joint, raw, lean and fat",en,,Calculated from 66% lean and 34% fat MAE,100,g,0,16.9,26.6,307,cofid-2021
cofid,18-154,"Lamb, loin joint, raw, lean and fat, weighed with bone",en,,Calculated from 18-153 MAE,100,g,0,13,20.5,236,cofid-2021
cofid,18-155,"Lamb, loin joint, roasted, lean",en,,10 samples MAE,100,g,0,28.2,10.7,209,cofid-2021
cofid,18-156,"Lamb, loin joint, roasted, lean and fat",en,,Calculated from 78% lean and 22% fat MAE,100,g,0,25.3,22.4,303,cofid-2021
cofid,18-157,"Lamb, loin joint, roasted, lean and fat, weighed with bone",en,,Calculated from 18-156 MAE,100,g,0,18.7,16.6,224,cofid-2021
cofid,18-159,"Lamb, mince, stewed",en,,10 samples MAE,100,g,0,24.4,12.3,208,cofid-2021
cofid,18-160,"Lamb, neck fillet, raw, lean",en,,10 samples MAE,100,g,0,19.4,13.9,203,cofid-2021
cofid,18-161,"Lamb, neck fillet, raw, lean and fat",en,,Calculated from 87% lean and 12% fat MAE,100,g,0,18.4,17.6,232,cofid-2021
cofid,18-162,"Lamb, neck fillet, slices, grilled, lean",en,,10 samples MAE,100,g,0,27.9,19.1,284,cofid-2021
cofid,18-163,"Lamb, neck fillet, slices, grilled, lean and fat",en,,Calculated from 89% lean and 9% fat MAE,100,g,0,26.3,21.9,302,cofid-2021
cofid,18-164,"Lamb, neck fillet, strips, stir-fried  in corn oil, lean",en,,10 samples MAE,100,g,0,24.4,20,278,cofid-2021
cofid,18-165,"Lamb, neck fillet, strips, stir-fried in corn oil, lean and fat",en,,Calculated from 84% lean and 14% fat MAE,100,g,0,23.2,23.1,301,cofid-2021
cofid,18-166,"Lamb, rack of, raw, lean and fat",en,,Calculated from 69% lean and 31% fat MAE,100,g,0,17.3,23.8,283,cofid-2021
cofid,18-167,"Lamb, rack of, raw, lean and fat, weighed with bone",en,,Calculated from 18-166 MAE,100,g,0,12.5,17.1,204,cofid-2021
cofid,18-168,"Lamb, rack of, lean, roasted",en,,10 samples MAE,100,g,0,27.1,13,225,cofid-2021
cofid,18-169,"Lamb, rack of, roasted, lean and fat",en,,Calculated from 66% lean and 34% fat MAE,100,g,0,23,30.1,363,cofid-2021
cofid,18-170,"Lamb, shoulder, raw, lean and fat",en,,Calculated from 76% lean and 24% fat MAE,100,g,0,17.6,18.3,235,cofid-2021
cofid,18-171,"Lamb, shoulder, raw, lean and fat, weighed with bone",en,,Calculated from 18-170 MAE,100,g,0,14.1,14.6,188,cofid-2021
cofid,18-172,"Lamb, shoulder, diced, kebabs, grilled, lean and fat",en,,Calculated from 85% lean and 15% fat MAE,100,g,0,28.5,19.3,288,cofid-2021
cofid,18-173,"Lamb, shoulder, half bladeside, pot-roasted, lean",en,,10 samples MAE,100,g,0,26.2,14.3,234,cofid-2021
cofid,18-174,"Lamb, shoulder, half bladeside, pot-roasted, lean and fat",en,,Calculated from 72% lean and 28% fat MAE,100,g,0,23.5,25.6,324,cofid-2021
cofid,18-175,"Lamb, shoulder, half knuckle, braised, lean",en,,10 samples MAE,100,g,0,25.1,12.4,212,cofid-2021
cofid,18-176,"Lamb, shoulder, half knuckle, braised, lean and fat",en,,Calculated from 74% lean and 26% fat MAE,100,g,0,22.9,23.4,302,cofid-2021
cofid,18-177,"Lamb, shoulder joint, roasted, lean",en,,10 samples MAE,100,g,0,28.4,13.5,235,cofid-2021
cofid,18-178,"Lamb, shoulder joint, roasted, lean and fat",en,,Calculated from 82% lean and 16% fat MAE,100,g,0,25.9,19.8,282,cofid-2021
cofid,18-179,"Lamb, shoulder, whole, roasted, lean",en,,10 samples MAE,100,g,0,27.2,12.1,218,cofid-2021
cofid,18-180,"Lamb, shoulder, whole, roasted, lean and fat",en,,Calculated from 78% lean and 22% fat MAE,100,g,0,24.7,22.1,298,cofid-2021
cofid,18-181,"Lamb, shoulder, whole, roasted, lean and fat, weighed with bone",en,,Calculated from 18-180 MAE,100,g,0,19.5,17.5,235,cofid-2021
cofid,18-182,"Lamb, stewing, raw, lean and fat",en,,Calculated from 80% lean and 20% fat MAE,100,g,0,22.5,12.6,203,cofid-2021
cofid,18-183,"Lamb, stewing, raw, lean and fat, weighed with bone",en,,Calculated from 18-182 MAE,100,g,0,15.1,8.4,136,cofid-2021
cofid,18-184,"Lamb, stewing, pressure cooked, lean",en,,10 samples MAE,100,g,0,28.7,14.8,248,cofid-2021
cofid,18-185,"Lamb, stewing, pressure cooked, lean and fat",en,,Calculated from 82% lean and 18% fat MAE,100,g,0,25.7,20.9,291,cofid-2021
cofid,18-186,"Lamb, stewing, stewed, lean",en,,10 samples MAE,100,g,0,26.6,14.8,240,cofid-2021
cofid,18-187,"Lamb, stewing, stewed, lean and fat",en,,Calculated from 85% lean and 15% fat MAE,100,g,0,24.4,20.1,279,cofid-2021
cofid,18-188,"Lamb, New Zealand, leg, whole, chilled, roasted, lean",en,,7 samples MAE,100,g,0,28.8,10.2,207,cofid-2021
cofid,18-189,"Lamb, New Zealand, leg, whole, chilled, roasted, lean and fat",en,,Calculated from 92% lean and 8% fat MAE,100,g,0,28,13.1,230,cofid-2021
cofid,18-190,"Lamb, New Zealand, leg, whole, frozen, raw, lean and fat, weighed with bone",en,,Calculated from 64% lean and 12% fat MAE,100,g,0,15,11.1,160,cofid-2021
cofid,18-191,"Lamb, New Zealand, leg, whole, frozen, roasted, lean",en,,10 samples MAE,100,g,0,30.6,9.3,206,cofid-2021
cofid,18-192,"Lamb, New Zealand, leg, whole, frozen, roasted, lean and fat",en,,Calculated from 89% lean and 11% fat MAE,100,g,0,29,14.1,243,cofid-2021
cofid,18-193,"Lamb, New Zealand, leg, whole, frozen, roasted, lean and fat, weighed with bone",en,,Calculated from 18-192 MAE,100,g,0,21.2,10.3,178,cofid-2021
cofid,18-194,"Lamb, New Zealand, loin chops, frozen, grilled, lean",en,,44 samples MAE,100,g,0,31.4,13.7,249,cofid-2021
cofid,18-195,"Lamb, New Zealand, loin chops, frozen, grilled, lean, weighed with fat and bone",en,,Calculated from 18-194 MAE,100,g,0,18.5,8.1,147,cofid-2021
cofid,18-196,"Lamb, New Zealand, loin chops, frozen, grilled, lean and fat",en,,Calculated from 75% lean and 25% fat MAE,100,g,0,26.9,28.5,364,cofid-2021
cofid,18-197,"Lamb, New Zealand, loin chops, frozen, grilled, lean and fat, weighed with bone",en,,Calculated from 18-196 MAE,100,g,0,21.2,22.5,287,cofid-2021
cofid,18-198,"Lamb, New Zealand, mince, frozen, stewed",en,,8 samples MAE,100,g,0,20.9,17.7,243,cofid-2021
cofid,18-199,"Lamb, New Zealand, shoulder, whole, frozen, roasted, lean",en,,9 samples MAE,100,g,0,27.6,15.6,251,cofid-2021
cofid,18-200,"Lamb, New Zealand, shoulder, whole, frozen, roasted, lean and fat",en,,Calculated from 75% lean and 25% fat MAE,100,g,0,24.6,27.9,350,cofid-2021
cofid,18-216,"Pork, crackling, cooked",en,,"From various cuts of pork, grilled and roasted MAG",100,g,0,36.2,45,550,cofid-2021
cofid,18-289,"Chicken, dark meat, raw",en,,"31 samples, fresh and frozen MCA",100,g,0,20.9,2.8,109,cofid-2021
cofid,18-290,"Chicken, light meat, raw",en,,"31 samples, fresh and frozen MCA",100,g,0,24,1.1,106,cofid-2021
cofid,18-292,"Chicken, skin, raw",en,,25 samples MCA,100,g,0,9.7,48.3,474,cofid-2021
cofid,18-293,"Chicken, leg quarter, raw, meat and skin",en,,Calculated from 77% dark meat and 23% skin MCA,100,g,0,18.3,13.3,193,cofid-2021
cofid,18-294,"Chicken, leg quarter, raw, meat and skin, weighed with bone",en,,Calculated from 18-293 MCA,100,g,0,12.6,9.2,133,cofid-2021
cofid,18-295,"Chicken, wing quarter, raw, meat and skin",en,,"Calculated from 65% light meat, 11% dark meat and 24% skin MCA",100,g,0,20.3,12.4,193,cofid-2021
cofid,18-296,"Chicken, wing quarter, raw, meat and skin, weighed with bone",en,,Calculated from 18-295 MCA,100,g,0,13.4,8.2,127,cofid-2021
cofid,18-297,"Chicken, whole, raw, meat and skin",en,,"Calculated from 33% light meat, 42% dark meat and 25% skin MCA",100,g,0,19.1,13.8,201,cofid-2021
cofid,18-298,"Chicken, whole, raw, meat and skin, weighed with bone",en,,Calculated from 18-297 MCA,100,g,0,12.4,9,131,cofid-2021
cofid,18-299,"Chicken, corn-fed, raw, dark meat only",en,,6 samples MCA,100,g,0,19.5,7.2,143,cofid-2021
cofid,18-300,"Chicken, corn-fed, raw, light meat only",en,,6 samples MCA,100,g,0,23,2.8,118,cofid-2021
cofid,18-301,"Chicken, corn-fed, raw, meat only",en,,Calculated from 54% light meat and 46% dark meat MCA,100,g,0,21.4,4.8,129,cofid-2021
cofid,18-302,"Chicken, corn-fed, raw, skin only",en,,6 samples MCA,100,g,0,10.1,52.7,514,cofid-2021
cofid,18-303,"Chicken, whole, corn-fed, raw, meat and skin",en,,"Calculated from 42% light meat, 35% dark meat and 23% skin MCA",100,g,0,18.8,15.9,218,cofid-2021
cofid,18-304,"Chicken, whole, corn-fed, raw, meat and skin, weighed with bone",en,,Calculated from 18-303 MCA,100,g,0,12.2,10.3,142,cofid-2021
cofid,18-305,"Poussin, raw, meat and skin",en,,"Calculated from 34% light meat, 40% dark meat and 26% skin MCA",100,g,0,19.1,13.9,202,cofid-2021
cofid,18-306,"Poussin, raw, meat and skin, weighed with bone",en,,Calculated from 18-305 MCA,100,g,0,11.1,8.1,117,cofid-2021
cofid,18-307,"Chicken, breast, casseroled, meat only",en,,Calculated from light meat from fresh and frozen chicken MCA,100,g,0,28.4,5.2,160,cofid-2021
cofid,18-308,"Chicken, breast, casseroled, meat and skin",en,,Calculated from 90% light meat and 10% skin from fresh and frozen chicken MCA,100,g,0,26.9,8.5,184,cofid-2021
cofid,18-309,"Chicken, breast, casseroled, meat and skin, weighed with bone",en,,Calculated from 18-308 MCA,100,g,0,24.2,7.6,165,cofid-2021
cofid,18-310,"Chicken, drumsticks, casseroled, meat only",en,,Calculated from dark meat MCA,100,g,0,24.3,9.7,185,cofid-2021
cofid,18-311,"Chicken, drumsticks, casseroled, meat and skin",en,,"Calculated from 85% dark meat and 15% skin, fresh and frozen MCA",100,g,0,22.3,14.2,217,cofid-2021
cofid,18-312,"Chicken, drumsticks, casseroled, meat and skin, weighed with bone",en,,Calculated from 18-311 MCA,100,g,0,14.5,9.2,141,cofid-2021
cofid,18-313,"Chicken, leg quarter, casseroled, meat only",en,,Calculated from 25% light meat and 75% dark meat from fresh and frozen chicken MCA,100,g,0,25,8.4,176,cofid-2021
cofid,18-314,"Chicken, leg quarter, casseroled, meat and skin",en,,"Calculated from 21% light meat, 62% dark meat and 17% skin from fresh and frozen chicken MCA",100,g,0,22.9,13.9,217,cofid-2021
cofid,18-315,"Chicken, leg quarter, casseroled, meat and skin, weighed with bone",en,,Calculated from 18-314 MCA,100,g,0,14.4,8.8,137,cofid-2021
cofid,18-316,"Chicken, skin, casseroled",en,,20 samples MCA,100,g,0,13.4,39.3,407,cofid-2021
cofid,18-317,"Chicken, thighs, casseroled, meat and skin",en,,Calculated from 77% dark meat and 23% skin from fresh and frozen chicken MCA,100,g,0,21.5,16.3,233,cofid-2021
cofid,18-318,"Chicken, thighs, casseroled, meat and skin, weighed with bone",en,,Calculated from 18-317 MCA,100,g,0,17.8,13.5,193,cofid-2021
cofid,18-319,"Chicken, thighs, casseroled, meat only, diced",en,,10 samples of skinless thighs MCA,100,g,0,25.6,8.6,180,cofid-2021
cofid,18-320,"Chicken, wing quarter, casseroled, meat only",en,,Calculated from 74% light meat and 26% dark meat from fresh and frozen chicken MCA,100,g,0,26.9,6.3,164,cofid-2021
cofid,18-321,"Chicken, wing quarter, casseroled, meat and skin",en,,"Calculated from 60% light meat, 21% dark meat and 19% skin MCA",100,g,0,24.4,12.5,210,cofid-2021
cofid,18-322,"Chicken, wing quarter, casseroled, meat and skin, weighed with bone",en,,Calculated from 18-321 MCA,100,g,0,16.3,8.4,141,cofid-2021
cofid,18-323,"Chicken, breast, grilled without skin, meat only",en,,10 samples MCA,100,g,0,32,2.2,148,cofid-2021
cofid,18-324,"Chicken, breast, grilled with skin, meat only",en,,17 samples MCA,100,g,0,29.8,3.1,147,cofid-2021
cofid,18-325,"Chicken, breast, grilled, meat and skin",en,,Calculated from 92% light meat and 8% skin from fresh and frozen chicken MCA,100,g,0,28.9,6.4,173,cofid-2021
cofid,18-326,"Chicken, breast, strips, stir-fried in corn oil",en,,"10 samples, skinless MCA",100,g,0,29.7,4.6,161,cofid-2021
cofid,18-327,"Chicken, portions, not coated, deep-fried, meat and skin",en,,"10 samples of wing quarters, leg quarters and chicken halves from fish and chip shops MCA",100,g,0,26.9,16.8,259,cofid-2021
cofid,18-328,"Chicken, portions, not coated, deep-fried, meat and skin, weighed with bone",en,,Calculated from 18-327 MCA,100,g,0,18.6,11.6,179,cofid-2021
cofid,18-329,"Chicken, dark meat, roasted",en,,"19 samples, fresh and frozen MCA",100,g,0,24.4,10.9,196,cofid-2021
cofid,18-330,"Chicken, light meat, roasted",en,,"19 samples, fresh and frozen MCA",100,g,0,30.2,3.6,153,cofid-2021
cofid,18-331,"Chicken, meat, average, roasted",en,,Calculated from 46% light meat and 54% dark meat from fresh and frozen chicken MCA,100,g,0,27.3,7.5,177,cofid-2021
cofid,18-332,"Chicken, skin, roasted/grilled, dry",en,,"34 samples, crisp skin MCA",100,g,0,21.5,46.1,501,cofid-2021
cofid,18-333,"Chicken, skin, roasted/grilled, moist",en,,32 samples MCA,100,g,0,17,42.6,452,cofid-2021
cofid,18-334,"Chicken, drumsticks, roasted, meat only",en,,20 samples of a mixture of fresh and frozen drumsticks MCA,100,g,0,26.6,5.1,152,cofid-2021
cofid,18-335,"Chicken, drumsticks, roasted, meat and skin",en,,"Calculated from 89% dark meat and 11% skin, fresh and frozen MCA",100,g,0,25.8,9.1,185,cofid-2021
cofid,18-336,"Chicken, drumsticks, roasted, meat and skin, weighed with bone",en,,Calculated from 18-335 MCA,100,g,0,16.2,5.7,116,cofid-2021
cofid,18-337,"Chicken, leg quarter, roasted, meat and skin",en,,20 samples MCA,100,g,0,20.9,16.9,236,cofid-2021
cofid,18-338,"Chicken, leg quarter, roasted, meat and skin, weighed with bone",en,,Calculated from 18-337 MCA,100,g,0,10.7,8.6,120,cofid-2021
cofid,18-339,"Chicken, wing quarter, roasted, meat and skin",en,,20 samples MCA,100,g,0,24.8,14.1,226,cofid-2021
cofid,18-340,"Chicken, wing quarter, roasted, meat and skin, weighed with bone",en,,Calculated from 18-339 MCA,100,g,0,13.1,7.5,120,cofid-2021
cofid,18-341,"Chicken, whole, roasted, meat and skin",en,,"Calculated from 40% light meat, 47% dark meat and 13% skin from fresh and frozen chicken MCA",100,g,0,26.3,12.5,218,cofid-2021
cofid,18-342,"Chicken, whole, roasted, meat and skin, weighed with bone",en,,Calculated from 18-341 MCA,100,g,0,16.6,7.9,138,cofid-2021
cofid,18-343,"Chicken, corn-fed, roasted, dark meat only",en,,6 samples MCA,100,g,0,24,9.8,185,cofid-2021
cofid,18-344,"Chicken, corn-fed, roasted, light meat only",en,,6 samples MCA,100,g,0,25.8,4.2,141,cofid-2021
cofid,18-345,"Chicken, corn-fed, roasted, meat only",en,,Calculated from 48% light meat and 52% dark meat MCA,100,g,0,24.9,7.2,164,cofid-2021
cofid,18-346,"Chicken, whole, corn-fed, roasted, meat and skin",en,,"Calculated from 40% light meat, 43% dark meat and 17% skin MCA",100,g,0,24,13.2,215,cofid-2021
cofid,18-347,"Chicken, whole, corn-fed, roasted, meat and skin, weighed with bone",en,,Calculated from 18-346 MCA,100,g,0,14.4,7.9,129,cofid-2021
cofid,18-348,"Turkey, dark meat, raw",en,,20 samples MCO,100,g,0,20.4,2.5,104,cofid-2021
cofid,18-349,"Turkey, light meat, raw",en,,20 samples MCO,100,g,0,24.4,0.8,105,cofid-2021
cofid,18-350,"Turkey, meat, average, raw",en,,Calculated from 56% light meat and 44% dark meat MCO,100,g,0,22.6,1.6,105,cofid-2021
cofid,18-351,"Turkey, skin, raw",en,,21 samples MCO,100,g,0,14,30.7,332,cofid-2021
cofid,18-352,"Turkey, whole, raw",en,,"Calculated from 49% light meat, 39% dark meat and 13% skin MCO",100,g,0,21.6,5.2,133,cofid-2021
cofid,18-353,"Turkey, whole, raw, weighed with bone",en,,Calculated from 18-352 MCO,100,g,0,15.1,3.6,93,cofid-2021
cofid,18-354,"Turkey, mince, stewed",en,,5 samples MCO,100,g,0,28.6,6.8,176,cofid-2021
cofid,18-355,"Turkey, thighs, diced, casseroled, meat only",en,,8 samples; skinless MCO,100,g,0,28.3,7.5,181,cofid-2021
cofid,18-356,"Turkey, breast, fillet, grilled, meat only",en,,9 samples; skinless MCO,100,g,0,35,1.7,155,cofid-2021
cofid,18-357,"Turkey, strips, stir-fried in corn oil",en,,8 samples; skinless MCO,100,g,0,31,4.5,164,cofid-2021
cofid,18-358,"Turkey, dark meat, roasted",en,,27 samples including self-basting turkey MCO,100,g,0,29.4,6.6,177,cofid-2021
cofid,18-359,"Turkey, light meat, roasted",en,,18 samples MCO,100,g,0,33.7,2,153,cofid-2021
cofid,18-360,"Turkey, self-basting, light meat, roasted",en,,9 samples MCO,100,g,0,31.7,4,163,cofid-2021
cofid,18-361,"Turkey, meat, average, roasted",en,,"Calculated from 51% light meat and 49% dark meat, fresh and frozen, including self-basting turkey MCO",100,g,0,31.2,4.6,166,cofid-2021
cofid,18-362,"Turkey, skin, dry, roasted",en,,10 samples MCO,100,g,0,29.9,40.2,481,cofid-2021
cofid,18-363,"Turkey, skin, moist, roasted",en,,18 samples MCO,100,g,0,21.6,31.7,372,cofid-2021
cofid,18-364,"Turkey, drumsticks, roasted, meat only",en,,9 samples MCO,100,g,0,27.5,5.8,162,cofid-2021
cofid,18-365,"Turkey, drumsticks, roasted, meat and skin",en,,Calculated from 92% dark meat and 8% skin MCO,100,g,0,27.4,8.5,186,cofid-2021
cofid,18-366,"Turkey, drumsticks, roasted, meat and skin, weighed with bone",en,,Calculated from 18-365 MCO,100,g,0,19.7,6.1,134,cofid-2021
cofid,18-367,"Turkey, whole, roasted, meat and skin",en,,"Calculated from 47% light meat, 45% dark meat and 8% skin from fresh, frozen and self-basting turkey MCO",100,g,0,30.9,7.4,190,cofid-2021
cofid,18-368,"Turkey, whole, roasted, meat and skin, weighed with bone",en,,Calculated from 18-367 MCO,100,g,0,20.1,4.8,124,cofid-2021
cofid,18-371,"Duck, raw, meat, fat and skin",en,,"10 samples; meat, fat and skin = 0.57 of dressed carcase MCC",100,g,0,13.1,37.3,388,cofid-2021
cofid,18-372,"Duck, roasted, meat only",en,,10 samples from dressed carcase MCC,100,g,0,25.3,10.4,195,cofid-2021
cofid,18-373,"Duck, roasted, meat only, weighed with fat, skin and bone",en,,Calculated from 18-372 MCC,100,g,0,5.3,2.2,41,cofid-2021
cofid,18-374,"Duck, roasted, meat, fat and skin",en,,"20 samples; meat, fat and skin = 0.42 of dressed carcase MCC",100,g,0,20,38.1,423,cofid-2021
cofid,18-375,"Goose, meat, raw, fat and skin",en,,"5 samples; meat, fat and skin = 0.66 of dressed carcase MCE",100,g,0,16.5,32.8,361,cofid-2021
cofid,18-376,"Goose, meat, roasted, fat and skin",en,,"5 samples; meat, fat and skin = 0.65 of dressed carcase MCE",100,g,0,27.5,21.2,301,cofid-2021
cofid,18-377,"Grouse, meat only, roasted",en,,"10 samples, meat from dressed carcase MCG",100,g,0,27.6,2,128,cofid-2021
cofid,18-378,"Grouse, meat only, roasted, weighed with bone",en,,"Calculated from roast, meat only 18-377 MCG",100,g,0,12.7,0.9,59,cofid-2021
cofid,18-379,"Hare, meat only, stewed",en,,Meat from dressed carcase MEA,100,g,0,29.9,8,192,cofid-2021
cofid,18-380,"Hare, meat only, stewed, weighed with bone",en,,Calculated from 18-379 MEA,100,g,0,21.8,5.8,139,cofid-2021
cofid,18-381,"Partridge, meat only, roasted",en,,Meat from dressed carcase MCI,100,g,0,36.7,7.2,212,cofid-2021
cofid,18-382,"Partridge, meat only, roasted, weighed with bone",en,,"Calculated from roast, meat only 18-381 MCI",100,g,0,22,4.3,127,cofid-2021
cofid,18-383,"Pheasant, meat only, roasted",en,,10 samples from dressed carcase MCK,100,g,0,27.9,12,220,cofid-2021
cofid,18-384,"Pheasant, meat only, roasted, weighed with bone",en,,Calculated from 18-383 MCK,100,g,0,14.5,6.2,114,cofid-2021
cofid,18-385,"Pigeon, meat only, roasted",en,,"10 samples, meat from dressed carcase MCM",100,g,0,29,7.9,187,cofid-2021
cofid,18-386,"Pigeon, meat only, roasted, weighed with bone",en,,Calculated from 18-385 MCM,100,g,0,13.6,3.7,88,cofid-2021
cofid,18-387,"Rabbit, raw, meat only",en,,10 samples from leg and loin MEC,100,g,0,21.9,5.5,137,cofid-2021
cofid,18-388,"Rabbit, stewed, meat only",en,,"30 samples of a mixture of fresh, wild, farmed and frozen imported MEC",100,g,0,21.2,3.2,114,cofid-2021
cofid,18-389,"Rabbit, stewed, meat only, weighed with bone",en,,Calculated from 18-388 MEC,100,g,0,12.7,1.9,68,cofid-2021
cofid,18-390,"Venison, meat only, raw",en,,Haunch MEE,100,g,0,22.2,1.6,103,cofid-2021
cofid,18-392,"Brain, lamb, boiled",en,,11 samples MG,100,g,0,11.6,8.8,126,cofid-2021
cofid,18-393,"Giblets, chicken, raw",en,,"Mixed sample including heart, liver and gizzard MG",100,g,0,17.1,8.2,142,cofid-2021
cofid,18-394,"Giblets, chicken, boiled",en,,"Mixed sample including heart, liver and gizzard MG",100,g,0,22.9,7.1,156,cofid-2021
cofid,18-395,"Giblets, turkey, boiled",en,,"Mixed sample including heart, liver, gizzard and neck MG",100,g,0,28.1,8.8,192,cofid-2021
cofid,18-396,"Heart, lamb, raw",en,,12 samples MG,100,g,0,17.1,6.8,129,cofid-2021
cofid,18-398,"Heart, ox, raw",en,,10 samples MG,100,g,0,18.2,3.5,104,cofid-2021
cofid,18-399,"Heart, ox, stewed",en,,"10 samples, fat and valves removed MG",100,g,0,27.8,5.1,157,cofid-2021
cofid,18-400,"Heart, pig, raw",en,,12 samples MG,100,g,0,17.1,3.2,97,cofid-2021
cofid,18-401,"Heart, pig, stewed",en,,"10 samples, fat and valves removed MG",100,g,0,25.1,6.8,162,cofid-2021
cofid,18-402,"Kidney, lamb, raw",en,,10 samples MG,100,g,0,17,2.6,91,cofid-2021
cofid,18-404,"Kidney, ox, raw",en,,12 samples MG,100,g,0,17.2,2.1,88,cofid-2021
cofid,18-405,"Kidney, ox, stewed",en,,"10 samples, skin and core removed MG",100,g,0,24.5,4.4,138,cofid-2021
cofid,18-406,"Kidney, pig, raw",en,,12 samples MG,100,g,0,15.5,2.7,86,cofid-2021
cofid,18-407,"Kidney, pig, fried",en,,"10 samples, skin and core removed MG",100,g,0,29.2,9.5,202,cofid-2021
cofid,18-408,"Kidney, pig, stewed",en,,"20 samples, core removed. Salt added MG",100,g,0,24.4,6.1,153,cofid-2021
cofid,18-409,"Liver, calf, raw",en,,10 samples MG,100,g,0,18.3,3.4,104,cofid-2021
cofid,18-410,"Liver, calf, fried in corn oil",en,,10 samples MG,100,g,0,22.3,9.6,176,cofid-2021
cofid,18-411,"Liver, chicken, raw",en,,10 samples MG,100,g,0,17.7,2.3,92,cofid-2021
cofid,18-412,"Liver, chicken, fried in corn oil",en,,10 samples MG,100,g,0,22.1,8.9,169,cofid-2021
cofid,18-413,"Liver, lamb, raw",en,,10 samples MG,100,g,0,20.3,6.2,137,cofid-2021
cofid,18-415,"Liver, ox, raw",en,,33 samples MG,100,g,0,21.1,7.8,155,cofid-2021
cofid,18-416,"Liver, ox, stewed",en,,"18 samples, coated in seasoned flour MG",100,g,3.6,24.8,9.5,198,cofid-2021
cofid,18-417,"Liver, pig, raw",en,,10 samples MG,100,g,0,21.3,3.1,113,cofid-2021
cofid,18-418,"Liver, pig, stewed",en,,"18 samples, coated in seasoned flour MG",100,g,3.6,25.6,8.1,189,cofid-2021
cofid,18-419,"Oxtail, raw",en,,12 samples MG,100,g,0,20,10.1,171,cofid-2021
cofid,18-420,"Oxtail, meat only, stewed with added salt",en,,12 sample MG,100,g,0,30.5,13.4,243,cofid-2021
cofid,18-421,"Sweetbread, lamb, raw",en,,"Thymus and pancreas, 12 samples MG",100,g,0,15.3,7.8,131,cofid-2021
cofid,18-422,"Sweetbread, lamb, fried in corn oil",en,,3 samples MG,100,g,0,28.7,11.4,217,cofid-2021
cofid,18-423,"Tongue, lamb, raw",en,,20 samples MG,100,g,0,15.3,14.6,193,cofid-2021
cofid,18-424,"Tongue, ox, meat only, pickled, raw",en,,"6 samples, fat and skin removed MG",100,g,0,15.7,17.5,220,cofid-2021
cofid,18-425,"Tongue, ox, meat only, pickled, stewed",en,,Fat and skin removed MG,100,g,0,19.5,23.9,293,cofid-2021
cofid,18-426,"Tongue, ox, meat only, stewed",en,,"10 samples, fat and skin removed MG",100,g,0,19.4,18.3,242,cofid-2021
cofid,18-427,"Tongue, sheep, meat only, stewed",en,,Fat and skin removed MG,100,g,0,18.2,24,289,cofid-2021
cofid,18-428,"Tripe, dressed, raw",en,,6 samples MG,100,g,0,7.1,0.5,33,cofid-2021
cofid,18-429,"Pork, trotters and tails, boiled with added salt",en,,23% trotters and 77% pig tails. Salt added MG,100,g,0,19.8,22.3,280,cofid-2021
cofid,18-468,"Beef, lean, average, raw",en,,"Average of 10 different cuts, trimmed of fat MAC",100,g,0,22.5,4.3,129,cofid-2021
cofid,18-469,"Beef, mince, raw",en,,10 samples MAC,100,g,0,19.7,16.2,225,cofid-2021
cofid,18-470,"Beef, mince, stewed",en,,10 samples MAC,100,g,0,21.8,13.5,209,cofid-2021
cofid,18-471,"Beef, rump steak, raw, lean and fat",en,,Calculated from 88% lean and 11% fat MAC,100,g,0,20.7,10.1,174,cofid-2021
cofid,18-472,"Beef, rump steak, fried in corn oil, lean and fat",en,,Calculated from 87% lean and 12% fat MAC,100,g,0,28.4,12.7,228,cofid-2021
cofid,18-473,"Beef, rump steak, fried in corn oil, lean only",en,,10 samples MAC,100,g,0,30.9,6.6,183,cofid-2021
cofid,18-474,"Beef, rump steak, grilled, lean only",en,,10 samples MAC,100,g,0,31,5.9,177,cofid-2021
cofid,18-475,"Lamb, lean only, raw, average",en,,Average of 8 different cuts MAE,100,g,0,20.2,8,153,cofid-2021
cofid,18-476,"Lamb, loin chops, raw, lean and fat",en,,Calculated from 72% lean and 28% fat MAE,100,g,0,17.6,23,277,cofid-2021
cofid,18-477,"Lamb, loin chops, grilled, lean and fat",en,,Calculated from 76% lean and 24% fat MAE,100,g,0,26.5,22.1,305,cofid-2021
cofid,18-478,"Lamb, average, raw, lean and fat",en,,Calculated from 83% lean and 17% fat MAE,100,g,0,19,12.3,187,cofid-2021
cofid,18-479,"Lamb, leg, whole, roasted, lean only",en,,10 samples MAE,100,g,0,29.7,9.4,203,cofid-2021
cofid,18-480,"Lamb, leg, whole, roasted, lean and fat",en,,Calculated from 89% lean and 11% fat MAE,100,g,0,28.1,14.2,240,cofid-2021
cofid,18-481,"Lamb, mince, raw",en,,10 samples MAE,100,g,0,19.1,13.3,196,cofid-2021
cofid,18-486,"Veal, escalope, raw",en,,9 samples MAI,100,g,0,22.7,1.7,106,cofid-2021
cofid,18-487,"Veal, escalope, fried in corn oil",en,,9 samples MAI,100,g,0,33.7,6.8,196,cofid-2021
cofid,18-488,"Chicken, meat, average, raw",en,,Calculated from 44% light meat and 56% dark meat MCA,100,g,0,22.3,2.1,108,cofid-2021
cofid,18-489,"Duck, meat only, raw",en,,"19 samples, meat from dressed carcase MCC",100,g,0,19.7,6.5,137,cofid-2021
cofid,18-490,"Duck, crispy, chinese style, meat and skin",en,,"10 samples from chinese takeaways, seasoned roasted duck MCC",100,g,0.3,27.9,24.2,331,cofid-2021
cofid,18-491,"Venison, roast",en,,"Calculated from raw, 8 samples including diced and steaks MEE",100,g,0,35.6,2.5,165,cofid-2021
cofid,18-492,"Heart, lamb, roasted",en,,"10 samples, fat and valves removed MG",100,g,0,25.3,13.9,226,cofid-2021
cofid,18-493,"Kidney, lamb, fried in corn oil",en,,"10 samples, skin and core removed MG",100,g,0,23.7,10.3,188,cofid-2021
cofid,18-494,"Liver, lamb, fried in corn oil",en,,10 samples MG,100,g,0,30.1,12.9,237,cofid-2021
cofid,18-495,"Duck, raw, meat only, weighed with fat, skin and bone",en,,Calculated from 18-489 MCC,100,g,0,5.5,1.8,38,cofid-2021
cofid,18-496,"Lamb, loin chops, grilled, lean and fat, weighed with bone",en,,Calculated from 18-477 MAE,100,g,0,21.5,17.9,247,cofid-2021
cofid,18-497,"Lamb, loin chops, raw, lean and fat, weighed with bone",en,,Calculated from 18-476 MAE,100,g,0,13.7,17.9,216,cofid-2021
cofid,18-500,"Chicken portions, battered, deep fried, takeaway",en,,"6 samples from fast food chains, including KFC MCA",100,g,4.8,24.8,12.8,233,cofid-2021
cofid,18-501,"Chicken pieces, coated, takeaway",en,,"8 samples, 7 products, including chicken nuggets, chicken bites and popcorn chicken MCA",100,g,17.6,18.5,14.1,267,cofid-2021
cofid,18-502,"Burger, chicken/turkey, coated, retail, grilled",en,,"10 samples, 7 products, breaded and battered MCA",100,g,18.7,14.2,15.5,266,cofid-2021
cofid,18-503,"Chicken/turkey pieces, coated, baked",en,,"9 samples, 9 products, battered and breaded, including chicken nuggets, chicken dippers and turkey dinosaurs MCA",100,g,19.6,14.4,13.9,256,cofid-2021
cofid,18-504,"Chicken breast/steak, coated, baked",en,,"8 samples, 7 products, breaded and battered MCA",100,g,15.8,17.7,11.6,234,cofid-2021
cofid,18-505,"Pie, beef, puff or shortcrust pastry, family size, retail",en,,"8 samples, 8 products, including steak and mushroom and steak and ale MR",100,g,18.1,8.9,13,220,cofid-2021
cofid,18-506,"Pie, beef, puff or shortcrust pastry, individual, retail",en,,"9 samples, 9 products, including beef and onion MR",100,g,25.5,9.2,17.7,292,cofid-2021
cofid,18-507,"Beef, mince, extra lean, stewed",en,,17 samples. Covered with 1/2 pt water per lb meat and simmered for 1 hour MAC,100,g,0,24.7,4.2,137,cofid-2021
cofid,18-508,"Beef, mince, raw, extra lean",en,,10 samples MAC,100,g,0,21.9,4.2,130,cofid-2021
cofid,18-510,"Pork, fillet medallions, raw, lean",en,,"10 samples, 6 products, chilled MAG",100,g,0,22.8,0.5,96,cofid-2021
cofid,18-511,"Pork, fillet medallions, raw, lean and fat",en,,Calculated from 98% lean and 2% fat. No fat removed. MAG,100,g,0,22.6,1.8,106,cofid-2021
cofid,18-512,"Pork, leg joint, raw, lean",en,,"11 samples, 11 products, chilled MAG",100,g,0,23.1,3.3,122,cofid-2021
cofid,18-513,"Pork, leg joint, raw, lean and fat, trimmed",en,,Calculated from 96% lean and 4% fat. Subcutaneous fat and skin removed. MAG,100,g,0,22.4,5.8,142,cofid-2021
cofid,18-514,"Pork, leg joint, raw, lean and fat",en,,"Calculated from 81% lean and 19% fat. No fat removed, not including skin. MAG",100,g,0,19.9,15,215,cofid-2021
cofid,18-515,"Pork, leg joint, roasted, lean",en,,"11 samples, 11 products, chilled. Roasted medium MAG",100,g,0,33.3,5.9,186,cofid-2021
cofid,18-516,"Pork, leg joint, roasted, lean and fat, trimmed",en,,Calculated from 96% lean and 4% fat. Subcutaneous fat and crackling removed MAG,100,g,0,32.5,8.1,203,cofid-2021
cofid,18-517,"Pork, leg joint, roasted, lean and fat",en,,"Calculated from 81% lean and 19% fat. No fat removed, not including crackling. MAG",100,g,0,29.6,15.9,261,cofid-2021
cofid,18-518,"Pork, loin medallions, raw, lean",en,,"10 samples, 8 products, chilled MAG",100,g,0,24.8,1.9,116,cofid-2021
cofid,18-519,"Pork, loin medallions, raw, lean and fat",en,,Calculated from 94% lean and 6% fat. No fat removed. MAG,100,g,0,23,5.4,141,cofid-2021
cofid,18-520,"Pork, loin medallions, raw, lean and fat, trimmed",en,,Calculated from 98% lean and 2% fat. Subcutaneous fat removed. MAG,100,g,0,23.4,3.1,122,cofid-2021
cofid,18-521,"Pork, loin steaks, raw, lean",en,,"11 samples, 11 products, chilled MAG",100,g,0,23.2,1.9,110,cofid-2021
cofid,18-522,"Pork, loin steaks, raw, lean and fat",en,,"Calculated from 84% lean and 16% fat. No fat removed, not including skin. MAG",100,g,0,21.4,11.2,187,cofid-2021
cofid,18-523,"Pork, loin steaks, raw, lean and fat, trimmed",en,,Calculated from 94% lean and 6% fat. Subcutaneous fat and skin removed. MAG,100,g,0,22.5,5.5,140,cofid-2021
cofid,18-524,"Pork, loin steaks, grilled, lean",en,,"11 samples, 11 products, chilled MAG",100,g,0,35.1,5.9,194,cofid-2021
cofid,18-525,"Pork, loin steaks, grilled, lean and fat, trimmed",en,,Calculated from 96% lean and 4% fat. Subcutaneous fat and crackling removed. MAG,100,g,0,34.4,8,210,cofid-2021
cofid,18-526,"Pork, loin steaks, grilled, lean and fat",en,,"Calculated from 86% lean and 14% fat. No fat removed, not including crackling. MAG",100,g,0,32.7,12.9,247,cofid-2021
cofid,18-527,"Pork, diced, casseroled, lean",en,,Extra lean types. Calculated from 18-512 MAG,100,g,0,36.8,5.3,195,cofid-2021
cofid,18-528,"Pork, diced, casseroled, lean and fat",en,,Extra lean types. Calculated from 98% lean and 2% fat MAG,100,g,0,36.3,6.4,203,cofid-2021
cofid,18-529,"Pork, diced, raw, lean",en,,Extra lean types. Data as for pork leg (18-512) MAG,100,g,0,23.1,3.3,122,cofid-2021
cofid,18-530,"Pork, diced, raw, lean and fat",en,,Extra lean types. Calculated from 98% lean and 2% fat MAG,100,g,0,22.8,4.5,132,cofid-2021
cofid,18-531,"Pork, fillet medallions, grilled lean",en,,Calculated from 18-510 MAG,100,g,0,36.3,0.8,152,cofid-2021
cofid,18-532,"Pork, fillet medallions, grilled, lean and fat",en,,Calculated from 98% lean and 2% fat MAG,100,g,0,35.9,1.9,161,cofid-2021
cofid,18-533,"Pork, fillet strips, stir-fried in rapeseed oil, lean",en,,Calculated from 18-510 MAG,100,g,0,35.8,2.7,168,cofid-2021
cofid,18-534,"Pork, loin chops, grilled, lean",en,,Data as for pork loin steak (18-524) MAG,100,g,0,35.1,5.9,194,cofid-2021
cofid,18-535,"Pork, loin chops, grilled, lean and fat",en,,Calculated from 89% lean and 11% fat MAG,100,g,0,33.3,11.5,237,cofid-2021
cofid,18-536,"Pork, loin chops, raw, lean and fat",en,,Calculated from 83% lean and 17% fat MAG,100,g,0,21.3,11.7,191,cofid-2021
cofid,18-537,"Pork, loin chops, raw, lean and fat, weighed with bone",en,,Calculated from 18-536 MAG,100,g,0,18.1,10,162,cofid-2021
cofid,18-538,"Pork, loin steaks, fried in rapeseed oil, lean",en,,Calculated from 18-521 MAG,100,g,0,33.9,4.7,178,cofid-2021
cofid,18-539,"Pork, loin steaks, fried in rapeseed oil, lean and fat",en,,Calculated from 86% lean and 14% fat MAG,100,g,0,31.7,12,235,cofid-2021
cofid,18-540,"Pork, diced, kebabs, grilled, lean",en,,Extra lean types. Calculated from 18-529 MAG,100,g,0,37.9,5.4,200,cofid-2021
cofid,18-541,"Pork, diced, kebabs, grilled, lean and fat",en,,Extra lean types. Calculated from 98% lean and 2% fat MAG,100,g,0,37.4,6.5,208,cofid-2021
cofid,18-542,"Pork, shoulder chops (collar), braised, lean",en,,26 samples MAG,100,g,0,30.5,10.1,213,cofid-2021
cofid,18-543,"Pork, shoulder chops (collar), braised, lean and fat",en,,Calculated from 87% lean and 13% fat MAG,100,g,0,28.1,15,247,cofid-2021
cofid,18-544,"Pork, shoulder chops (collar), braised, lean and fat, weighed with bone",en,,Calculated from 18-543 MAG,100,g,0,21.6,11.5,190,cofid-2021
cofid,18-545,"Pork, shoulder chops (collar), raw, lean and fat",en,,Calculated from 93% lean and 7% fat MAG,100,g,0,18.5,12.4,186,cofid-2021
cofid,18-546,"Pork, shoulder chops (collar), raw, lean and fat, weighed with bone",en,,Calculated from 18-545 MAG,100,g,0,14.6,9.8,147,cofid-2021
cofid,18-547,"Pork, shoulder joint (collar), pot-roasted, lean",en,,10 samples MAG,100,g,0,30,9,201,cofid-2021
cofid,18-548,"Pork, shoulder joint (collar), pot-roasted, lean and fat",en,,Calculated from 67% lean and 32% fat MAG,100,g,0,24.4,18,260,cofid-2021
cofid,18-549,"Pork, shoulder joint (collar), raw, lean and fat",en,,Calculated from 74% lean and 26% fat MAG,100,g,0,17.6,16.4,218,cofid-2021
cofid,18-550,"Pork, shoulder joint (collar), raw, lean and fat, weighed with bone",en,,Calculated from 18-549 MAG,100,g,0,13.1,12.1,161,cofid-2021
cofid,18-551,"Pork, shoulder steaks (collar), grilled, lean and fat",en,,10 samples MAG,100,g,0,29.2,19.5,292,cofid-2021
cofid,18-552,"Pork, shoulder steaks (collar), grilled, lean and fat, weighed with bone",en,,Calculated from 39% lean and 6% fat MAG,100,g,0,13.1,8.8,132,cofid-2021
cofid,18-553,"Pork, shoulder steaks (collar), raw, lean and fat, weighed with bone",en,,Calculated from 41% lean and 6% fat MAG,100,g,0,9,6.4,94,cofid-2021
cofid,18-554,"Pork, shoulder steaks (collar), raw, lean and fat",en,,Calculated from 86% lean and 13% fat MAG,100,g,0,18.7,10.4,168,cofid-2021
cofid,18-555,"Pork, belly joint, roasted, lean and fat",en,,"10 samples, 65% lean and 35% fat MAG",100,g,0,25.1,21.4,293,cofid-2021
cofid,18-556,"Pork, belly joint/slices, grilled, lean and fat",en,,"25 samples, 58% lean and 42% fat MAG",100,g,0,27.4,23.4,320,cofid-2021
cofid,18-557,"Pork, belly joint/slices, raw, lean and fat",en,,12 samples MAG,100,g,0,19.1,20.2,258,cofid-2021
cofid,18-558,"Pork, belly joint/slices, raw, lean and fat, weighed with bone",en,,Calculated from 18-557 MAG,100,g,0,17.6,18.6,238,cofid-2021
cofid,18-559,"Pork, fat, average, cooked",en,,"Average of 5 different cuts, including roasted, grilled, fried in corn oil and braised MAG",100,g,0,14.2,50.9,515,cofid-2021
cofid,18-600,"Pork, fat, average, raw",en,,"Average of 8 different cuts, trimmed of lean MAG",100,g,0,10.1,56.4,548,cofid-2021
cofid,18-601,"Pork, hand, shoulder joint, raw, lean",en,,10 samples MAG,100,g,0,20.8,4.2,121,cofid-2021
cofid,18-602,"Pork, hand, shoulder joint, raw, lean and fat",en,,Calculated from 73% lean and 26% fat MAG,100,g,0,18.1,16.2,218,cofid-2021
cofid,18-603,"Pork, hand, shoulder joint, roasted, lean",en,,10 samples MAG,100,g,0,30.8,8.8,202,cofid-2021
cofid,18-604,"Pork, hand, shoulder joint, roasted, lean and fat",en,,Calculated from 71% lean and 27% fat MAG,100,g,0,27.5,16.5,259,cofid-2021
cofid,18-605,"Pork, loin steaks, stewed, lean",en,,Calculated from 18-521 MAG,100,g,0,33.2,2.7,157,cofid-2021
cofid,18-606,"Pork, mince, raw",en,,10% fat mince. 10 samples MAG,100,g,0,19.2,9.7,164,cofid-2021
cofid,18-607,"Pork, mince, stewed",en,,10% fat mince. 10 samples MAG,100,g,0,24.4,10.4,191,cofid-2021
cofid,18-608,"Pork, lean, average, raw",en,,"Average of 6 different cuts, trimmed of fat MAG",100,g,0,22.2,3.1,116,cofid-2021
cofid,18-609,"Pork, spare ribs, raw, lean and fat",en,,10 samples MAG,100,g,0,18.7,13.4,195,cofid-2021
cofid,18-610,"Pork, loin chops, roasted, lean and fat",en,,Calculated from 87% lean and 13% fat MAG,100,g,0,36.2,11.4,247,cofid-2021
cofid,18-611,"Pork, loin chops, roasted, lean and fat, weighed with bone",en,,Calculated from 18-610 MAG,100,g,0,27.9,8.8,191,cofid-2021
cofid,18-612,"Pork, loin steaks, stewed, lean and fat",en,,Calculated from 87% lean and 13% fat MAG,100,g,0,31.3,9.7,212,cofid-2021
cofid,18-613,"Pork, loin chops, roasted, lean",en,,Calculated from 18-521 MAG,100,g,0,39.6,4.2,196,cofid-2021
cofid,19-009,"Bacon rashers, back, reduced salt, grilled",en,,"6 samples; smoked and unsmoked, loose and prepacked British and Danish bacon MAA",100,g,0,24.1,20.6,282,cofid-2021
cofid,19-016,"Bacon rashers, streaky, raw",en,,"10 samples; smoked and unsmoked, loose and prepacked British and Danish bacon MAA",100,g,0,15.8,23.6,276,cofid-2021
cofid,19-018,"Bacon rashers, streaky, grilled",en,,"10 samples; smoked and unsmoked, loose and prepacked British and Danish bacon MAA",100,g,0,23.8,26.9,337,cofid-2021
cofid,19-020,"Ham, gammon joint, raw",en,,"10 samples; smoked and unsmoked, prepacked British and Danish gammon MAA",100,g,0,17.5,7.5,138,cofid-2021
cofid,19-021,"Ham, gammon joint, boiled",en,,"10 samples; smoked and unsmoked, prepacked British and Danish gammon MAA",100,g,0,23.3,12.3,204,cofid-2021
cofid,19-058,"Pie, game, homemade",en,,Recipe MI,100,g,34.7,12.2,22.5,381,cofid-2021
cofid,19-106,Liver sausage,en,,"10 samples, 4 brands MI",100,g,6,13.4,16.7,226,cofid-2021
cofid,19-113,"Black pudding, raw",en,,"8 samples, 6 brands MI",100,g,14.8,9.1,20.6,277,cofid-2021
cofid,19-114,"Black pudding, dry-fried",en,,"8 samples, 6 brands MI",100,g,16.6,10.3,21.5,297,cofid-2021
cofid,19-115,Brawn,en,,10 samples MI,100,g,0,12.4,11.5,153,cofid-2021
cofid,19-128,"Corned beef, canned",en,,"10 samples, 4 brands MI",100,g,1,25.9,10.9,205,cofid-2021
cofid,19-131,"Faggots in gravy, retail, reheated",en,,"8 samples, 3 brands. 11-35% meat, chilled and frozen MR",100,g,12.6,8.2,7.5,148,cofid-2021
cofid,19-132,"Haggis, boiled",en,,8 samples MI,100,g,19.2,10.7,21.7,310,cofid-2021
cofid,19-136,"Luncheon meat, Chinese, steamed",en,,"10 samples from different shops, steamed for 15 minutes MI",100,g,10.5,11.9,22.3,288,cofid-2021
cofid,19-145,"Pate, meat, reduced fat",en,,"11 samples, assorted types; pork meat and liver based. 70-80%  meat MI",100,g,3,18,12,191,cofid-2021
cofid,19-150,"Shish kebab, meat only",en,,20 samples from assorted takeaways MR,100,g,0,29,10,206,cofid-2021
cofid,19-208,"Chilli con carne, retail, reheated",en,,"11 samples, chilled and frozen MR",100,g,7.1,7.7,4.3,96,cofid-2021
cofid,19-264,"Pork, spare ribs, 'barbecue style', meat only, retail, reheated",en,,"5 samples including American and Chinese style and hot and spicy ribs. 80-90% meat, chilled and frozen MR",100,g,5.8,26.3,17.1,281,cofid-2021
cofid,19-265,"Pork, spare ribs, 'barbecue style', meat only, retail, reheated, weighed with bone",en,,"Calculated from 19-264, chilled and frozen MR",100,g,2,9.2,6,98,cofid-2021
cofid,19-296,"Curry, chicken tikka masala, retail, reheated",en,,"11 samples, 11 products, chilled and frozen MIG",100,g,4.9,12.4,9.8,156,cofid-2021
cofid,19-304,"Sweet and sour pork, battered, takeaway",en,,"10 samples from different outlets, sauce not included MR",100,g,22.4,7.8,13.9,240,cofid-2021
cofid,19-315,"Burger, chicken, takeaway",en,,"Includes chicken burger, bun, lettuce and mayonnaise MBG",100,g,23.4,12.5,10.8,235,cofid-2021
cofid,19-317,"Pate, liver",en,,20 samples including canned MI,100,g,1.2,12.6,32.7,349,cofid-2021
cofid,19-319,"Saveloy, unbattered, takeaway",en,,20 samples MI,100,g,10.8,13.8,22.3,296,cofid-2021
cofid,19-321,"Chow mein, chicken, takeaway",en,,10 samples MR,100,g,12.7,8.5,7.2,147,cofid-2021
cofid,19-322,"Curry, chicken, average, takeaway",en,,"50 samples, 10 each of Korma, Tikka Masala, Dhansak, Jalfrezi and Dopiaza. Meat and sauce only MR",100,g,2.5,11.7,9.8,145,cofid-2021
cofid,19-323,"Chicken satay, takeaway",en,,10 samples MR,100,g,3,21.7,10.3,191,cofid-2021
cofid,19-324,"Sweet and sour chicken, takeaway",en,,10 samples MR,100,g,19.7,7.6,10,194,cofid-2021
cofid,19-326,"Meat samosas, takeaway",en,,10 samples from Indian restaurants MR,100,g,18.9,11.4,17.3,272,cofid-2021
cofid,19-327,"Spring rolls, meat, takeaway",en,,10 samples MR,100,g,18.2,6.5,16.4,242,cofid-2021
cofid,19-449,"Curry, chicken balti, retail",en,,"10 samples, chilled, frozen and ambient MR",100,g,4.8,10.5,5,105,cofid-2021
cofid,19-454,"Biryani, chicken, takeaway",en,,"10 samples, 2 from different establishments in each of 5 regions. Consists of chicken fried in oil with saffron flavoured rice and a curry sauce that contains vegetables and coconut. MR",100,g,16.6,8.5,7.4,163,cofid-2021
cofid,19-460,"Stir-fry beef with green peppers and blackbean sauce, takeaway",en,,"10 sub-samples, 2 from different establishments in each of 5 regions MR",100,g,2.7,10.5,5.6,103,cofid-2021
cofid,19-464,"Fajita, chicken, meat only, takeaway and restaurant",en,,"10 sub-samples, 2 from different establishments in each of 5 regions. Consists of  chicken, onions and peppers MR",100,g,0.3,16.8,6.3,125,cofid-2021
cofid,19-465,"Curry, chicken, Thai green, takeaway and restaurant",en,,"10 sub-samples, 2 from different establishments in each of 5 regions. Dish consists of chicken that has been stir fried in a standard Thai green curry sauce (usually includes coconut milk, lemongrass, ginger and peppers) MR",100,g,1.5,8.8,8.7,119,cofid-2021
cofid,19-466,"Cornish pasty, retail",en,,"11 samples, 10 products MR",100,g,24,7,17.8,278,cofid-2021
cofid,19-467,"Pork pie, individual",en,,"10 samples, 10 products MR",100,g,25.7,9.9,26,370,cofid-2021
cofid,19-468,"Sausage roll, flaky pastry, ready-to-eat, retail",en,,"10 samples, 10 products, mini and large MI",100,g,27,8.4,24.1,352,cofid-2021
cofid,19-469,"Chicken/turkey pasties/slices, puff pastry",en,,"10 samples, 10 products, including chicken and mushroom and chicken and bacon MI",100,g,23.9,8.1,18.5,289,cofid-2021
cofid,19-470,"Casserole, beef, made with cook-in sauce",en,,Recipe MR,100,g,4.8,15,6.6,137,cofid-2021
cofid,19-471,"Beef bourguignon, homemade",en,,Recipe MR,100,g,2.5,13.8,6.2,140,cofid-2021
cofid,19-472,"Curry, beef, reduced fat, homemade",en,,Recipe MR,100,g,1.3,18.8,7.1,139,cofid-2021
cofid,19-473,"Stew, beef, homemade",en,,Recipe MR,100,g,4.8,11.9,4.6,105,cofid-2021
cofid,19-475,"Bolognese sauce (with meat), made with extra lean minced beef, homemade",en,,Recipe MR,100,g,2.8,13,4.9,108,cofid-2021
cofid,19-476,"Bolognese sauce (with meat), homemade",en,,Recipe MR,100,g,2.8,11.8,11.6,161,cofid-2021
cofid,19-477,"Coronation chicken, homemade",en,,Recipe MR,100,g,3.5,16.6,31.4,362,cofid-2021
cofid,19-478,"Chilli con carne, homemade",en,,Recipe MR,100,g,4.4,9.2,7.5,120,cofid-2021
cofid,19-479,"Stew, Irish, homemade",en,,Recipe MR,100,g,9.4,7.3,6.2,119,cofid-2021
cofid,19-480,"Kheema, lamb, homemade",en,,Recipe MR,100,g,4,11,13.4,178,cofid-2021
cofid,19-481,"Lasagne, homemade",en,,"Beef, Recipe MR",100,g,15.2,9.6,9.6,180,cofid-2021
cofid,19-482,"Lasagne, homemade, with extra lean minced beef",en,,Recipe MR,100,g,15.2,10.1,7,160,cofid-2021
cofid,19-483,"Pasta with meat and tomato sauce, homemade",en,,Recipe MR,100,g,20.4,6.6,4.1,140,cofid-2021
cofid,19-484,"Casserole, sausage, homemade",en,,Recipe MR,100,g,5.2,11.9,10.9,165,cofid-2021
cofid,19-485,"Sweet and sour pork, homemade",en,,Recipe MR,100,g,11.6,12.7,8.3,176,cofid-2021
cofid,19-486,"Coq au vin, homemade",en,,Recipe MR,100,g,3.3,11,11,188,cofid-2021
cofid,19-487,"Burger, Quarter Pounder with cheese, takeaway",en,,"Portion includes a quarter pound beefburger, ketchup, mustard, onions, pickles and slice of cheese MBG",100,g,21.2,16.3,13.2,263,cofid-2021
cofid,19-488,"Curry, beef, retail, reheated",en,,"6 samples, 3 brands, meat and sauce only, chilled and frozen MR",100,g,6.3,13.5,6.6,137,cofid-2021
cofid,19-489,"Sausages, beef, grilled",en,,"6 samples of thick sausages, chilled. Approx 60-81% meat MI",100,g,11,17.2,17.2,265,cofid-2021
cofid,19-490,"Burger, beef, 98-99% beef, fried in vegetable oil",en,,"8 samples, 3 brands, chilled and frozen MBG",100,g,0.1,28.5,23.9,329,cofid-2021
cofid,19-491,"Burger, beef, 98-99% beef, grilled",en,,"8 samples, 3 brands, chilled and frozen MBG",100,g,0.1,26.5,24.4,326,cofid-2021
cofid,19-492,"Burger, beef, 98-99% beef, raw",en,,"8 samples, 3 brands, chilled and frozen MBG",100,g,0.1,17.1,24.7,291,cofid-2021
cofid,19-493,"Burger, Big Mac, takeaway",en,,"Includes two beefburgers, bun, sauce, cheese, lettuce, onions and pickles MBG",100,g,20.9,13.1,11.2,232,cofid-2021
cofid,19-494,"Pie, Cottage/Shepherd's, reheated",en,,"11 samples including beef and lamb, chilled and frozen, 11.5-25% meat MR",100,g,11.9,4.5,5.4,111,cofid-2021
cofid,19-495,Frankfurter,en,,"10 samples, 7 brands of continental style frankfurters. 75-90% meat MI",100,g,1.1,13.6,25.4,287,cofid-2021
cofid,19-496,Ham,en,,"10 samples, 9 brands; loose and prepacked including honey roast and smoked Ham. Added water 10-15% MAA",100,g,1,18.4,3.3,107,cofid-2021
cofid,19-497,"Bacon rashers, back, raw",en,,"10 samples; smoked and unsmoked, loose and prepacked British, Danish and Dutch bacon MAA",100,g,0,16.5,16.5,215,cofid-2021
cofid,19-498,"Bacon rashers, back, dry-fried",en,,"10 samples; smoked and unsmoked, loose and prepacked British, Danish and Dutch bacon MAA",100,g,0,24.2,22,295,cofid-2021
cofid,19-499,"Bacon rashers, back, fat trimmed, grilled",en,,"15 samples; smoked and unsmoked, loose and prepacked British, Danish and Dutch bacon, back fat removed MAA",100,g,0,25.7,12.3,214,cofid-2021
cofid,19-500,"Bacon rashers, back, grilled",en,,"15 samples; smoked and unsmoked, loose and prepacked British, Danish and Dutch bacon MAA",100,g,0,23.2,21.6,287,cofid-2021
cofid,19-501,"Bacon rashers, back, grilled crispy",en,,"10 samples; smoked and unsmoked, loose and prepacked British, Danish and Dutch bacon MAA",100,g,0,36,18.8,313,cofid-2021
cofid,19-502,"Bacon rashers, back, microwaved",en,,"15 samples; smoked and unsmoked, loose and prepacked British, Danish and Dutch bacon MAA",100,g,0,24.2,23.3,307,cofid-2021
cofid,19-503,"Bacon rashers, middle, grilled",en,,"9 samples; smoked and unsmoked, loose and prepacked British and Danish bacon MAA",100,g,0,24.8,23.1,307,cofid-2021
cofid,19-504,"Bacon rashers, streaky, fried in corn oil",en,,"10 samples; smoked and unsmoked, loose and prepacked British and Danish bacon MAA",100,g,0,23.8,26.6,335,cofid-2021
cofid,19-505,"Ham, gammon rashers, grilled",en,,5 samples; unsmoked British gammon MAA,100,g,0,27.5,9.9,199,cofid-2021
cofid,19-506,Meat spread,en,,10 samples of a mixture of beef and ham based spreads. 70-90% meat MI,100,g,2.3,15.7,13.4,192,cofid-2021
cofid,19-507,"Moussaka, retail, reheated",en,,"8 samples, 4 brands of beef and lamb. 20-23% meat, chilled/frozen/longlife MR",100,g,8.6,8.3,8.3,140,cofid-2021
cofid,19-508,Salami snack,en,,Including Peperami and own brand equivalents MI,100,g,1.9,25.1,44,504,cofid-2021
cofid,19-509,"Sausages, pork, chilled, grilled",en,,16 samples MI,100,g,9.8,14.5,22.1,294,cofid-2021
cofid,19-510,"Sausages, pork, raw",en,,"Average of frozen and chilled samples, thick and thin, 65-70% meat MI",100,g,9.6,11.9,25,309,cofid-2021
cofid,19-511,"Sausages, pork, reduced fat, grilled",en,,"7 samples, 5 brands, frozen and chilled, 65-68% meat MI",100,g,10.7,16.2,6.1,160,cofid-2021
cofid,19-512,"Sausages, pork, chilled, fried in vegetable oil",en,,16 samples MI,100,g,9.9,13.9,23.9,308,cofid-2021
cofid,19-513,"Sausages, premium, grilled",en,,"Analyses and calculation from 19-093, chilled MI",100,g,2.3,19,21.1,275,cofid-2021
cofid,19-514,"Burger, Whopper, takeaway",en,,"Portion includes bun, beefburger, mayonnaise, lettuce, tomato, ketchup, onions and pickles MBG",100,g,19.2,10.4,12.1,223,cofid-2021
cofid,19-515,"Pie, chicken, individual, baked",en,,"12 samples including chicken, chicken and ham, chicken and mushroom and chicken and vegetable pies. 10.5-25% meat, chilled and frozen MI",100,g,24.6,9,17.7,288,cofid-2021
cofid,19-516,Chorizo,en,,Manufacturers' data MI,100,g,2.4,24,32.2,395,cofid-2021
cofid,19-517,Salami,en,,"22 samples including Danish, French, German and Italian. 90-100% meat MI",100,g,0.5,20.9,39.2,438,cofid-2021
cofid,19-518,"Scotch eggs, retail",en,,"10 samples, 8 brands MI",100,g,13.1,12,16,241,cofid-2021
cofid,19-519,"Chow mein, beef, retail, reheated",en,,12 samples from different shops. Noodles with beef and vegetables in sauce MR,100,g,14.7,6.7,6,136,cofid-2021
cofid,19-520,"Curry, chicken, average, retail, reheated",en,,"7 samples, 5 brands; korma and masala varieties, chilled and frozen MR",100,g,5.4,12.1,8.9,149,cofid-2021
cofid,19-521,"Chicken, stir-fried with rice and vegetables, retail, reheated",en,,"6 samples. 10-13% meat, frozen, fried in corn oil MR",100,g,17.1,6.5,4.6,132,cofid-2021
cofid,19-522,"Hot pot, lamb/beef with potatoes, retail, reheated",en,,"10 samples, 6 brands of beef, lamb and Lancashire hot pot.  10-32% meat, chilled and frozen MR",100,g,10.6,7.2,4.4,108,cofid-2021
cofid,19-523,"Lasagne, retail, reheated",en,,"12 samples, 11 brands. 10-20% meat, chilled and frozen MR",100,g,15.7,7.4,6.1,143,cofid-2021
cofid,19-524,"Spaghetti bolognese, retail, reheated, with spaghetti",en,,"Recipe. calculated using 56% spaghetti and 44% meat and sauce, chilled and frozen MR",100,g,20,6.6,2.8,126,cofid-2021
cofid,19-525,Shish kebab in pitta bread with salad,en,,"Calculated from 37% shish kebab (19-150), 27% pitta bread and 36% salad MR",100,g,15.4,13.6,4.1,149,cofid-2021
cofid,19-526,Doner kebab in pitta bread with salad,en,,"Calculated from 50% doner kebab (19-129), 22% pitta bread and 28% salad MR",100,g,12.5,14.1,16,248,cofid-2021
cofid,19-527,"Chilli con carne, retail, reheated, with rice",en,,Calculated from 60% chilli con carne (19-208) and 40% boiled white rice MR,100,g,18.1,5.8,2.7,116,cofid-2021
cofid,19-528,"Curry, chicken, average, retail, reheated with rice",en,,"Calculated from 55% chicken curry (19-188) and 45% retail, ready cooked, plain white rice MR",100,g,18.2,8.5,5.8,154,cofid-2021
cofid,19-529,"Curry, beef, retail, reheated, with rice",en,,"Calculated from 57% beef curry (19-169) and 43% retail, ready cooked, plain white rice MR",100,g,18.2,9.5,4.6,147,cofid-2021
cofid,19-530,"Beef, stir-fried with green peppers, homemade",en,,Recipe MR,100,g,6.1,11.8,8,145,cofid-2021
cofid,19-534,"Curry, chicken, made with cook-in sauce",en,,Recipe MR,100,g,5.5,18.6,5.4,144,cofid-2021
cofid,19-535,"Curry, lamb, made with cook-in sauce",en,,Recipe MR,100,g,5.5,15.5,17.7,242,cofid-2021
cofid,19-536,"Casserole, pork, made with cook-in sauce",en,,Recipe MR,100,g,4,17,7.9,154,cofid-2021
cofid,19-537,"Bacon, fat only, average, cooked",en,,Fat from five different cuts MAA,100,g,0,9.3,72.8,692,cofid-2021
cofid,19-538,Chicken slices,en,,7 samples including smoked and wafer thin chicken breast. 80-100% meat MI,100,g,2,23.2,1.5,114,cofid-2021
cofid,19-539,"Doner kebabs, meat only",en,,20 samples from assorted takeaways MR,100,g,0,23.5,31.4,377,cofid-2021
cofid,19-540,"Curry, chicken tandoori, retail, reheated",en,,"7 samples, 6 brands. 95-96% meat MR",100,g,2,27.4,10.8,214,cofid-2021
cofid,19-541,"Chicken wings, marinated, meat and skin, barbecued",en,,"4 samples including American and Chinese style and hot and spicy wings, chilled and frozen MR",100,g,4.1,27.4,16.6,274,cofid-2021
cofid,19-542,"Spaghetti bolognese, retail, meat and sauce only, reheated",en,,"12 samples, 10-18% meat, chilled and frozen MR",100,g,5.3,9.3,5.7,108,cofid-2021
cofid,19-543,Turkey slices,en,,13 samples including honey roast and wafer thin turkey breast. 78-100% meat MI,100,g,1.2,23,1.9,114,cofid-2021
cofid,19-544,"Burger, hamburger, takeaway",en,,"Includes bun, beefburger, mayonnaise, lettuce, tomato, ketchup, onions and pickles MBG",100,g,31.2,13.5,8.3,246,cofid-2021
cofid,19-545,"Burger, cheeseburger, takeaway",en,,"Includes beefburger, bun, cheese, mustard, ketchup, onions and pickles MBG",100,g,28.3,13.6,10.4,254,cofid-2021
cofid,19-546,"Burger, beef, 62-85%, beef, grilled",en,,"Beefburgers with added onion. 10 samples, 6 brands, frozen and chilled MBG",100,g,8.5,18.3,13.8,229,cofid-2021
cofid,19-547,"Curry, beef and spinach, homemade",en,,Recipe MR,100,g,3.6,11.4,4.4,94,cofid-2021
cofid,19-548,"Beef bourguignonne, made with lean beef, homemade",en,,Recipe MR,100,g,2.5,14.1,4.2,105,cofid-2021
cofid,19-549,"Curry, beef, homemade",en,,Recipe MR,100,g,1.2,17.7,15.4,209,cofid-2021
cofid,19-550,"Stew, beef, made with lean beef, homemade",en,,Recipe MR,100,g,4.8,12.2,3.1,93,cofid-2021
cofid,19-551,"Beef Stroganoff, homemade",en,,Recipe MR,100,g,2.5,15.3,11.2,171,cofid-2021
cofid,19-552,"Beef Wellington, homemade",en,,Recipe MR,100,g,16.2,16.3,25.5,356,cofid-2021
cofid,19-553,"Burger, beef, fried in rapeseed oil, homemade",en,,Recipe MR,100,g,1.1,23.9,21.9,297,cofid-2021
cofid,19-554,"Burger, beef, with bun, fried in rapeseed oil, homemade",en,,Recipe MR,100,g,10.3,21,18.6,291,cofid-2021
cofid,19-555,"Burger, beef, grilled, homemade",en,,Recipe MR,100,g,1.1,25,20.3,288,cofid-2021
cofid,19-556,"Burger, beef, with bun, grilled, homemade",en,,Recipe MR,100,g,10.3,21.9,17.4,283,cofid-2021
cofid,19-557,"Pie, steak and kidney, single crust, homemade",en,,Recipe MI,100,g,15.3,17,13.1,243,cofid-2021
cofid,19-558,"Carbonnade of Beef, homemade",en,,Recipe MR,100,g,5.2,12.7,6.5,134,cofid-2021
cofid,19-559,"Pie, chicken and mushroom, single crust, homemade",en,,Recipe MR,100,g,14.3,13.6,10.4,202,cofid-2021
cofid,19-560,"Chicken chasseur, homemade",en,,Recipe MR,100,g,2.3,13.5,1.5,78,cofid-2021
cofid,19-561,"Chicken fricassee, homemade",en,,Recipe MR,100,g,2.8,10,6.1,115,cofid-2021
cofid,19-562,"Chicken fricassee, reduced fat, homemade",en,,Recipe MR,100,g,3.2,10.2,4.2,101,cofid-2021
cofid,19-563,"Chicken in white sauce, made with semi-skimmed milk",en,,Recipe MR,100,g,5,17,7.7,156,cofid-2021
cofid,19-564,"Chicken in white sauce, made with whole milk",en,,Recipe MR,100,g,5.2,17,9,168,cofid-2021
cofid,19-565,"Curry, chicken korma, homemade",en,,Recipe MR,100,g,4.6,14.6,5.1,127,cofid-2021
cofid,19-566,"Risotto, chicken, homemade",en,,Recipe MR,100,g,25.3,8.9,3.3,173,cofid-2021
cofid,19-567,"Curry, chicken vindaloo, homemade",en,,Recipe MR,100,g,2.6,18.5,12.5,192,cofid-2021
cofid,19-568,"Curry, chicken vindaloo, reduced fat, homemade",en,,Recipe MR,100,g,2.7,19.6,4.1,121,cofid-2021
cofid,19-569,"Chicken, stir-fried with mushrooms and cashew nuts, homemade",en,,Recipe MR,100,g,4.8,18.4,7,160,cofid-2021
cofid,19-570,"Chicken, stir-fried with peppers in black bean sauce, homemade",en,,Recipe MR,100,g,2.7,19,4.2,124,cofid-2021
cofid,19-571,"Coq au vin, homemade, weighed with bone",en,,"Recipe, calculated from 19-486 MR",100,g,2.7,9,9,150,cofid-2021
cofid,19-572,"Corned beef hash, homemade",en,,Recipe MR,100,g,12.3,10.5,5.9,141,cofid-2021
cofid,19-573,"Cornish pasty, homemade",en,,Recipe MR,100,g,27.8,6.7,19.2,287,cofid-2021
cofid,19-574,"Coronation chicken, reduced fat, homemade",en,,Recipe MR,100,g,4.2,16.6,14.8,216,cofid-2021
cofid,19-575,"Pie, Cottage, homemade",en,,Recipe MR,100,g,10.4,6.3,6.3,126,cofid-2021
cofid,19-576,"Devilled kidneys, homemade",en,,Recipe MR,100,g,1.4,13.7,7.7,129,cofid-2021
cofid,19-577,"Sauce, duck a l'orange",en,,Used for duck a l'orange recipe calculations MR,100,g,7.1,0.5,3.7,66,cofid-2021
cofid,19-578,"Duck a l'orange, excluding fat and skin, homemade",en,,Recipe MR,100,g,4,11.2,6.5,122,cofid-2021
cofid,19-579,"Duck a l'orange, including fat and skin, homemade",en,,Recipe MR,100,g,3.7,9.8,20,236,cofid-2021
cofid,19-580,"Duck with pineapple, homemade",en,,Recipe MR,100,g,6.7,13.8,25.5,313,cofid-2021
cofid,19-581,Frankfurter with bun,en,,Recipe MI,100,g,35.6,10.7,9.8,264,cofid-2021
cofid,19-582,"Frankfurter with bun, ketchup, fried onions and mustard",en,,Recipe MI,100,g,26.5,6.8,7.4,194,cofid-2021
cofid,19-583,"Goulash, homemade",en,,Recipe MR,100,g,6.5,6.9,3,79,cofid-2021
cofid,19-585,"Stew, Irish, made with lean lamb, homemade",en,,Recipe MR,100,g,8.6,7.6,4.9,107,cofid-2021
cofid,19-586,"Enchiladas, beef, homemade",en,,Recipe MR,100,g,11.1,9.6,8.2,153,cofid-2021
cofid,19-587,"Kheema, beef, homemade",en,,Recipe MR,100,g,4.6,11.7,10.8,160,cofid-2021
cofid,19-588,"Beef olives, homemade",en,,Rolled beef stuffed with bacon and onions. Recipe MR,100,g,1.6,13.9,11,159,cofid-2021
cofid,19-589,"Beef steak pudding, homemade",en,,Recipe MR,100,g,18.7,11.5,10.2,207,cofid-2021
cofid,19-590,"Stew, beef, with dumplings, homemade",en,,Recipe MR,100,g,16.2,10.1,10,190,cofid-2021
cofid,19-591,"Curry, lamb biryani, homemade",en,,Recipe MR,100,g,20.9,7.1,9.2,195,cofid-2021
cofid,19-592,"Curry, lamb biryani, reduced fat, homemade",en,,Recipe MR,100,g,21.9,7.4,3.7,150,cofid-2021
cofid,19-593,"Kheema, lamb, reduced fat, homemade",en,,Recipe MR,100,g,3.2,11.4,9.4,142,cofid-2021
cofid,19-594,"Kofta, lamb, coated with breadcrumbs, homemade",en,,Recipe MR,100,g,9.7,23.8,16,277,cofid-2021
cofid,19-595,"Curry, lamb rogan josh, homemade",en,,Recipe MR,100,g,3.9,14.4,9.1,149,cofid-2021
cofid,19-596,"Samosas, lamb, baked, homemade",en,,Recipe MR,100,g,23.1,11.1,17.5,288,cofid-2021
cofid,19-597,"Samosas, lamb, deep fried in rapeseed oil, homemade",en,,Recipe MI,100,g,16.9,8.1,31.5,379,cofid-2021
cofid,19-598,"Lamb stir-fried with vegetables, homemade",en,,Recipe MR,100,g,2.3,16.4,18.4,244,cofid-2021
cofid,19-599,"Curry, lamb vindaloo, homemade",en,,Recipe MR,100,g,2.7,19.8,12.9,199,cofid-2021
cofid,19-600,"Lamb's heart casserole, homemade",en,,Recipe MR,100,g,9.9,11.8,8.1,161,cofid-2021
cofid,19-601,"Lancashire hotpot, homemade",en,,Recipe MR,100,g,7.4,7.3,6.9,119,cofid-2021
cofid,19-602,"Lemon chicken, homemade",en,,Recipe MR,100,g,7.1,16.9,6.2,150,cofid-2021
cofid,19-603,"Liver and bacon, fried, homemade",en,,Recipe MR,100,g,0,28.9,14.7,247,cofid-2021
cofid,19-604,"Liver and onions, stewed, homemade",en,,Recipe MR,100,g,5.4,14.7,6.9,142,cofid-2021
cofid,19-605,"Meat loaf, homemade",en,,Recipe MR,100,g,12.7,16.6,10.9,213,cofid-2021
cofid,19-606,"Beef, mince, with vegetables, stewed",en,,Recipe MR,100,g,5.7,9.2,7.2,122,cofid-2021
cofid,19-607,"Beef, mince, stewed",en,,"Includes beef, onions, flour, stock and seasoning. Recipe MR",100,g,2.5,10.9,9.9,139,cofid-2021
cofid,19-608,"Lamb, mince, stewed with onions",en,,"Recipe, containing onion, stock, flour and seasoning MR",100,g,2.8,10.6,8.5,129,cofid-2021
cofid,19-609,"Moussaka, homemade",en,,Recipe MR,100,g,4.5,8.5,8,128,cofid-2021
cofid,19-610,"Venison in red wine and port, homemade",en,,Recipe MR,100,g,3.4,9.7,2.5,88,cofid-2021
cofid,19-611,"Pasta with ham and mushroom sauce, homemade",en,,Recipe MR,100,g,16.2,5.7,5.3,132,cofid-2021
cofid,19-612,"Casserole, pork and apple, homemade",en,,Recipe MR,100,g,7.5,11,2.9,100,cofid-2021
cofid,19-613,"Meatballs, pork and beef, in tomato sauce, homemade",en,,Recipe MR,100,g,4.6,10,7.2,123,cofid-2021
cofid,19-614,"Chow mein, pork and chicken, homemade",en,,Recipe MR,100,g,5.8,9.2,1.9,72,cofid-2021
cofid,19-615,"Kebabs, pork and pineapple, homemade",en,,Recipe MR,100,g,5.9,14.4,9.9,170,cofid-2021
cofid,19-623,"Casserole, rabbit, homemade",en,,Recipe MR,100,g,2.2,11.4,4.8,97,cofid-2021
cofid,19-625,"Salmis of pheasant, homemade",en,,Recipe MR,100,g,2.4,9.9,5.6,106,cofid-2021
cofid,19-626,"Shepherd's pie, homemade",en,,Recipe MR,100,g,9.5,5.9,5.4,107,cofid-2021
cofid,19-627,"Shish kebabs, with onions and peppers, homemade",en,,Recipe MR,100,g,4.6,12.8,15.2,206,cofid-2021
cofid,19-628,"Spaghetti bolognese, homemade",en,,"Recipe, including meat, sauce and spaghetti MR",100,g,17.2,8.1,6.1,151,cofid-2021
cofid,19-629,"Pie, steak and kidney, double crust, homemade",en,,Recipe MR,100,g,22.2,14.6,18.1,305,cofid-2021
cofid,19-630,"Steak and kidney pudding, homemade",en,,Recipe MI,100,g,18.6,10.7,10.9,210,cofid-2021
cofid,19-631,"Cabbage leaves, stuffed with lamb and rice, homemade",en,,Recipe MR,100,g,8.3,7.1,4.2,100,cofid-2021
cofid,19-632,"Peppers, stuffed with beef, rice and vegetables, homemade",en,,Recipe MR,100,g,9.2,6.2,4.3,99,cofid-2021
cofid,19-635,"Toad in the hole, homemade",en,,Recipe MR,100,g,20.2,12,17.9,285,cofid-2021
cofid,19-636,"Toad in the hole, made with skimmed milk and reduced fat sausages, homemade",en,,Recipe MR,100,g,19.7,13.6,5.2,175,cofid-2021
cofid,19-637,"Tripe and onions, stewed, homemade",en,,Recipe MR,100,g,9.4,8.4,1.4,93,cofid-2021
cofid,19-638,"Turkey and pasta bake, homemade",en,,Recipe MR,100,g,7.2,12,5.6,130,cofid-2021
cofid,19-639,"Pie, turkey, single crust, homemade",en,,Recipe MR,100,g,14.9,13.8,10.4,205,cofid-2021
cofid,19-640,"Turkey, stir-fried with vegetables, homemade",en,,Recipe MR,100,g,3.6,11.1,2.3,82,cofid-2021
cofid,19-641,"Wiener schnitzel, homemade",en,,Recipe MR,100,g,13.4,21.2,8.5,213,cofid-2021
cofid,19-642,"Kofta, beef, homemade",en,,Recipe MR,100,g,1.3,25.3,20.5,290,cofid-2021
cofid,19-643,"Sausage rolls, short pastry, homemade",en,,Recipe MI,100,g,25.6,9.9,28.8,395,cofid-2021
cofid,19-644,"Bacon loin steaks, lean, grilled",en,,"7 samples; smoked and unsmoked, loose and prepacked Danish bacon MAA",100,g,1.1,28.9,4.3,158,cofid-2021
cofid,19-645,"Bacon rashers, back, dry-cured, grilled",en,,"7 samples; smoked and unsmoked, loose and prepacked  British and Irish bacon MAA",100,g,0,28.4,15.9,257,cofid-2021
cofid,19-646,"Bacon rashers, back, fat trimmed, raw",en,,"24 samples, back fat removed. MLC data and calculation from 19-499 MAA",100,g,0,18.8,6.7,136,cofid-2021
cofid,19-647,"Bacon rashers, back, sweetcure, grilled",en,,"9 samples; smoked and unsmoked, loose and prepacked British and Danish bacon MAA",100,g,1.6,23.8,17.4,258,cofid-2021
cofid,19-648,"Bacon rashers, middle, fried in corn oil",en,,"9 samples; smoked and unsmoked, loose and prepacked British and Danish bacon MAA",100,g,0,23.4,28.5,350,cofid-2021
cofid,19-649,"Bacon rashers, middle, raw",en,,"9 samples; smoked and unsmoked, loose and prepacked British and Danish bacon MAA",100,g,0,15.2,20,241,cofid-2021
cofid,19-650,"Bacon, fat only, average, raw",en,,Fat from five different cuts MAA,100,g,0,4.8,80.9,747,cofid-2021
cofid,19-651,"Burger, beef, 62-85% beef, raw",en,,"10 samples, 6 brands containing onion, frozen and chilled MBG",100,g,4.9,15.9,15.2,219,cofid-2021
cofid,19-652,"Chicken wings, marinated, meat and skin, barbecued, weighed with bone",en,,Calculated from 19-541 MR,100,g,2.7,17.8,10.8,179,cofid-2021
cofid,19-653,"Sausages, beef, fried in vegetable oil",en,,"6 samples of thick sausages, chilled MI",100,g,10.7,17.6,17.4,267,cofid-2021
cofid,19-654,"Sausages, pork, frozen, fried in vegetable oil",en,,Analysis and calculation from 19-081 MI,100,g,10,13.8,24.8,316,cofid-2021
cofid,19-655,"Sausages, pork, frozen, grilled",en,,10 samples MI,100,g,10.5,14.8,21.2,289,cofid-2021
cofid,19-656,"Sausages, beef, raw",en,,"6 samples of thick sausages. 50-55% meat, chilled MI",100,g,8.4,12.7,19.5,258,cofid-2021
cofid,19-657,"Sausages, premium, raw",en,,"10 samples, 9 brands including Cumberland and Lincolnshire  sausages. 50-90% meat MI",100,g,2.6,13.8,21,254,cofid-2021
cofid,19-658,"Sausages, pork, reduced fat, raw",en,,"7 samples, 5 brands of thin and thick sausages. 50-65% meat, chilled/frozen MI",100,g,8.7,14.4,5.6,141,cofid-2021
cofid,19-659,"Bacon rashers, back, smoked, grilled",en,,9 samples; loose and prepacked British and Danish bacon MAA,100,g,0,23.4,22.1,293,cofid-2021
cofid,19-660,"Bacon rashers, back, 'tendersweet', grilled",en,,"10 samples; smoked and unsmoked, loose and prepacked British bacon MAA",100,g,0,26.4,11.9,213,cofid-2021
cofid,19-661,"Sausages, premium, fried in vegetable oil",en,,"Analyses and calculation from 19-094, chilled MI",100,g,2.5,17.9,19.5,256,cofid-2021
cofid,19-662,"Sausages, pork, reduced fat, fried in vegetable oil",en,,"7 samples, 5 brands of thin and thick sausages, chilled/frozen MI",100,g,8.8,14.9,5.7,144,cofid-2021
cofid,19-663,"Chicken chasseur, homemade, weighed with bone",en,,Recipe. Calculated from 19-350 using 0.89 conversion factor MR,100,g,2,12,1.3,69,cofid-2021
cofid,19-664,"Beef, minced, stewed with onions, extra lean",en,,"Containing beef, onions, flour, stock and seasoning. Recipe MR",100,g,2.5,12.1,3.6,113,cofid-2021
cofid,19-665,"Pork chops in mustard and cream, homemade",en,,Recipe MR,100,g,1,15.5,19.4,263,cofid-2021
cofid,19-666,"Pork chops in mustard and cream, homemade, weighed with bone",en,,Recipe MR,100,g,0.9,13.6,17,230,cofid-2021
cofid,19-667,"Pork, stir-fried with vegetables, homemade",en,,Recipe MR,100,g,2.6,16.4,2.9,103,cofid-2021
cofid,19-668,"Pork, sweet and sour, made with lean pork, homemade",en,,Recipe MR,100,g,11,14.5,6.3,162,cofid-2021
cofid,19-669,"Pork, sweet and sour, made with sweet and sour cook in sauce",en,,Recipe MR,100,g,11.4,15.3,4.9,148,cofid-2021
cofid,19-670,"Pork, spare ribs, 'barbecue style', homemade",en,,Recipe MR,100,g,4.9,20.8,22.3,302,cofid-2021
cofid,19-671,"Pork, spare ribs, 'barbecue style', homemade, weighed with bone",en,,Recipe MR,100,g,2.3,9.7,10.4,142,cofid-2021
cofid,19-672,"Pork, spare ribs, in black bean sauce, meat and sauce only, homemade",en,,Recipe MR,100,g,5.8,14.3,14.5,216,cofid-2021
cofid,19-673,"Pork, spare ribs, in black bean sauce, meat and sauce only, homemade, weighed with bone",en,,Recipe MR,100,g,3.3,8.2,8.2,123,cofid-2021
cofid,50-1173,"Tomato sauce, homemade",en,,Recipe WCN,100,g,8.6,2.2,5.5,89,cofid-2021
cofid,50-494,"Oxtail, meat only, stewed, weighed with fat and bones",en,,Calculated from oxtail stewed MG,100,g,0,11.6,5.1,92,cofid-2021
cofid,50-502,"Tripe, dressed, stewed in milk",en,,18 samples; lime treated before purchase MG,100,g,0,14.8,4.5,100,cofid-2021
cofid,50-629,"Trout, brown, steamed",en,,Flesh only JC,100,g,0,23.5,4.5,135,cofid-2021
cofid,50-630,"Trout, brown, steamed, weighed with bones",en,,Calculated from steamed 50-629 JC,100,g,0,15.5,3,89,cofid-2021
cofid,50-681,"Potato chips, straight cut, frozen, fried in blended oil",en,,Calculation from fried in corn oil 13-025 DAP,100,g,36,4.1,13.5,273,cofid-2021
cofid,50-683,"Potato chips, straight cut, frozen, fried in dripping",en,,Calculation from fried in corn oil 13-025 DAP,100,g,36,4.1,13.5,273,cofid-2021
cofid,50-684,"Potato chips, fine cut, frozen, fried in blended vegetable oil",en,,Calculation from fried in corn oil 13-026 DAP,100,g,41.2,4.5,21.3,364,cofid-2021
cofid,50-686,"Potato chips, fine cut, frozen, fried in dripping",en,,Calculation from fried in corn oil 13-026 DAP,100,g,41.2,4.5,21.3,364,cofid-2021
